Hospital ID,Hospital Name,Hospital Type,Street,City,State,Postal Code,Latitude,Longitude,Phone,Email,Website,Accepted Insurance,Service Description,Service Code,Setting,Standard Charge,Insurance,Plan Name,Negotiated Amount,Comments
hospital1,General Hospital,Medical Center,5539 Main St,Philadelphia,PA,19103,39.9526,-75.1652,(555) 291-7155,info@hospital1.example.com,https://www.hospital1.example.com,"Highmark, Amerihealth, Aetna, Humana, United Healthcare",ABDOMINAL CT SCAN,74150,INPATIENT,404.32,Amerihealth,Amerihealth Medicaid HC,287.13,Save $117.19 with Amerihealth Amerihealth Medicaid HC plan.
hospital1,General Hospital,Medical Center,5539 Main St,Philadelphia,PA,19103,39.9526,-75.1652,(555) 291-7155,info@hospital1.example.com,https://www.hospital1.example.com,"Highmark, Amerihealth, Aetna, Humana, United Healthcare",ABDOMINAL CT SCAN,74150,OUTPATIENT,404.32,Amerihealth,Amerihealth Medicaid HC,287.13,Save $117.19 with Amerihealth Amerihealth Medicaid HC plan.
hospital1,General Hospital,Medical Center,5539 Main St,Philadelphia,PA,19103,39.9526,-75.1652,(555) 291-7155,info@hospital1.example.com,https://www.hospital1.example.com,"Highmark, Amerihealth, Aetna, Humana, United Healthcare",ABDOMINAL CT SCAN,74150,INPATIENT,404.32,United Healthcare,United Healthcare Medicaid,363.28,Save $41.04 with United Healthcare United Healthcare Medicaid plan.
hospital1,General Hospital,Medical Center,5539 Main St,Philadelphia,PA,19103,39.9526,-75.1652,(555) 291-7155,info@hospital1.example.com,https://www.hospital1.example.com,"Highmark, Amerihealth, Aetna, Humana, United Healthcare",ABDOMINAL CT SCAN,74150,OUTPATIENT,404.32,United Healthcare,United Healthcare Medicaid,363.28,Save $41.04 with United Healthcare United Healthcare Medicaid plan.
hospital1,General Hospital,Medical Center,5539 Main St,Philadelphia,PA,19103,39.9526,-75.1652,(555) 291-7155,info@hospital1.example.com,https://www.hospital1.example.com,"Highmark, Amerihealth, Aetna, Humana, United Healthcare",ACETYLCYSTEINE NON-COMP UNIT,J7608,OUTPATIENT,1128.88,United Healthcare,United Healthcare Commercial,760.39,Save $368.49 with United Healthcare United Healthcare Commercial plan.
hospital1,General Hospital,Medical Center,5539 Main St,Philadelphia,PA,19103,39.9526,-75.1652,(555) 291-7155,info@hospital1.example.com,https://www.hospital1.example.com,"Highmark, Amerihealth, Aetna, Humana, United Healthcare",ACETYLCYSTEINE NON-COMP UNIT,J7608,INPATIENT,1128.88,United Healthcare,United Healthcare Commercial,760.39,Save $368.49 with United Healthcare United Healthcare Commercial plan.
hospital1,General Hospital,Medical Center,5539 Main St,Philadelphia,PA,19103,39.9526,-75.1652,(555) 291-7155,info@hospital1.example.com,https://www.hospital1.example.com,"Highmark, Amerihealth, Aetna, Humana, United Healthcare",ACETYLCYSTEINE NON-COMP UNIT,J7608,OUTPATIENT,1128.88,United Healthcare,United Healthcare Medicaid,884.24,Save $244.64 with United Healthcare United Healthcare Medicaid plan.
hospital1,General Hospital,Medical Center,5539 Main St,Philadelphia,PA,19103,39.9526,-75.1652,(555) 291-7155,info@hospital1.example.com,https://www.hospital1.example.com,"Highmark, Amerihealth, Aetna, Humana, United Healthcare",ACETYLCYSTEINE NON-COMP UNIT,J7608,INPATIENT,1128.88,United Healthcare,United Healthcare Medicaid,884.24,Save $244.64 with United Healthcare United Healthcare Medicaid plan.
hospital1,General Hospital,Medical Center,5539 Main St,Philadelphia,PA,19103,39.9526,-75.1652,(555) 291-7155,info@hospital1.example.com,https://www.hospital1.example.com,"Highmark, Amerihealth, Aetna, Humana, United Healthcare",ACETYLCYSTEINE NON-COMP UNIT,J7608,OUTPATIENT,1128.88,United Healthcare,United Healthcare CHIP,855.7,Save $273.18 with United Healthcare United Healthcare CHIP plan.
hospital1,General Hospital,Medical Center,5539 Main St,Philadelphia,PA,19103,39.9526,-75.1652,(555) 291-7155,info@hospital1.example.com,https://www.hospital1.example.com,"Highmark, Amerihealth, Aetna, Humana, United Healthcare",ACETYLCYSTEINE NON-COMP UNIT,J7608,INPATIENT,1128.88,United Healthcare,United Healthcare CHIP,855.7,Save $273.18 with United Healthcare United Healthcare CHIP plan.
hospital1,General Hospital,Medical Center,5539 Main St,Philadelphia,PA,19103,39.9526,-75.1652,(555) 291-7155,info@hospital1.example.com,https://www.hospital1.example.com,"Highmark, Amerihealth, Aetna, Humana, United Healthcare",COMPLETE BLOOD COUNT,85025,INPATIENT,819.52,Amerihealth,Amerihealth Medicaid HC,696.47,Save $123.05 with Amerihealth Amerihealth Medicaid HC plan.
hospital1,General Hospital,Medical Center,5539 Main St,Philadelphia,PA,19103,39.9526,-75.1652,(555) 291-7155,info@hospital1.example.com,https://www.hospital1.example.com,"Highmark, Amerihealth, Aetna, Humana, United Healthcare",COMPLETE BLOOD COUNT,85025,OUTPATIENT,819.52,Amerihealth,Amerihealth Medicaid HC,696.47,Save $123.05 with Amerihealth Amerihealth Medicaid HC plan.
hospital1,General Hospital,Medical Center,5539 Main St,Philadelphia,PA,19103,39.9526,-75.1652,(555) 291-7155,info@hospital1.example.com,https://www.hospital1.example.com,"Highmark, Amerihealth, Aetna, Humana, United Healthcare",COMPLETE BLOOD COUNT,85025,INPATIENT,819.52,Amerihealth,Amerihealth Commercial,510.3,Save $309.22 with Amerihealth Amerihealth Commercial plan.
hospital1,General Hospital,Medical Center,5539 Main St,Philadelphia,PA,19103,39.9526,-75.1652,(555) 291-7155,info@hospital1.example.com,https://www.hospital1.example.com,"Highmark, Amerihealth, Aetna, Humana, United Healthcare",COMPLETE BLOOD COUNT,85025,OUTPATIENT,819.52,Amerihealth,Amerihealth Commercial,510.3,Save $309.22 with Amerihealth Amerihealth Commercial plan.
hospital1,General Hospital,Medical Center,5539 Main St,Philadelphia,PA,19103,39.9526,-75.1652,(555) 291-7155,info@hospital1.example.com,https://www.hospital1.example.com,"Highmark, Amerihealth, Aetna, Humana, United Healthcare",2D ECHO,93306,OUTPATIENT,593.8,United Healthcare,United Healthcare Medicaid,529.79,Save $64.01 with United Healthcare United Healthcare Medicaid plan.
hospital1,General Hospital,Medical Center,5539 Main St,Philadelphia,PA,19103,39.9526,-75.1652,(555) 291-7155,info@hospital1.example.com,https://www.hospital1.example.com,"Highmark, Amerihealth, Aetna, Humana, United Healthcare",2D ECHO,93306,OUTPATIENT,593.8,United Healthcare,United Healthcare CHIP,493.07,Save $100.73 with United Healthcare United Healthcare CHIP plan.
hospital1,General Hospital,Medical Center,5539 Main St,Philadelphia,PA,19103,39.9526,-75.1652,(555) 291-7155,info@hospital1.example.com,https://www.hospital1.example.com,"Highmark, Amerihealth, Aetna, Humana, United Healthcare",2D ECHO,93306,OUTPATIENT,593.8,Humana,Humana Medicare HMO,513.46,Save $80.34 with Humana Humana Medicare HMO plan.
hospital1,General Hospital,Medical Center,5539 Main St,Philadelphia,PA,19103,39.9526,-75.1652,(555) 291-7155,info@hospital1.example.com,https://www.hospital1.example.com,"Highmark, Amerihealth, Aetna, Humana, United Healthcare",2D ECHO,93306,OUTPATIENT,593.8,Humana,Humana Medicare PPO,418.87,Save $174.93 with Humana Humana Medicare PPO plan.
hospital1,General Hospital,Medical Center,5539 Main St,Philadelphia,PA,19103,39.9526,-75.1652,(555) 291-7155,info@hospital1.example.com,https://www.hospital1.example.com,"Highmark, Amerihealth, Aetna, Humana, United Healthcare",2D ECHO,93306,OUTPATIENT,593.8,Humana,Humana Commercial,424.41,Save $169.39 with Humana Humana Commercial plan.
hospital1,General Hospital,Medical Center,5539 Main St,Philadelphia,PA,19103,39.9526,-75.1652,(555) 291-7155,info@hospital1.example.com,https://www.hospital1.example.com,"Highmark, Amerihealth, Aetna, Humana, United Healthcare",BASIC METABOLIC PANEL,80048,INPATIENT,1590.06,,,,"Only standard charge, no insurance pricing available."
hospital1,General Hospital,Medical Center,5539 Main St,Philadelphia,PA,19103,39.9526,-75.1652,(555) 291-7155,info@hospital1.example.com,https://www.hospital1.example.com,"Highmark, Amerihealth, Aetna, Humana, United Healthcare",BASIC METABOLIC PANEL,80048,OUTPATIENT,1590.06,,,,"Only standard charge, no insurance pricing available."
hospital1,General Hospital,Medical Center,5539 Main St,Philadelphia,PA,19103,39.9526,-75.1652,(555) 291-7155,info@hospital1.example.com,https://www.hospital1.example.com,"Highmark, Amerihealth, Aetna, Humana, United Healthcare",CHEST X-RAY,71045,INPATIENT,1976.11,Amerihealth,Amerihealth Medicaid HC,1752.32,Save $223.79 with Amerihealth Amerihealth Medicaid HC plan.
hospital1,General Hospital,Medical Center,5539 Main St,Philadelphia,PA,19103,39.9526,-75.1652,(555) 291-7155,info@hospital1.example.com,https://www.hospital1.example.com,"Highmark, Amerihealth, Aetna, Humana, United Healthcare",CHEST X-RAY,71045,OUTPATIENT,1976.11,Amerihealth,Amerihealth Medicaid HC,1752.32,Save $223.79 with Amerihealth Amerihealth Medicaid HC plan.
hospital1,General Hospital,Medical Center,5539 Main St,Philadelphia,PA,19103,39.9526,-75.1652,(555) 291-7155,info@hospital1.example.com,https://www.hospital1.example.com,"Highmark, Amerihealth, Aetna, Humana, United Healthcare",CHEST X-RAY,71045,INPATIENT,1976.11,Highmark,Highmark ACA Products PROF,1472.8,Save $503.31 with Highmark Highmark ACA Products PROF plan.
hospital1,General Hospital,Medical Center,5539 Main St,Philadelphia,PA,19103,39.9526,-75.1652,(555) 291-7155,info@hospital1.example.com,https://www.hospital1.example.com,"Highmark, Amerihealth, Aetna, Humana, United Healthcare",CHEST X-RAY,71045,OUTPATIENT,1976.11,Highmark,Highmark ACA Products PROF,1472.8,Save $503.31 with Highmark Highmark ACA Products PROF plan.
hospital1,General Hospital,Medical Center,5539 Main St,Philadelphia,PA,19103,39.9526,-75.1652,(555) 291-7155,info@hospital1.example.com,https://www.hospital1.example.com,"Highmark, Amerihealth, Aetna, Humana, United Healthcare",TRILOCK GRIDPL,C1713,INPATIENT,1728.01,United Healthcare,United Healthcare Commercial,1630.79,Save $97.22 with United Healthcare United Healthcare Commercial plan.
hospital1,General Hospital,Medical Center,5539 Main St,Philadelphia,PA,19103,39.9526,-75.1652,(555) 291-7155,info@hospital1.example.com,https://www.hospital1.example.com,"Highmark, Amerihealth, Aetna, Humana, United Healthcare",TRILOCK GRIDPL,C1713,OUTPATIENT,1728.01,United Healthcare,United Healthcare Commercial,1630.79,Save $97.22 with United Healthcare United Healthcare Commercial plan.
hospital1,General Hospital,Medical Center,5539 Main St,Philadelphia,PA,19103,39.9526,-75.1652,(555) 291-7155,info@hospital1.example.com,https://www.hospital1.example.com,"Highmark, Amerihealth, Aetna, Humana, United Healthcare",TRILOCK GRIDPL,C1713,INPATIENT,1728.01,United Healthcare,United Healthcare Medicaid,1542.53,Save $185.48 with United Healthcare United Healthcare Medicaid plan.
hospital1,General Hospital,Medical Center,5539 Main St,Philadelphia,PA,19103,39.9526,-75.1652,(555) 291-7155,info@hospital1.example.com,https://www.hospital1.example.com,"Highmark, Amerihealth, Aetna, Humana, United Healthcare",TRILOCK GRIDPL,C1713,OUTPATIENT,1728.01,United Healthcare,United Healthcare Medicaid,1542.53,Save $185.48 with United Healthcare United Healthcare Medicaid plan.
hospital1,General Hospital,Medical Center,5539 Main St,Philadelphia,PA,19103,39.9526,-75.1652,(555) 291-7155,info@hospital1.example.com,https://www.hospital1.example.com,"Highmark, Amerihealth, Aetna, Humana, United Healthcare",TRILOCK GRIDPL,C1713,INPATIENT,1728.01,Humana,Humana Commercial,1082.95,Save $645.06 with Humana Humana Commercial plan.
hospital1,General Hospital,Medical Center,5539 Main St,Philadelphia,PA,19103,39.9526,-75.1652,(555) 291-7155,info@hospital1.example.com,https://www.hospital1.example.com,"Highmark, Amerihealth, Aetna, Humana, United Healthcare",TRILOCK GRIDPL,C1713,OUTPATIENT,1728.01,Humana,Humana Commercial,1082.95,Save $645.06 with Humana Humana Commercial plan.
hospital1,General Hospital,Medical Center,5539 Main St,Philadelphia,PA,19103,39.9526,-75.1652,(555) 291-7155,info@hospital1.example.com,https://www.hospital1.example.com,"Highmark, Amerihealth, Aetna, Humana, United Healthcare",TRILOCK GRIDPL,C1713,INPATIENT,1728.01,Humana,Humana Medicare HMO,1306.94,Save $421.07 with Humana Humana Medicare HMO plan.
hospital1,General Hospital,Medical Center,5539 Main St,Philadelphia,PA,19103,39.9526,-75.1652,(555) 291-7155,info@hospital1.example.com,https://www.hospital1.example.com,"Highmark, Amerihealth, Aetna, Humana, United Healthcare",TRILOCK GRIDPL,C1713,OUTPATIENT,1728.01,Humana,Humana Medicare HMO,1306.94,Save $421.07 with Humana Humana Medicare HMO plan.
hospital1,General Hospital,Medical Center,5539 Main St,Philadelphia,PA,19103,39.9526,-75.1652,(555) 291-7155,info@hospital1.example.com,https://www.hospital1.example.com,"Highmark, Amerihealth, Aetna, Humana, United Healthcare",TRILOCK SCAPHOID PLATE,C1713,INPATIENT,1616.43,Humana,Humana Medicare PPO,1481.02,Save $135.41 with Humana Humana Medicare PPO plan.
hospital1,General Hospital,Medical Center,5539 Main St,Philadelphia,PA,19103,39.9526,-75.1652,(555) 291-7155,info@hospital1.example.com,https://www.hospital1.example.com,"Highmark, Amerihealth, Aetna, Humana, United Healthcare",TRILOCK SCAPHOID PLATE,C1713,OUTPATIENT,1616.43,Humana,Humana Medicare PPO,1481.02,Save $135.41 with Humana Humana Medicare PPO plan.
hospital1,General Hospital,Medical Center,5539 Main St,Philadelphia,PA,19103,39.9526,-75.1652,(555) 291-7155,info@hospital1.example.com,https://www.hospital1.example.com,"Highmark, Amerihealth, Aetna, Humana, United Healthcare",TRILOCK SCAPHOID PLATE,C1713,INPATIENT,1616.43,Aetna,Aetna Medicare,1166.9,Save $449.53 with Aetna Aetna Medicare plan.
hospital1,General Hospital,Medical Center,5539 Main St,Philadelphia,PA,19103,39.9526,-75.1652,(555) 291-7155,info@hospital1.example.com,https://www.hospital1.example.com,"Highmark, Amerihealth, Aetna, Humana, United Healthcare",TRILOCK SCAPHOID PLATE,C1713,OUTPATIENT,1616.43,Aetna,Aetna Medicare,1166.9,Save $449.53 with Aetna Aetna Medicare plan.
hospital1,General Hospital,Medical Center,5539 Main St,Philadelphia,PA,19103,39.9526,-75.1652,(555) 291-7155,info@hospital1.example.com,https://www.hospital1.example.com,"Highmark, Amerihealth, Aetna, Humana, United Healthcare",TRILOCK SCAPHOID PLATE,C1713,INPATIENT,1616.43,Aetna,Aetna Medicaid CHIP,1348.6,Save $267.83 with Aetna Aetna Medicaid CHIP plan.
hospital1,General Hospital,Medical Center,5539 Main St,Philadelphia,PA,19103,39.9526,-75.1652,(555) 291-7155,info@hospital1.example.com,https://www.hospital1.example.com,"Highmark, Amerihealth, Aetna, Humana, United Healthcare",TRILOCK SCAPHOID PLATE,C1713,OUTPATIENT,1616.43,Aetna,Aetna Medicaid CHIP,1348.6,Save $267.83 with Aetna Aetna Medicaid CHIP plan.
hospital1,General Hospital,Medical Center,5539 Main St,Philadelphia,PA,19103,39.9526,-75.1652,(555) 291-7155,info@hospital1.example.com,https://www.hospital1.example.com,"Highmark, Amerihealth, Aetna, Humana, United Healthcare",1 CC STERILE SYRINGE&NEEDLE,A4206,INPATIENT,466.03,Aetna,Aetna Medicare,242.91,Save $223.12 with Aetna Aetna Medicare plan.
hospital1,General Hospital,Medical Center,5539 Main St,Philadelphia,PA,19103,39.9526,-75.1652,(555) 291-7155,info@hospital1.example.com,https://www.hospital1.example.com,"Highmark, Amerihealth, Aetna, Humana, United Healthcare",1 CC STERILE SYRINGE&NEEDLE,A4206,OUTPATIENT,466.03,Aetna,Aetna Medicare,242.91,Save $223.12 with Aetna Aetna Medicare plan.
hospital1,General Hospital,Medical Center,5539 Main St,Philadelphia,PA,19103,39.9526,-75.1652,(555) 291-7155,info@hospital1.example.com,https://www.hospital1.example.com,"Highmark, Amerihealth, Aetna, Humana, United Healthcare",1 CC STERILE SYRINGE&NEEDLE,A4206,INPATIENT,466.03,Aetna,Aetna Medicaid CHIP,238.56,Save $227.47 with Aetna Aetna Medicaid CHIP plan.
hospital1,General Hospital,Medical Center,5539 Main St,Philadelphia,PA,19103,39.9526,-75.1652,(555) 291-7155,info@hospital1.example.com,https://www.hospital1.example.com,"Highmark, Amerihealth, Aetna, Humana, United Healthcare",1 CC STERILE SYRINGE&NEEDLE,A4206,OUTPATIENT,466.03,Aetna,Aetna Medicaid CHIP,238.56,Save $227.47 with Aetna Aetna Medicaid CHIP plan.
hospital1,General Hospital,Medical Center,5539 Main St,Philadelphia,PA,19103,39.9526,-75.1652,(555) 291-7155,info@hospital1.example.com,https://www.hospital1.example.com,"Highmark, Amerihealth, Aetna, Humana, United Healthcare",1 CC STERILE SYRINGE&NEEDLE,A4206,INPATIENT,466.03,Aetna,Aetna Commercial,318.63,Save $147.4 with Aetna Aetna Commercial plan.
hospital1,General Hospital,Medical Center,5539 Main St,Philadelphia,PA,19103,39.9526,-75.1652,(555) 291-7155,info@hospital1.example.com,https://www.hospital1.example.com,"Highmark, Amerihealth, Aetna, Humana, United Healthcare",1 CC STERILE SYRINGE&NEEDLE,A4206,OUTPATIENT,466.03,Aetna,Aetna Commercial,318.63,Save $147.4 with Aetna Aetna Commercial plan.
hospital1,General Hospital,Medical Center,5539 Main St,Philadelphia,PA,19103,39.9526,-75.1652,(555) 291-7155,info@hospital1.example.com,https://www.hospital1.example.com,"Highmark, Amerihealth, Aetna, Humana, United Healthcare",1 CC STERILE SYRINGE&NEEDLE,A4206,INPATIENT,466.03,Amerihealth,Amerihealth Commercial,268.73,Save $197.3 with Amerihealth Amerihealth Commercial plan.
hospital1,General Hospital,Medical Center,5539 Main St,Philadelphia,PA,19103,39.9526,-75.1652,(555) 291-7155,info@hospital1.example.com,https://www.hospital1.example.com,"Highmark, Amerihealth, Aetna, Humana, United Healthcare",1 CC STERILE SYRINGE&NEEDLE,A4206,OUTPATIENT,466.03,Amerihealth,Amerihealth Commercial,268.73,Save $197.3 with Amerihealth Amerihealth Commercial plan.
hospital1,General Hospital,Medical Center,5539 Main St,Philadelphia,PA,19103,39.9526,-75.1652,(555) 291-7155,info@hospital1.example.com,https://www.hospital1.example.com,"Highmark, Amerihealth, Aetna, Humana, United Healthcare",1 CC STERILE SYRINGE&NEEDLE,A4206,INPATIENT,466.03,Amerihealth,Amerihealth Medicare,368.18,Save $97.85 with Amerihealth Amerihealth Medicare plan.
hospital1,General Hospital,Medical Center,5539 Main St,Philadelphia,PA,19103,39.9526,-75.1652,(555) 291-7155,info@hospital1.example.com,https://www.hospital1.example.com,"Highmark, Amerihealth, Aetna, Humana, United Healthcare",1 CC STERILE SYRINGE&NEEDLE,A4206,OUTPATIENT,466.03,Amerihealth,Amerihealth Medicare,368.18,Save $97.85 with Amerihealth Amerihealth Medicare plan.
hospital1,General Hospital,Medical Center,5539 Main St,Philadelphia,PA,19103,39.9526,-75.1652,(555) 291-7155,info@hospital1.example.com,https://www.hospital1.example.com,"Highmark, Amerihealth, Aetna, Humana, United Healthcare",1 CC STERILE SYRINGE&NEEDLE,A4206,INPATIENT,466.03,Humana,Humana Commercial,308.33,Save $157.7 with Humana Humana Commercial plan.
hospital1,General Hospital,Medical Center,5539 Main St,Philadelphia,PA,19103,39.9526,-75.1652,(555) 291-7155,info@hospital1.example.com,https://www.hospital1.example.com,"Highmark, Amerihealth, Aetna, Humana, United Healthcare",1 CC STERILE SYRINGE&NEEDLE,A4206,OUTPATIENT,466.03,Humana,Humana Commercial,308.33,Save $157.7 with Humana Humana Commercial plan.
hospital1,General Hospital,Medical Center,5539 Main St,Philadelphia,PA,19103,39.9526,-75.1652,(555) 291-7155,info@hospital1.example.com,https://www.hospital1.example.com,"Highmark, Amerihealth, Aetna, Humana, United Healthcare",1 CC STERILE SYRINGE&NEEDLE,A4206,INPATIENT,466.03,Humana,Humana Medicare PPO,355.84,Save $110.19 with Humana Humana Medicare PPO plan.
hospital1,General Hospital,Medical Center,5539 Main St,Philadelphia,PA,19103,39.9526,-75.1652,(555) 291-7155,info@hospital1.example.com,https://www.hospital1.example.com,"Highmark, Amerihealth, Aetna, Humana, United Healthcare",1 CC STERILE SYRINGE&NEEDLE,A4206,OUTPATIENT,466.03,Humana,Humana Medicare PPO,355.84,Save $110.19 with Humana Humana Medicare PPO plan.
hospital1,General Hospital,Medical Center,5539 Main St,Philadelphia,PA,19103,39.9526,-75.1652,(555) 291-7155,info@hospital1.example.com,https://www.hospital1.example.com,"Highmark, Amerihealth, Aetna, Humana, United Healthcare",CHG MRI BRAIN,70551,OUTPATIENT,1851.13,,,,"Only standard charge, no insurance pricing available."
hospital1,General Hospital,Medical Center,5539 Main St,Philadelphia,PA,19103,39.9526,-75.1652,(555) 291-7155,info@hospital1.example.com,https://www.hospital1.example.com,"Highmark, Amerihealth, Aetna, Humana, United Healthcare",1 CC STERILE SYRINGE&NEEDLE,A4206,INPATIENT,1553.57,,,,"Only standard charge, no insurance pricing available."
hospital1,General Hospital,Medical Center,5539 Main St,Philadelphia,PA,19103,39.9526,-75.1652,(555) 291-7155,info@hospital1.example.com,https://www.hospital1.example.com,"Highmark, Amerihealth, Aetna, Humana, United Healthcare",1 CC STERILE SYRINGE&NEEDLE,A4206,OUTPATIENT,1553.57,,,,"Only standard charge, no insurance pricing available."
hospital1,General Hospital,Medical Center,5539 Main St,Philadelphia,PA,19103,39.9526,-75.1652,(555) 291-7155,info@hospital1.example.com,https://www.hospital1.example.com,"Highmark, Amerihealth, Aetna, Humana, United Healthcare",TRILOCK GRIDPL,C1713,INPATIENT,1903.77,Aetna,Aetna Medicare,1495.61,Save $408.16 with Aetna Aetna Medicare plan.
hospital1,General Hospital,Medical Center,5539 Main St,Philadelphia,PA,19103,39.9526,-75.1652,(555) 291-7155,info@hospital1.example.com,https://www.hospital1.example.com,"Highmark, Amerihealth, Aetna, Humana, United Healthcare",TRILOCK GRIDPL,C1713,OUTPATIENT,1903.77,Aetna,Aetna Medicare,1495.61,Save $408.16 with Aetna Aetna Medicare plan.
hospital1,General Hospital,Medical Center,5539 Main St,Philadelphia,PA,19103,39.9526,-75.1652,(555) 291-7155,info@hospital1.example.com,https://www.hospital1.example.com,"Highmark, Amerihealth, Aetna, Humana, United Healthcare",TRILOCK GRIDPL,C1713,INPATIENT,1903.77,Aetna,Aetna Medicaid CHIP,1109.98,Save $793.79 with Aetna Aetna Medicaid CHIP plan.
hospital1,General Hospital,Medical Center,5539 Main St,Philadelphia,PA,19103,39.9526,-75.1652,(555) 291-7155,info@hospital1.example.com,https://www.hospital1.example.com,"Highmark, Amerihealth, Aetna, Humana, United Healthcare",TRILOCK GRIDPL,C1713,OUTPATIENT,1903.77,Aetna,Aetna Medicaid CHIP,1109.98,Save $793.79 with Aetna Aetna Medicaid CHIP plan.
hospital1,General Hospital,Medical Center,5539 Main St,Philadelphia,PA,19103,39.9526,-75.1652,(555) 291-7155,info@hospital1.example.com,https://www.hospital1.example.com,"Highmark, Amerihealth, Aetna, Humana, United Healthcare",TRILOCK GRIDPL,C1713,INPATIENT,1903.77,Highmark,Highmark ACA Products PROF,1320.72,Save $583.05 with Highmark Highmark ACA Products PROF plan.
hospital1,General Hospital,Medical Center,5539 Main St,Philadelphia,PA,19103,39.9526,-75.1652,(555) 291-7155,info@hospital1.example.com,https://www.hospital1.example.com,"Highmark, Amerihealth, Aetna, Humana, United Healthcare",TRILOCK GRIDPL,C1713,OUTPATIENT,1903.77,Highmark,Highmark ACA Products PROF,1320.72,Save $583.05 with Highmark Highmark ACA Products PROF plan.
hospital1,General Hospital,Medical Center,5539 Main St,Philadelphia,PA,19103,39.9526,-75.1652,(555) 291-7155,info@hospital1.example.com,https://www.hospital1.example.com,"Highmark, Amerihealth, Aetna, Humana, United Healthcare",TRILOCK GRIDPL,C1713,INPATIENT,1903.77,Highmark,Highmark Medicare,1200.45,Save $703.32 with Highmark Highmark Medicare plan.
hospital1,General Hospital,Medical Center,5539 Main St,Philadelphia,PA,19103,39.9526,-75.1652,(555) 291-7155,info@hospital1.example.com,https://www.hospital1.example.com,"Highmark, Amerihealth, Aetna, Humana, United Healthcare",TRILOCK GRIDPL,C1713,OUTPATIENT,1903.77,Highmark,Highmark Medicare,1200.45,Save $703.32 with Highmark Highmark Medicare plan.
hospital1,General Hospital,Medical Center,5539 Main St,Philadelphia,PA,19103,39.9526,-75.1652,(555) 291-7155,info@hospital1.example.com,https://www.hospital1.example.com,"Highmark, Amerihealth, Aetna, Humana, United Healthcare",TRILOCK GRIDPL,C1713,INPATIENT,1903.77,Highmark,Highmark Commercial PROF,1789.19,Save $114.58 with Highmark Highmark Commercial PROF plan.
hospital1,General Hospital,Medical Center,5539 Main St,Philadelphia,PA,19103,39.9526,-75.1652,(555) 291-7155,info@hospital1.example.com,https://www.hospital1.example.com,"Highmark, Amerihealth, Aetna, Humana, United Healthcare",TRILOCK GRIDPL,C1713,OUTPATIENT,1903.77,Highmark,Highmark Commercial PROF,1789.19,Save $114.58 with Highmark Highmark Commercial PROF plan.
hospital1,General Hospital,Medical Center,5539 Main St,Philadelphia,PA,19103,39.9526,-75.1652,(555) 291-7155,info@hospital1.example.com,https://www.hospital1.example.com,"Highmark, Amerihealth, Aetna, Humana, United Healthcare",TRILOCK GRIDPL,C1713,INPATIENT,1903.77,Humana,Humana Commercial,1489.11,Save $414.66 with Humana Humana Commercial plan.
hospital1,General Hospital,Medical Center,5539 Main St,Philadelphia,PA,19103,39.9526,-75.1652,(555) 291-7155,info@hospital1.example.com,https://www.hospital1.example.com,"Highmark, Amerihealth, Aetna, Humana, United Healthcare",TRILOCK GRIDPL,C1713,OUTPATIENT,1903.77,Humana,Humana Commercial,1489.11,Save $414.66 with Humana Humana Commercial plan.
hospital1,General Hospital,Medical Center,5539 Main St,Philadelphia,PA,19103,39.9526,-75.1652,(555) 291-7155,info@hospital1.example.com,https://www.hospital1.example.com,"Highmark, Amerihealth, Aetna, Humana, United Healthcare",TRILOCK GRIDPL,C1713,INPATIENT,1903.77,Humana,Humana Medicare HMO,1610.35,Save $293.42 with Humana Humana Medicare HMO plan.
hospital1,General Hospital,Medical Center,5539 Main St,Philadelphia,PA,19103,39.9526,-75.1652,(555) 291-7155,info@hospital1.example.com,https://www.hospital1.example.com,"Highmark, Amerihealth, Aetna, Humana, United Healthcare",TRILOCK GRIDPL,C1713,OUTPATIENT,1903.77,Humana,Humana Medicare HMO,1610.35,Save $293.42 with Humana Humana Medicare HMO plan.
hospital1,General Hospital,Medical Center,5539 Main St,Philadelphia,PA,19103,39.9526,-75.1652,(555) 291-7155,info@hospital1.example.com,https://www.hospital1.example.com,"Highmark, Amerihealth, Aetna, Humana, United Healthcare",ABDOMINAL CT SCAN,74150,INPATIENT,1175.82,Aetna,Aetna Commercial,892.92,Save $282.9 with Aetna Aetna Commercial plan.
hospital1,General Hospital,Medical Center,5539 Main St,Philadelphia,PA,19103,39.9526,-75.1652,(555) 291-7155,info@hospital1.example.com,https://www.hospital1.example.com,"Highmark, Amerihealth, Aetna, Humana, United Healthcare",ABDOMINAL CT SCAN,74150,OUTPATIENT,1175.82,Aetna,Aetna Commercial,892.92,Save $282.9 with Aetna Aetna Commercial plan.
hospital1,General Hospital,Medical Center,5539 Main St,Philadelphia,PA,19103,39.9526,-75.1652,(555) 291-7155,info@hospital1.example.com,https://www.hospital1.example.com,"Highmark, Amerihealth, Aetna, Humana, United Healthcare",ABDOMINAL CT SCAN,74150,INPATIENT,1175.82,Aetna,Aetna Medicare,1104.28,Save $71.54 with Aetna Aetna Medicare plan.
hospital1,General Hospital,Medical Center,5539 Main St,Philadelphia,PA,19103,39.9526,-75.1652,(555) 291-7155,info@hospital1.example.com,https://www.hospital1.example.com,"Highmark, Amerihealth, Aetna, Humana, United Healthcare",ABDOMINAL CT SCAN,74150,OUTPATIENT,1175.82,Aetna,Aetna Medicare,1104.28,Save $71.54 with Aetna Aetna Medicare plan.
hospital1,General Hospital,Medical Center,5539 Main St,Philadelphia,PA,19103,39.9526,-75.1652,(555) 291-7155,info@hospital1.example.com,https://www.hospital1.example.com,"Highmark, Amerihealth, Aetna, Humana, United Healthcare",ABDOMINAL CT SCAN,74150,INPATIENT,1175.82,Aetna,Aetna Medicaid CHIP,905.2,Save $270.62 with Aetna Aetna Medicaid CHIP plan.
hospital1,General Hospital,Medical Center,5539 Main St,Philadelphia,PA,19103,39.9526,-75.1652,(555) 291-7155,info@hospital1.example.com,https://www.hospital1.example.com,"Highmark, Amerihealth, Aetna, Humana, United Healthcare",ABDOMINAL CT SCAN,74150,OUTPATIENT,1175.82,Aetna,Aetna Medicaid CHIP,905.2,Save $270.62 with Aetna Aetna Medicaid CHIP plan.
hospital1,General Hospital,Medical Center,5539 Main St,Philadelphia,PA,19103,39.9526,-75.1652,(555) 291-7155,info@hospital1.example.com,https://www.hospital1.example.com,"Highmark, Amerihealth, Aetna, Humana, United Healthcare",ABDOMINAL CT SCAN,74150,INPATIENT,1175.82,Amerihealth,Amerihealth Medicaid HC,925.86,Save $249.96 with Amerihealth Amerihealth Medicaid HC plan.
hospital1,General Hospital,Medical Center,5539 Main St,Philadelphia,PA,19103,39.9526,-75.1652,(555) 291-7155,info@hospital1.example.com,https://www.hospital1.example.com,"Highmark, Amerihealth, Aetna, Humana, United Healthcare",ABDOMINAL CT SCAN,74150,OUTPATIENT,1175.82,Amerihealth,Amerihealth Medicaid HC,925.86,Save $249.96 with Amerihealth Amerihealth Medicaid HC plan.
hospital1,General Hospital,Medical Center,5539 Main St,Philadelphia,PA,19103,39.9526,-75.1652,(555) 291-7155,info@hospital1.example.com,https://www.hospital1.example.com,"Highmark, Amerihealth, Aetna, Humana, United Healthcare",ABDOMINAL CT SCAN,74150,INPATIENT,1175.82,Highmark,Highmark ACA Products PROF,958.99,Save $216.83 with Highmark Highmark ACA Products PROF plan.
hospital1,General Hospital,Medical Center,5539 Main St,Philadelphia,PA,19103,39.9526,-75.1652,(555) 291-7155,info@hospital1.example.com,https://www.hospital1.example.com,"Highmark, Amerihealth, Aetna, Humana, United Healthcare",ABDOMINAL CT SCAN,74150,OUTPATIENT,1175.82,Highmark,Highmark ACA Products PROF,958.99,Save $216.83 with Highmark Highmark ACA Products PROF plan.
hospital1,General Hospital,Medical Center,5539 Main St,Philadelphia,PA,19103,39.9526,-75.1652,(555) 291-7155,info@hospital1.example.com,https://www.hospital1.example.com,"Highmark, Amerihealth, Aetna, Humana, United Healthcare",TRILOCK GRIDPL,C1713,INPATIENT,424.97,Humana,Humana Medicare HMO,287.02,Save $137.95 with Humana Humana Medicare HMO plan.
hospital1,General Hospital,Medical Center,5539 Main St,Philadelphia,PA,19103,39.9526,-75.1652,(555) 291-7155,info@hospital1.example.com,https://www.hospital1.example.com,"Highmark, Amerihealth, Aetna, Humana, United Healthcare",TRILOCK GRIDPL,C1713,OUTPATIENT,424.97,Humana,Humana Medicare HMO,287.02,Save $137.95 with Humana Humana Medicare HMO plan.
hospital1,General Hospital,Medical Center,5539 Main St,Philadelphia,PA,19103,39.9526,-75.1652,(555) 291-7155,info@hospital1.example.com,https://www.hospital1.example.com,"Highmark, Amerihealth, Aetna, Humana, United Healthcare",TRILOCK GRIDPL,C1713,INPATIENT,424.97,Highmark,Highmark Medicare,268.73,Save $156.24 with Highmark Highmark Medicare plan.
hospital1,General Hospital,Medical Center,5539 Main St,Philadelphia,PA,19103,39.9526,-75.1652,(555) 291-7155,info@hospital1.example.com,https://www.hospital1.example.com,"Highmark, Amerihealth, Aetna, Humana, United Healthcare",TRILOCK GRIDPL,C1713,OUTPATIENT,424.97,Highmark,Highmark Medicare,268.73,Save $156.24 with Highmark Highmark Medicare plan.
hospital1,General Hospital,Medical Center,5539 Main St,Philadelphia,PA,19103,39.9526,-75.1652,(555) 291-7155,info@hospital1.example.com,https://www.hospital1.example.com,"Highmark, Amerihealth, Aetna, Humana, United Healthcare",TRILOCK GRIDPL,C1713,INPATIENT,424.97,Highmark,Highmark ACA Products PROF,318.99,Save $105.98 with Highmark Highmark ACA Products PROF plan.
hospital1,General Hospital,Medical Center,5539 Main St,Philadelphia,PA,19103,39.9526,-75.1652,(555) 291-7155,info@hospital1.example.com,https://www.hospital1.example.com,"Highmark, Amerihealth, Aetna, Humana, United Healthcare",TRILOCK GRIDPL,C1713,OUTPATIENT,424.97,Highmark,Highmark ACA Products PROF,318.99,Save $105.98 with Highmark Highmark ACA Products PROF plan.
hospital1,General Hospital,Medical Center,5539 Main St,Philadelphia,PA,19103,39.9526,-75.1652,(555) 291-7155,info@hospital1.example.com,https://www.hospital1.example.com,"Highmark, Amerihealth, Aetna, Humana, United Healthcare",CHEST X-RAY,71045,INPATIENT,413.58,United Healthcare,United Healthcare Medicaid,347.39,Save $66.19 with United Healthcare United Healthcare Medicaid plan.
hospital1,General Hospital,Medical Center,5539 Main St,Philadelphia,PA,19103,39.9526,-75.1652,(555) 291-7155,info@hospital1.example.com,https://www.hospital1.example.com,"Highmark, Amerihealth, Aetna, Humana, United Healthcare",CHEST X-RAY,71045,OUTPATIENT,413.58,United Healthcare,United Healthcare Medicaid,347.39,Save $66.19 with United Healthcare United Healthcare Medicaid plan.
hospital2,Medical Center,Clinic,959 Main St,Philadelphia,PA,19106,39.9496,-75.1467,(555) 714-8786,info@hospital2.example.com,https://www.hospital2.example.com,"United Healthcare, Amerihealth, Aetna, Humana",TRILOCK SCAPHOID PLATE,C1713,INPATIENT,1648.56,,,,"Only standard charge, no insurance pricing available."
hospital2,Medical Center,Clinic,959 Main St,Philadelphia,PA,19106,39.9496,-75.1467,(555) 714-8786,info@hospital2.example.com,https://www.hospital2.example.com,"United Healthcare, Amerihealth, Aetna, Humana",TRILOCK SCAPHOID PLATE,C1713,OUTPATIENT,1648.56,,,,"Only standard charge, no insurance pricing available."
hospital2,Medical Center,Clinic,959 Main St,Philadelphia,PA,19106,39.9496,-75.1467,(555) 714-8786,info@hospital2.example.com,https://www.hospital2.example.com,"United Healthcare, Amerihealth, Aetna, Humana",TRILOCK GRIDPL,C1713,INPATIENT,1929.89,Humana,Humana Medicare HMO,1640.23,Save $289.66 with Humana Humana Medicare HMO plan.
hospital2,Medical Center,Clinic,959 Main St,Philadelphia,PA,19106,39.9496,-75.1467,(555) 714-8786,info@hospital2.example.com,https://www.hospital2.example.com,"United Healthcare, Amerihealth, Aetna, Humana",TRILOCK GRIDPL,C1713,OUTPATIENT,1929.89,Humana,Humana Medicare HMO,1640.23,Save $289.66 with Humana Humana Medicare HMO plan.
hospital2,Medical Center,Clinic,959 Main St,Philadelphia,PA,19106,39.9496,-75.1467,(555) 714-8786,info@hospital2.example.com,https://www.hospital2.example.com,"United Healthcare, Amerihealth, Aetna, Humana",TRILOCK GRIDPL,C1713,INPATIENT,1929.89,Humana,Humana Medicare PPO,1740.55,Save $189.34 with Humana Humana Medicare PPO plan.
hospital2,Medical Center,Clinic,959 Main St,Philadelphia,PA,19106,39.9496,-75.1467,(555) 714-8786,info@hospital2.example.com,https://www.hospital2.example.com,"United Healthcare, Amerihealth, Aetna, Humana",TRILOCK GRIDPL,C1713,OUTPATIENT,1929.89,Humana,Humana Medicare PPO,1740.55,Save $189.34 with Humana Humana Medicare PPO plan.
hospital2,Medical Center,Clinic,959 Main St,Philadelphia,PA,19106,39.9496,-75.1467,(555) 714-8786,info@hospital2.example.com,https://www.hospital2.example.com,"United Healthcare, Amerihealth, Aetna, Humana",TRILOCK GRIDPL,C1713,INPATIENT,1929.89,Aetna,Aetna Medicaid CHIP,1785.7,Save $144.19 with Aetna Aetna Medicaid CHIP plan.
hospital2,Medical Center,Clinic,959 Main St,Philadelphia,PA,19106,39.9496,-75.1467,(555) 714-8786,info@hospital2.example.com,https://www.hospital2.example.com,"United Healthcare, Amerihealth, Aetna, Humana",TRILOCK GRIDPL,C1713,OUTPATIENT,1929.89,Aetna,Aetna Medicaid CHIP,1785.7,Save $144.19 with Aetna Aetna Medicaid CHIP plan.
hospital2,Medical Center,Clinic,959 Main St,Philadelphia,PA,19106,39.9496,-75.1467,(555) 714-8786,info@hospital2.example.com,https://www.hospital2.example.com,"United Healthcare, Amerihealth, Aetna, Humana",TRILOCK GRIDPL,C1713,INPATIENT,1929.89,Aetna,Aetna Medicare,1747.12,Save $182.77 with Aetna Aetna Medicare plan.
hospital2,Medical Center,Clinic,959 Main St,Philadelphia,PA,19106,39.9496,-75.1467,(555) 714-8786,info@hospital2.example.com,https://www.hospital2.example.com,"United Healthcare, Amerihealth, Aetna, Humana",TRILOCK GRIDPL,C1713,OUTPATIENT,1929.89,Aetna,Aetna Medicare,1747.12,Save $182.77 with Aetna Aetna Medicare plan.
hospital2,Medical Center,Clinic,959 Main St,Philadelphia,PA,19106,39.9496,-75.1467,(555) 714-8786,info@hospital2.example.com,https://www.hospital2.example.com,"United Healthcare, Amerihealth, Aetna, Humana",BASIC METABOLIC PANEL,80048,INPATIENT,448.18,Humana,Humana Medicare HMO,381.44,Save $66.74 with Humana Humana Medicare HMO plan.
hospital2,Medical Center,Clinic,959 Main St,Philadelphia,PA,19106,39.9496,-75.1467,(555) 714-8786,info@hospital2.example.com,https://www.hospital2.example.com,"United Healthcare, Amerihealth, Aetna, Humana",BASIC METABOLIC PANEL,80048,OUTPATIENT,448.18,Humana,Humana Medicare HMO,381.44,Save $66.74 with Humana Humana Medicare HMO plan.
hospital2,Medical Center,Clinic,959 Main St,Philadelphia,PA,19106,39.9496,-75.1467,(555) 714-8786,info@hospital2.example.com,https://www.hospital2.example.com,"United Healthcare, Amerihealth, Aetna, Humana",BASIC METABOLIC PANEL,80048,INPATIENT,448.18,Highmark,Highmark ACA Products PROF,271.08,Save $177.1 with Highmark Highmark ACA Products PROF plan.
hospital2,Medical Center,Clinic,959 Main St,Philadelphia,PA,19106,39.9496,-75.1467,(555) 714-8786,info@hospital2.example.com,https://www.hospital2.example.com,"United Healthcare, Amerihealth, Aetna, Humana",BASIC METABOLIC PANEL,80048,OUTPATIENT,448.18,Highmark,Highmark ACA Products PROF,271.08,Save $177.1 with Highmark Highmark ACA Products PROF plan.
hospital2,Medical Center,Clinic,959 Main St,Philadelphia,PA,19106,39.9496,-75.1467,(555) 714-8786,info@hospital2.example.com,https://www.hospital2.example.com,"United Healthcare, Amerihealth, Aetna, Humana",ACETYLCYSTEINE NON-COMP UNIT,J7608,OUTPATIENT,381.42,Aetna,Aetna Medicare,279.54,Save $101.88 with Aetna Aetna Medicare plan.
hospital2,Medical Center,Clinic,959 Main St,Philadelphia,PA,19106,39.9496,-75.1467,(555) 714-8786,info@hospital2.example.com,https://www.hospital2.example.com,"United Healthcare, Amerihealth, Aetna, Humana",ACETYLCYSTEINE NON-COMP UNIT,J7608,INPATIENT,381.42,Aetna,Aetna Medicare,279.54,Save $101.88 with Aetna Aetna Medicare plan.
hospital2,Medical Center,Clinic,959 Main St,Philadelphia,PA,19106,39.9496,-75.1467,(555) 714-8786,info@hospital2.example.com,https://www.hospital2.example.com,"United Healthcare, Amerihealth, Aetna, Humana",ACETYLCYSTEINE NON-COMP UNIT,J7608,OUTPATIENT,381.42,Aetna,Aetna Medicaid CHIP,342.14,Save $39.28 with Aetna Aetna Medicaid CHIP plan.
hospital2,Medical Center,Clinic,959 Main St,Philadelphia,PA,19106,39.9496,-75.1467,(555) 714-8786,info@hospital2.example.com,https://www.hospital2.example.com,"United Healthcare, Amerihealth, Aetna, Humana",ACETYLCYSTEINE NON-COMP UNIT,J7608,INPATIENT,381.42,Aetna,Aetna Medicaid CHIP,342.14,Save $39.28 with Aetna Aetna Medicaid CHIP plan.
hospital2,Medical Center,Clinic,959 Main St,Philadelphia,PA,19106,39.9496,-75.1467,(555) 714-8786,info@hospital2.example.com,https://www.hospital2.example.com,"United Healthcare, Amerihealth, Aetna, Humana",1 CC STERILE SYRINGE&NEEDLE,A4206,INPATIENT,468.81,Aetna,Aetna Commercial,247.42,Save $221.39 with Aetna Aetna Commercial plan.
hospital2,Medical Center,Clinic,959 Main St,Philadelphia,PA,19106,39.9496,-75.1467,(555) 714-8786,info@hospital2.example.com,https://www.hospital2.example.com,"United Healthcare, Amerihealth, Aetna, Humana",1 CC STERILE SYRINGE&NEEDLE,A4206,OUTPATIENT,468.81,Aetna,Aetna Commercial,247.42,Save $221.39 with Aetna Aetna Commercial plan.
hospital2,Medical Center,Clinic,959 Main St,Philadelphia,PA,19106,39.9496,-75.1467,(555) 714-8786,info@hospital2.example.com,https://www.hospital2.example.com,"United Healthcare, Amerihealth, Aetna, Humana",CHEST X-RAY,71045,INPATIENT,279.19,United Healthcare,United Healthcare Commercial,264.12,Save $15.07 with United Healthcare United Healthcare Commercial plan.
hospital2,Medical Center,Clinic,959 Main St,Philadelphia,PA,19106,39.9496,-75.1467,(555) 714-8786,info@hospital2.example.com,https://www.hospital2.example.com,"United Healthcare, Amerihealth, Aetna, Humana",CHEST X-RAY,71045,OUTPATIENT,279.19,United Healthcare,United Healthcare Commercial,264.12,Save $15.07 with United Healthcare United Healthcare Commercial plan.
hospital2,Medical Center,Clinic,959 Main St,Philadelphia,PA,19106,39.9496,-75.1467,(555) 714-8786,info@hospital2.example.com,https://www.hospital2.example.com,"United Healthcare, Amerihealth, Aetna, Humana",CHEST X-RAY,71045,INPATIENT,279.19,United Healthcare,United Healthcare Medicaid,232.11,Save $47.08 with United Healthcare United Healthcare Medicaid plan.
hospital2,Medical Center,Clinic,959 Main St,Philadelphia,PA,19106,39.9496,-75.1467,(555) 714-8786,info@hospital2.example.com,https://www.hospital2.example.com,"United Healthcare, Amerihealth, Aetna, Humana",CHEST X-RAY,71045,OUTPATIENT,279.19,United Healthcare,United Healthcare Medicaid,232.11,Save $47.08 with United Healthcare United Healthcare Medicaid plan.
hospital2,Medical Center,Clinic,959 Main St,Philadelphia,PA,19106,39.9496,-75.1467,(555) 714-8786,info@hospital2.example.com,https://www.hospital2.example.com,"United Healthcare, Amerihealth, Aetna, Humana",CHEST X-RAY,71045,INPATIENT,279.19,United Healthcare,United Healthcare CHIP,220.41,Save $58.78 with United Healthcare United Healthcare CHIP plan.
hospital2,Medical Center,Clinic,959 Main St,Philadelphia,PA,19106,39.9496,-75.1467,(555) 714-8786,info@hospital2.example.com,https://www.hospital2.example.com,"United Healthcare, Amerihealth, Aetna, Humana",CHEST X-RAY,71045,OUTPATIENT,279.19,United Healthcare,United Healthcare CHIP,220.41,Save $58.78 with United Healthcare United Healthcare CHIP plan.
hospital2,Medical Center,Clinic,959 Main St,Philadelphia,PA,19106,39.9496,-75.1467,(555) 714-8786,info@hospital2.example.com,https://www.hospital2.example.com,"United Healthcare, Amerihealth, Aetna, Humana",CHEST X-RAY,71045,INPATIENT,279.19,Humana,Humana Commercial,251.69,Save $27.5 with Humana Humana Commercial plan.
hospital2,Medical Center,Clinic,959 Main St,Philadelphia,PA,19106,39.9496,-75.1467,(555) 714-8786,info@hospital2.example.com,https://www.hospital2.example.com,"United Healthcare, Amerihealth, Aetna, Humana",CHEST X-RAY,71045,OUTPATIENT,279.19,Humana,Humana Commercial,251.69,Save $27.5 with Humana Humana Commercial plan.
hospital2,Medical Center,Clinic,959 Main St,Philadelphia,PA,19106,39.9496,-75.1467,(555) 714-8786,info@hospital2.example.com,https://www.hospital2.example.com,"United Healthcare, Amerihealth, Aetna, Humana",CHEST X-RAY,71045,INPATIENT,279.19,Humana,Humana Medicare HMO,146.65,Save $132.54 with Humana Humana Medicare HMO plan.
hospital2,Medical Center,Clinic,959 Main St,Philadelphia,PA,19106,39.9496,-75.1467,(555) 714-8786,info@hospital2.example.com,https://www.hospital2.example.com,"United Healthcare, Amerihealth, Aetna, Humana",CHEST X-RAY,71045,OUTPATIENT,279.19,Humana,Humana Medicare HMO,146.65,Save $132.54 with Humana Humana Medicare HMO plan.
hospital2,Medical Center,Clinic,959 Main St,Philadelphia,PA,19106,39.9496,-75.1467,(555) 714-8786,info@hospital2.example.com,https://www.hospital2.example.com,"United Healthcare, Amerihealth, Aetna, Humana",CHEST X-RAY,71045,INPATIENT,279.19,Highmark,Highmark ACA Products PROF,185.39,Save $93.8 with Highmark Highmark ACA Products PROF plan.
hospital2,Medical Center,Clinic,959 Main St,Philadelphia,PA,19106,39.9496,-75.1467,(555) 714-8786,info@hospital2.example.com,https://www.hospital2.example.com,"United Healthcare, Amerihealth, Aetna, Humana",CHEST X-RAY,71045,OUTPATIENT,279.19,Highmark,Highmark ACA Products PROF,185.39,Save $93.8 with Highmark Highmark ACA Products PROF plan.
hospital2,Medical Center,Clinic,959 Main St,Philadelphia,PA,19106,39.9496,-75.1467,(555) 714-8786,info@hospital2.example.com,https://www.hospital2.example.com,"United Healthcare, Amerihealth, Aetna, Humana",CHEST X-RAY,71045,INPATIENT,279.19,Highmark,Highmark Commercial PROF,262.39,Save $16.8 with Highmark Highmark Commercial PROF plan.
hospital2,Medical Center,Clinic,959 Main St,Philadelphia,PA,19106,39.9496,-75.1467,(555) 714-8786,info@hospital2.example.com,https://www.hospital2.example.com,"United Healthcare, Amerihealth, Aetna, Humana",CHEST X-RAY,71045,OUTPATIENT,279.19,Highmark,Highmark Commercial PROF,262.39,Save $16.8 with Highmark Highmark Commercial PROF plan.
hospital2,Medical Center,Clinic,959 Main St,Philadelphia,PA,19106,39.9496,-75.1467,(555) 714-8786,info@hospital2.example.com,https://www.hospital2.example.com,"United Healthcare, Amerihealth, Aetna, Humana",CHEST X-RAY,71045,INPATIENT,279.19,Highmark,Highmark Medicare,164.26,Save $114.93 with Highmark Highmark Medicare plan.
hospital2,Medical Center,Clinic,959 Main St,Philadelphia,PA,19106,39.9496,-75.1467,(555) 714-8786,info@hospital2.example.com,https://www.hospital2.example.com,"United Healthcare, Amerihealth, Aetna, Humana",CHEST X-RAY,71045,OUTPATIENT,279.19,Highmark,Highmark Medicare,164.26,Save $114.93 with Highmark Highmark Medicare plan.
hospital2,Medical Center,Clinic,959 Main St,Philadelphia,PA,19106,39.9496,-75.1467,(555) 714-8786,info@hospital2.example.com,https://www.hospital2.example.com,"United Healthcare, Amerihealth, Aetna, Humana",CHG MRI BRAIN,70551,OUTPATIENT,230.44,Humana,Humana Medicare HMO,138.04,Save $92.4 with Humana Humana Medicare HMO plan.
hospital2,Medical Center,Clinic,959 Main St,Philadelphia,PA,19106,39.9496,-75.1467,(555) 714-8786,info@hospital2.example.com,https://www.hospital2.example.com,"United Healthcare, Amerihealth, Aetna, Humana",2D ECHO,93306,OUTPATIENT,1381.99,,,,"Only standard charge, no insurance pricing available."
hospital2,Medical Center,Clinic,959 Main St,Philadelphia,PA,19106,39.9496,-75.1467,(555) 714-8786,info@hospital2.example.com,https://www.hospital2.example.com,"United Healthcare, Amerihealth, Aetna, Humana",COMPLETE BLOOD COUNT,85025,INPATIENT,1211.68,Amerihealth,Amerihealth Medicare,1009.03,Save $202.65 with Amerihealth Amerihealth Medicare plan.
hospital2,Medical Center,Clinic,959 Main St,Philadelphia,PA,19106,39.9496,-75.1467,(555) 714-8786,info@hospital2.example.com,https://www.hospital2.example.com,"United Healthcare, Amerihealth, Aetna, Humana",COMPLETE BLOOD COUNT,85025,OUTPATIENT,1211.68,Amerihealth,Amerihealth Medicare,1009.03,Save $202.65 with Amerihealth Amerihealth Medicare plan.
hospital2,Medical Center,Clinic,959 Main St,Philadelphia,PA,19106,39.9496,-75.1467,(555) 714-8786,info@hospital2.example.com,https://www.hospital2.example.com,"United Healthcare, Amerihealth, Aetna, Humana",COMPLETE BLOOD COUNT,85025,INPATIENT,1211.68,Amerihealth,Amerihealth Medicaid HC,983.95,Save $227.73 with Amerihealth Amerihealth Medicaid HC plan.
hospital2,Medical Center,Clinic,959 Main St,Philadelphia,PA,19106,39.9496,-75.1467,(555) 714-8786,info@hospital2.example.com,https://www.hospital2.example.com,"United Healthcare, Amerihealth, Aetna, Humana",COMPLETE BLOOD COUNT,85025,OUTPATIENT,1211.68,Amerihealth,Amerihealth Medicaid HC,983.95,Save $227.73 with Amerihealth Amerihealth Medicaid HC plan.
hospital2,Medical Center,Clinic,959 Main St,Philadelphia,PA,19106,39.9496,-75.1467,(555) 714-8786,info@hospital2.example.com,https://www.hospital2.example.com,"United Healthcare, Amerihealth, Aetna, Humana",ABDOMINAL CT SCAN,74150,INPATIENT,1997.16,Aetna,Aetna Medicare,1318.36,Save $678.8 with Aetna Aetna Medicare plan.
hospital2,Medical Center,Clinic,959 Main St,Philadelphia,PA,19106,39.9496,-75.1467,(555) 714-8786,info@hospital2.example.com,https://www.hospital2.example.com,"United Healthcare, Amerihealth, Aetna, Humana",ABDOMINAL CT SCAN,74150,OUTPATIENT,1997.16,Aetna,Aetna Medicare,1318.36,Save $678.8 with Aetna Aetna Medicare plan.
hospital2,Medical Center,Clinic,959 Main St,Philadelphia,PA,19106,39.9496,-75.1467,(555) 714-8786,info@hospital2.example.com,https://www.hospital2.example.com,"United Healthcare, Amerihealth, Aetna, Humana",ABDOMINAL CT SCAN,74150,INPATIENT,1997.16,Aetna,Aetna Medicaid CHIP,1610.53,Save $386.63 with Aetna Aetna Medicaid CHIP plan.
hospital2,Medical Center,Clinic,959 Main St,Philadelphia,PA,19106,39.9496,-75.1467,(555) 714-8786,info@hospital2.example.com,https://www.hospital2.example.com,"United Healthcare, Amerihealth, Aetna, Humana",ABDOMINAL CT SCAN,74150,OUTPATIENT,1997.16,Aetna,Aetna Medicaid CHIP,1610.53,Save $386.63 with Aetna Aetna Medicaid CHIP plan.
hospital2,Medical Center,Clinic,959 Main St,Philadelphia,PA,19106,39.9496,-75.1467,(555) 714-8786,info@hospital2.example.com,https://www.hospital2.example.com,"United Healthcare, Amerihealth, Aetna, Humana",ACETYLCYSTEINE NON-COMP UNIT,J7608,OUTPATIENT,1854.87,Amerihealth,Amerihealth Commercial,1085.01,Save $769.86 with Amerihealth Amerihealth Commercial plan.
hospital2,Medical Center,Clinic,959 Main St,Philadelphia,PA,19106,39.9496,-75.1467,(555) 714-8786,info@hospital2.example.com,https://www.hospital2.example.com,"United Healthcare, Amerihealth, Aetna, Humana",ACETYLCYSTEINE NON-COMP UNIT,J7608,INPATIENT,1854.87,Amerihealth,Amerihealth Commercial,1085.01,Save $769.86 with Amerihealth Amerihealth Commercial plan.
hospital2,Medical Center,Clinic,959 Main St,Philadelphia,PA,19106,39.9496,-75.1467,(555) 714-8786,info@hospital2.example.com,https://www.hospital2.example.com,"United Healthcare, Amerihealth, Aetna, Humana",ACETYLCYSTEINE NON-COMP UNIT,J7608,OUTPATIENT,1854.87,Humana,Humana Medicare PPO,1069.77,Save $785.1 with Humana Humana Medicare PPO plan.
hospital2,Medical Center,Clinic,959 Main St,Philadelphia,PA,19106,39.9496,-75.1467,(555) 714-8786,info@hospital2.example.com,https://www.hospital2.example.com,"United Healthcare, Amerihealth, Aetna, Humana",ACETYLCYSTEINE NON-COMP UNIT,J7608,INPATIENT,1854.87,Humana,Humana Medicare PPO,1069.77,Save $785.1 with Humana Humana Medicare PPO plan.
hospital2,Medical Center,Clinic,959 Main St,Philadelphia,PA,19106,39.9496,-75.1467,(555) 714-8786,info@hospital2.example.com,https://www.hospital2.example.com,"United Healthcare, Amerihealth, Aetna, Humana",ACETYLCYSTEINE NON-COMP UNIT,J7608,OUTPATIENT,1854.87,Humana,Humana Medicare HMO,1142.31,Save $712.56 with Humana Humana Medicare HMO plan.
hospital2,Medical Center,Clinic,959 Main St,Philadelphia,PA,19106,39.9496,-75.1467,(555) 714-8786,info@hospital2.example.com,https://www.hospital2.example.com,"United Healthcare, Amerihealth, Aetna, Humana",ACETYLCYSTEINE NON-COMP UNIT,J7608,INPATIENT,1854.87,Humana,Humana Medicare HMO,1142.31,Save $712.56 with Humana Humana Medicare HMO plan.
hospital2,Medical Center,Clinic,959 Main St,Philadelphia,PA,19106,39.9496,-75.1467,(555) 714-8786,info@hospital2.example.com,https://www.hospital2.example.com,"United Healthcare, Amerihealth, Aetna, Humana",TRILOCK GRIDPL,C1713,INPATIENT,151.12,Humana,Humana Medicare HMO,115.37,Save $35.75 with Humana Humana Medicare HMO plan.
hospital2,Medical Center,Clinic,959 Main St,Philadelphia,PA,19106,39.9496,-75.1467,(555) 714-8786,info@hospital2.example.com,https://www.hospital2.example.com,"United Healthcare, Amerihealth, Aetna, Humana",TRILOCK GRIDPL,C1713,OUTPATIENT,151.12,Humana,Humana Medicare HMO,115.37,Save $35.75 with Humana Humana Medicare HMO plan.
hospital2,Medical Center,Clinic,959 Main St,Philadelphia,PA,19106,39.9496,-75.1467,(555) 714-8786,info@hospital2.example.com,https://www.hospital2.example.com,"United Healthcare, Amerihealth, Aetna, Humana",TRILOCK GRIDPL,C1713,INPATIENT,1971.32,United Healthcare,United Healthcare Medicaid,1445.91,Save $525.41 with United Healthcare United Healthcare Medicaid plan.
hospital2,Medical Center,Clinic,959 Main St,Philadelphia,PA,19106,39.9496,-75.1467,(555) 714-8786,info@hospital2.example.com,https://www.hospital2.example.com,"United Healthcare, Amerihealth, Aetna, Humana",TRILOCK GRIDPL,C1713,OUTPATIENT,1971.32,United Healthcare,United Healthcare Medicaid,1445.91,Save $525.41 with United Healthcare United Healthcare Medicaid plan.
hospital2,Medical Center,Clinic,959 Main St,Philadelphia,PA,19106,39.9496,-75.1467,(555) 714-8786,info@hospital2.example.com,https://www.hospital2.example.com,"United Healthcare, Amerihealth, Aetna, Humana",TRILOCK GRIDPL,C1713,INPATIENT,1971.32,Highmark,Highmark Medicare,1577.21,Save $394.11 with Highmark Highmark Medicare plan.
hospital2,Medical Center,Clinic,959 Main St,Philadelphia,PA,19106,39.9496,-75.1467,(555) 714-8786,info@hospital2.example.com,https://www.hospital2.example.com,"United Healthcare, Amerihealth, Aetna, Humana",TRILOCK GRIDPL,C1713,OUTPATIENT,1971.32,Highmark,Highmark Medicare,1577.21,Save $394.11 with Highmark Highmark Medicare plan.
hospital2,Medical Center,Clinic,959 Main St,Philadelphia,PA,19106,39.9496,-75.1467,(555) 714-8786,info@hospital2.example.com,https://www.hospital2.example.com,"United Healthcare, Amerihealth, Aetna, Humana",TRILOCK GRIDPL,C1713,INPATIENT,1971.32,Highmark,Highmark Commercial PROF,1693.36,Save $277.96 with Highmark Highmark Commercial PROF plan.
hospital2,Medical Center,Clinic,959 Main St,Philadelphia,PA,19106,39.9496,-75.1467,(555) 714-8786,info@hospital2.example.com,https://www.hospital2.example.com,"United Healthcare, Amerihealth, Aetna, Humana",TRILOCK GRIDPL,C1713,OUTPATIENT,1971.32,Highmark,Highmark Commercial PROF,1693.36,Save $277.96 with Highmark Highmark Commercial PROF plan.
hospital2,Medical Center,Clinic,959 Main St,Philadelphia,PA,19106,39.9496,-75.1467,(555) 714-8786,info@hospital2.example.com,https://www.hospital2.example.com,"United Healthcare, Amerihealth, Aetna, Humana",TRILOCK GRIDPL,C1713,INPATIENT,1971.32,Highmark,Highmark ACA Products PROF,1345.48,Save $625.84 with Highmark Highmark ACA Products PROF plan.
hospital2,Medical Center,Clinic,959 Main St,Philadelphia,PA,19106,39.9496,-75.1467,(555) 714-8786,info@hospital2.example.com,https://www.hospital2.example.com,"United Healthcare, Amerihealth, Aetna, Humana",TRILOCK GRIDPL,C1713,OUTPATIENT,1971.32,Highmark,Highmark ACA Products PROF,1345.48,Save $625.84 with Highmark Highmark ACA Products PROF plan.
hospital2,Medical Center,Clinic,959 Main St,Philadelphia,PA,19106,39.9496,-75.1467,(555) 714-8786,info@hospital2.example.com,https://www.hospital2.example.com,"United Healthcare, Amerihealth, Aetna, Humana",CHG MRI BRAIN,70551,OUTPATIENT,176.28,United Healthcare,United Healthcare Medicaid,121.57,Save $54.71 with United Healthcare United Healthcare Medicaid plan.
hospital2,Medical Center,Clinic,959 Main St,Philadelphia,PA,19106,39.9496,-75.1467,(555) 714-8786,info@hospital2.example.com,https://www.hospital2.example.com,"United Healthcare, Amerihealth, Aetna, Humana",CHG MRI BRAIN,70551,OUTPATIENT,176.28,United Healthcare,United Healthcare CHIP,89.64,Save $86.64 with United Healthcare United Healthcare CHIP plan.
hospital2,Medical Center,Clinic,959 Main St,Philadelphia,PA,19106,39.9496,-75.1467,(555) 714-8786,info@hospital2.example.com,https://www.hospital2.example.com,"United Healthcare, Amerihealth, Aetna, Humana",CHG MRI BRAIN,70551,OUTPATIENT,176.28,United Healthcare,United Healthcare Commercial,109.44,Save $66.84 with United Healthcare United Healthcare Commercial plan.
hospital2,Medical Center,Clinic,959 Main St,Philadelphia,PA,19106,39.9496,-75.1467,(555) 714-8786,info@hospital2.example.com,https://www.hospital2.example.com,"United Healthcare, Amerihealth, Aetna, Humana",TRILOCK GRIDPL,C1713,INPATIENT,538.33,United Healthcare,United Healthcare CHIP,446.79,Save $91.54 with United Healthcare United Healthcare CHIP plan.
hospital2,Medical Center,Clinic,959 Main St,Philadelphia,PA,19106,39.9496,-75.1467,(555) 714-8786,info@hospital2.example.com,https://www.hospital2.example.com,"United Healthcare, Amerihealth, Aetna, Humana",TRILOCK GRIDPL,C1713,OUTPATIENT,538.33,United Healthcare,United Healthcare CHIP,446.79,Save $91.54 with United Healthcare United Healthcare CHIP plan.
hospital2,Medical Center,Clinic,959 Main St,Philadelphia,PA,19106,39.9496,-75.1467,(555) 714-8786,info@hospital2.example.com,https://www.hospital2.example.com,"United Healthcare, Amerihealth, Aetna, Humana",TRILOCK GRIDPL,C1713,INPATIENT,538.33,United Healthcare,United Healthcare Commercial,367.21,Save $171.12 with United Healthcare United Healthcare Commercial plan.
hospital2,Medical Center,Clinic,959 Main St,Philadelphia,PA,19106,39.9496,-75.1467,(555) 714-8786,info@hospital2.example.com,https://www.hospital2.example.com,"United Healthcare, Amerihealth, Aetna, Humana",TRILOCK GRIDPL,C1713,OUTPATIENT,538.33,United Healthcare,United Healthcare Commercial,367.21,Save $171.12 with United Healthcare United Healthcare Commercial plan.
hospital2,Medical Center,Clinic,959 Main St,Philadelphia,PA,19106,39.9496,-75.1467,(555) 714-8786,info@hospital2.example.com,https://www.hospital2.example.com,"United Healthcare, Amerihealth, Aetna, Humana",TRILOCK GRIDPL,C1713,INPATIENT,538.33,United Healthcare,United Healthcare Medicaid,319.86,Save $218.47 with United Healthcare United Healthcare Medicaid plan.
hospital2,Medical Center,Clinic,959 Main St,Philadelphia,PA,19106,39.9496,-75.1467,(555) 714-8786,info@hospital2.example.com,https://www.hospital2.example.com,"United Healthcare, Amerihealth, Aetna, Humana",TRILOCK GRIDPL,C1713,OUTPATIENT,538.33,United Healthcare,United Healthcare Medicaid,319.86,Save $218.47 with United Healthcare United Healthcare Medicaid plan.
hospital3,Community Hospital,Specialty Center,6940 Main St,Philadelphia,PA,19107,39.9483,-75.1594,(555) 409-3219,info@hospital3.example.com,https://www.hospital3.example.com,"Aetna, United Healthcare, Humana, Highmark, Amerihealth",TRILOCK SCAPHOID PLATE,C1713,INPATIENT,700.44,Aetna,Aetna Medicaid CHIP,568.19,Save $132.25 with Aetna Aetna Medicaid CHIP plan.
hospital3,Community Hospital,Specialty Center,6940 Main St,Philadelphia,PA,19107,39.9483,-75.1594,(555) 409-3219,info@hospital3.example.com,https://www.hospital3.example.com,"Aetna, United Healthcare, Humana, Highmark, Amerihealth",TRILOCK SCAPHOID PLATE,C1713,OUTPATIENT,700.44,Aetna,Aetna Medicaid CHIP,568.19,Save $132.25 with Aetna Aetna Medicaid CHIP plan.
hospital3,Community Hospital,Specialty Center,6940 Main St,Philadelphia,PA,19107,39.9483,-75.1594,(555) 409-3219,info@hospital3.example.com,https://www.hospital3.example.com,"Aetna, United Healthcare, Humana, Highmark, Amerihealth",TRILOCK SCAPHOID PLATE,C1713,INPATIENT,700.44,Aetna,Aetna Medicare,506.29,Save $194.15 with Aetna Aetna Medicare plan.
hospital3,Community Hospital,Specialty Center,6940 Main St,Philadelphia,PA,19107,39.9483,-75.1594,(555) 409-3219,info@hospital3.example.com,https://www.hospital3.example.com,"Aetna, United Healthcare, Humana, Highmark, Amerihealth",TRILOCK SCAPHOID PLATE,C1713,OUTPATIENT,700.44,Aetna,Aetna Medicare,506.29,Save $194.15 with Aetna Aetna Medicare plan.
hospital3,Community Hospital,Specialty Center,6940 Main St,Philadelphia,PA,19107,39.9483,-75.1594,(555) 409-3219,info@hospital3.example.com,https://www.hospital3.example.com,"Aetna, United Healthcare, Humana, Highmark, Amerihealth",TRILOCK SCAPHOID PLATE,C1713,INPATIENT,700.44,Aetna,Aetna Commercial,394.87,Save $305.57 with Aetna Aetna Commercial plan.
hospital3,Community Hospital,Specialty Center,6940 Main St,Philadelphia,PA,19107,39.9483,-75.1594,(555) 409-3219,info@hospital3.example.com,https://www.hospital3.example.com,"Aetna, United Healthcare, Humana, Highmark, Amerihealth",TRILOCK SCAPHOID PLATE,C1713,OUTPATIENT,700.44,Aetna,Aetna Commercial,394.87,Save $305.57 with Aetna Aetna Commercial plan.
hospital3,Community Hospital,Specialty Center,6940 Main St,Philadelphia,PA,19107,39.9483,-75.1594,(555) 409-3219,info@hospital3.example.com,https://www.hospital3.example.com,"Aetna, United Healthcare, Humana, Highmark, Amerihealth",TRILOCK SCAPHOID PLATE,C1713,INPATIENT,700.44,Humana,Humana Commercial,618.76,Save $81.68 with Humana Humana Commercial plan.
hospital3,Community Hospital,Specialty Center,6940 Main St,Philadelphia,PA,19107,39.9483,-75.1594,(555) 409-3219,info@hospital3.example.com,https://www.hospital3.example.com,"Aetna, United Healthcare, Humana, Highmark, Amerihealth",TRILOCK SCAPHOID PLATE,C1713,OUTPATIENT,700.44,Humana,Humana Commercial,618.76,Save $81.68 with Humana Humana Commercial plan.
hospital3,Community Hospital,Specialty Center,6940 Main St,Philadelphia,PA,19107,39.9483,-75.1594,(555) 409-3219,info@hospital3.example.com,https://www.hospital3.example.com,"Aetna, United Healthcare, Humana, Highmark, Amerihealth",TRILOCK SCAPHOID PLATE,C1713,INPATIENT,700.44,Humana,Humana Medicare HMO,560.71,Save $139.73 with Humana Humana Medicare HMO plan.
hospital3,Community Hospital,Specialty Center,6940 Main St,Philadelphia,PA,19107,39.9483,-75.1594,(555) 409-3219,info@hospital3.example.com,https://www.hospital3.example.com,"Aetna, United Healthcare, Humana, Highmark, Amerihealth",TRILOCK SCAPHOID PLATE,C1713,OUTPATIENT,700.44,Humana,Humana Medicare HMO,560.71,Save $139.73 with Humana Humana Medicare HMO plan.
hospital3,Community Hospital,Specialty Center,6940 Main St,Philadelphia,PA,19107,39.9483,-75.1594,(555) 409-3219,info@hospital3.example.com,https://www.hospital3.example.com,"Aetna, United Healthcare, Humana, Highmark, Amerihealth",TRILOCK SCAPHOID PLATE,C1713,INPATIENT,700.44,Highmark,Highmark Medicare,482.82,Save $217.62 with Highmark Highmark Medicare plan.
hospital3,Community Hospital,Specialty Center,6940 Main St,Philadelphia,PA,19107,39.9483,-75.1594,(555) 409-3219,info@hospital3.example.com,https://www.hospital3.example.com,"Aetna, United Healthcare, Humana, Highmark, Amerihealth",TRILOCK SCAPHOID PLATE,C1713,OUTPATIENT,700.44,Highmark,Highmark Medicare,482.82,Save $217.62 with Highmark Highmark Medicare plan.
hospital3,Community Hospital,Specialty Center,6940 Main St,Philadelphia,PA,19107,39.9483,-75.1594,(555) 409-3219,info@hospital3.example.com,https://www.hospital3.example.com,"Aetna, United Healthcare, Humana, Highmark, Amerihealth",TRILOCK SCAPHOID PLATE,C1713,INPATIENT,700.44,Highmark,Highmark Commercial PROF,483.28,Save $217.16 with Highmark Highmark Commercial PROF plan.
hospital3,Community Hospital,Specialty Center,6940 Main St,Philadelphia,PA,19107,39.9483,-75.1594,(555) 409-3219,info@hospital3.example.com,https://www.hospital3.example.com,"Aetna, United Healthcare, Humana, Highmark, Amerihealth",TRILOCK SCAPHOID PLATE,C1713,OUTPATIENT,700.44,Highmark,Highmark Commercial PROF,483.28,Save $217.16 with Highmark Highmark Commercial PROF plan.
hospital3,Community Hospital,Specialty Center,6940 Main St,Philadelphia,PA,19107,39.9483,-75.1594,(555) 409-3219,info@hospital3.example.com,https://www.hospital3.example.com,"Aetna, United Healthcare, Humana, Highmark, Amerihealth",CHEST X-RAY,71045,INPATIENT,1654.19,,,,"Only standard charge, no insurance pricing available."
hospital3,Community Hospital,Specialty Center,6940 Main St,Philadelphia,PA,19107,39.9483,-75.1594,(555) 409-3219,info@hospital3.example.com,https://www.hospital3.example.com,"Aetna, United Healthcare, Humana, Highmark, Amerihealth",CHEST X-RAY,71045,OUTPATIENT,1654.19,,,,"Only standard charge, no insurance pricing available."
hospital3,Community Hospital,Specialty Center,6940 Main St,Philadelphia,PA,19107,39.9483,-75.1594,(555) 409-3219,info@hospital3.example.com,https://www.hospital3.example.com,"Aetna, United Healthcare, Humana, Highmark, Amerihealth",ABDOMINAL CT SCAN,74150,INPATIENT,1904.85,Highmark,Highmark ACA Products PROF,1670.4,Save $234.45 with Highmark Highmark ACA Products PROF plan.
hospital3,Community Hospital,Specialty Center,6940 Main St,Philadelphia,PA,19107,39.9483,-75.1594,(555) 409-3219,info@hospital3.example.com,https://www.hospital3.example.com,"Aetna, United Healthcare, Humana, Highmark, Amerihealth",ABDOMINAL CT SCAN,74150,OUTPATIENT,1904.85,Highmark,Highmark ACA Products PROF,1670.4,Save $234.45 with Highmark Highmark ACA Products PROF plan.
hospital3,Community Hospital,Specialty Center,6940 Main St,Philadelphia,PA,19107,39.9483,-75.1594,(555) 409-3219,info@hospital3.example.com,https://www.hospital3.example.com,"Aetna, United Healthcare, Humana, Highmark, Amerihealth",ABDOMINAL CT SCAN,74150,INPATIENT,1904.85,Aetna,Aetna Commercial,1106.17,Save $798.68 with Aetna Aetna Commercial plan.
hospital3,Community Hospital,Specialty Center,6940 Main St,Philadelphia,PA,19107,39.9483,-75.1594,(555) 409-3219,info@hospital3.example.com,https://www.hospital3.example.com,"Aetna, United Healthcare, Humana, Highmark, Amerihealth",ABDOMINAL CT SCAN,74150,OUTPATIENT,1904.85,Aetna,Aetna Commercial,1106.17,Save $798.68 with Aetna Aetna Commercial plan.
hospital3,Community Hospital,Specialty Center,6940 Main St,Philadelphia,PA,19107,39.9483,-75.1594,(555) 409-3219,info@hospital3.example.com,https://www.hospital3.example.com,"Aetna, United Healthcare, Humana, Highmark, Amerihealth",1 CC STERILE SYRINGE&NEEDLE,A4206,INPATIENT,425.93,United Healthcare,United Healthcare Commercial,370.81,Save $55.12 with United Healthcare United Healthcare Commercial plan.
hospital3,Community Hospital,Specialty Center,6940 Main St,Philadelphia,PA,19107,39.9483,-75.1594,(555) 409-3219,info@hospital3.example.com,https://www.hospital3.example.com,"Aetna, United Healthcare, Humana, Highmark, Amerihealth",1 CC STERILE SYRINGE&NEEDLE,A4206,OUTPATIENT,425.93,United Healthcare,United Healthcare Commercial,370.81,Save $55.12 with United Healthcare United Healthcare Commercial plan.
hospital3,Community Hospital,Specialty Center,6940 Main St,Philadelphia,PA,19107,39.9483,-75.1594,(555) 409-3219,info@hospital3.example.com,https://www.hospital3.example.com,"Aetna, United Healthcare, Humana, Highmark, Amerihealth",1 CC STERILE SYRINGE&NEEDLE,A4206,INPATIENT,425.93,Humana,Humana Medicare HMO,230.74,Save $195.19 with Humana Humana Medicare HMO plan.
hospital3,Community Hospital,Specialty Center,6940 Main St,Philadelphia,PA,19107,39.9483,-75.1594,(555) 409-3219,info@hospital3.example.com,https://www.hospital3.example.com,"Aetna, United Healthcare, Humana, Highmark, Amerihealth",1 CC STERILE SYRINGE&NEEDLE,A4206,OUTPATIENT,425.93,Humana,Humana Medicare HMO,230.74,Save $195.19 with Humana Humana Medicare HMO plan.
hospital3,Community Hospital,Specialty Center,6940 Main St,Philadelphia,PA,19107,39.9483,-75.1594,(555) 409-3219,info@hospital3.example.com,https://www.hospital3.example.com,"Aetna, United Healthcare, Humana, Highmark, Amerihealth",1 CC STERILE SYRINGE&NEEDLE,A4206,INPATIENT,425.93,Humana,Humana Commercial,281.02,Save $144.91 with Humana Humana Commercial plan.
hospital3,Community Hospital,Specialty Center,6940 Main St,Philadelphia,PA,19107,39.9483,-75.1594,(555) 409-3219,info@hospital3.example.com,https://www.hospital3.example.com,"Aetna, United Healthcare, Humana, Highmark, Amerihealth",1 CC STERILE SYRINGE&NEEDLE,A4206,OUTPATIENT,425.93,Humana,Humana Commercial,281.02,Save $144.91 with Humana Humana Commercial plan.
hospital3,Community Hospital,Specialty Center,6940 Main St,Philadelphia,PA,19107,39.9483,-75.1594,(555) 409-3219,info@hospital3.example.com,https://www.hospital3.example.com,"Aetna, United Healthcare, Humana, Highmark, Amerihealth",1 CC STERILE SYRINGE&NEEDLE,A4206,INPATIENT,425.93,Humana,Humana Medicare PPO,338.63,Save $87.3 with Humana Humana Medicare PPO plan.
hospital3,Community Hospital,Specialty Center,6940 Main St,Philadelphia,PA,19107,39.9483,-75.1594,(555) 409-3219,info@hospital3.example.com,https://www.hospital3.example.com,"Aetna, United Healthcare, Humana, Highmark, Amerihealth",1 CC STERILE SYRINGE&NEEDLE,A4206,OUTPATIENT,425.93,Humana,Humana Medicare PPO,338.63,Save $87.3 with Humana Humana Medicare PPO plan.
hospital3,Community Hospital,Specialty Center,6940 Main St,Philadelphia,PA,19107,39.9483,-75.1594,(555) 409-3219,info@hospital3.example.com,https://www.hospital3.example.com,"Aetna, United Healthcare, Humana, Highmark, Amerihealth",1 CC STERILE SYRINGE&NEEDLE,A4206,INPATIENT,425.93,Aetna,Aetna Commercial,285.88,Save $140.05 with Aetna Aetna Commercial plan.
hospital3,Community Hospital,Specialty Center,6940 Main St,Philadelphia,PA,19107,39.9483,-75.1594,(555) 409-3219,info@hospital3.example.com,https://www.hospital3.example.com,"Aetna, United Healthcare, Humana, Highmark, Amerihealth",1 CC STERILE SYRINGE&NEEDLE,A4206,OUTPATIENT,425.93,Aetna,Aetna Commercial,285.88,Save $140.05 with Aetna Aetna Commercial plan.
hospital3,Community Hospital,Specialty Center,6940 Main St,Philadelphia,PA,19107,39.9483,-75.1594,(555) 409-3219,info@hospital3.example.com,https://www.hospital3.example.com,"Aetna, United Healthcare, Humana, Highmark, Amerihealth",BASIC METABOLIC PANEL,80048,INPATIENT,1776.2,Aetna,Aetna Medicare,1539.12,Save $237.08 with Aetna Aetna Medicare plan.
hospital3,Community Hospital,Specialty Center,6940 Main St,Philadelphia,PA,19107,39.9483,-75.1594,(555) 409-3219,info@hospital3.example.com,https://www.hospital3.example.com,"Aetna, United Healthcare, Humana, Highmark, Amerihealth",BASIC METABOLIC PANEL,80048,OUTPATIENT,1776.2,Aetna,Aetna Medicare,1539.12,Save $237.08 with Aetna Aetna Medicare plan.
hospital3,Community Hospital,Specialty Center,6940 Main St,Philadelphia,PA,19107,39.9483,-75.1594,(555) 409-3219,info@hospital3.example.com,https://www.hospital3.example.com,"Aetna, United Healthcare, Humana, Highmark, Amerihealth",BASIC METABOLIC PANEL,80048,INPATIENT,1776.2,Aetna,Aetna Medicaid CHIP,1418.12,Save $358.08 with Aetna Aetna Medicaid CHIP plan.
hospital3,Community Hospital,Specialty Center,6940 Main St,Philadelphia,PA,19107,39.9483,-75.1594,(555) 409-3219,info@hospital3.example.com,https://www.hospital3.example.com,"Aetna, United Healthcare, Humana, Highmark, Amerihealth",BASIC METABOLIC PANEL,80048,OUTPATIENT,1776.2,Aetna,Aetna Medicaid CHIP,1418.12,Save $358.08 with Aetna Aetna Medicaid CHIP plan.
hospital3,Community Hospital,Specialty Center,6940 Main St,Philadelphia,PA,19107,39.9483,-75.1594,(555) 409-3219,info@hospital3.example.com,https://www.hospital3.example.com,"Aetna, United Healthcare, Humana, Highmark, Amerihealth",BASIC METABOLIC PANEL,80048,INPATIENT,1776.2,Humana,Humana Commercial,1487.44,Save $288.76 with Humana Humana Commercial plan.
hospital3,Community Hospital,Specialty Center,6940 Main St,Philadelphia,PA,19107,39.9483,-75.1594,(555) 409-3219,info@hospital3.example.com,https://www.hospital3.example.com,"Aetna, United Healthcare, Humana, Highmark, Amerihealth",BASIC METABOLIC PANEL,80048,OUTPATIENT,1776.2,Humana,Humana Commercial,1487.44,Save $288.76 with Humana Humana Commercial plan.
hospital3,Community Hospital,Specialty Center,6940 Main St,Philadelphia,PA,19107,39.9483,-75.1594,(555) 409-3219,info@hospital3.example.com,https://www.hospital3.example.com,"Aetna, United Healthcare, Humana, Highmark, Amerihealth",BASIC METABOLIC PANEL,80048,INPATIENT,1776.2,Humana,Humana Medicare PPO,1604.91,Save $171.29 with Humana Humana Medicare PPO plan.
hospital3,Community Hospital,Specialty Center,6940 Main St,Philadelphia,PA,19107,39.9483,-75.1594,(555) 409-3219,info@hospital3.example.com,https://www.hospital3.example.com,"Aetna, United Healthcare, Humana, Highmark, Amerihealth",BASIC METABOLIC PANEL,80048,OUTPATIENT,1776.2,Humana,Humana Medicare PPO,1604.91,Save $171.29 with Humana Humana Medicare PPO plan.
hospital3,Community Hospital,Specialty Center,6940 Main St,Philadelphia,PA,19107,39.9483,-75.1594,(555) 409-3219,info@hospital3.example.com,https://www.hospital3.example.com,"Aetna, United Healthcare, Humana, Highmark, Amerihealth",BASIC METABOLIC PANEL,80048,INPATIENT,1776.2,Humana,Humana Medicare HMO,1667.66,Save $108.54 with Humana Humana Medicare HMO plan.
hospital3,Community Hospital,Specialty Center,6940 Main St,Philadelphia,PA,19107,39.9483,-75.1594,(555) 409-3219,info@hospital3.example.com,https://www.hospital3.example.com,"Aetna, United Healthcare, Humana, Highmark, Amerihealth",BASIC METABOLIC PANEL,80048,OUTPATIENT,1776.2,Humana,Humana Medicare HMO,1667.66,Save $108.54 with Humana Humana Medicare HMO plan.
hospital3,Community Hospital,Specialty Center,6940 Main St,Philadelphia,PA,19107,39.9483,-75.1594,(555) 409-3219,info@hospital3.example.com,https://www.hospital3.example.com,"Aetna, United Healthcare, Humana, Highmark, Amerihealth",BASIC METABOLIC PANEL,80048,INPATIENT,1776.2,Highmark,Highmark Commercial PROF,1062.43,Save $713.77 with Highmark Highmark Commercial PROF plan.
hospital3,Community Hospital,Specialty Center,6940 Main St,Philadelphia,PA,19107,39.9483,-75.1594,(555) 409-3219,info@hospital3.example.com,https://www.hospital3.example.com,"Aetna, United Healthcare, Humana, Highmark, Amerihealth",BASIC METABOLIC PANEL,80048,OUTPATIENT,1776.2,Highmark,Highmark Commercial PROF,1062.43,Save $713.77 with Highmark Highmark Commercial PROF plan.
hospital3,Community Hospital,Specialty Center,6940 Main St,Philadelphia,PA,19107,39.9483,-75.1594,(555) 409-3219,info@hospital3.example.com,https://www.hospital3.example.com,"Aetna, United Healthcare, Humana, Highmark, Amerihealth",BASIC METABOLIC PANEL,80048,INPATIENT,1776.2,Highmark,Highmark ACA Products PROF,1438.48,Save $337.72 with Highmark Highmark ACA Products PROF plan.
hospital3,Community Hospital,Specialty Center,6940 Main St,Philadelphia,PA,19107,39.9483,-75.1594,(555) 409-3219,info@hospital3.example.com,https://www.hospital3.example.com,"Aetna, United Healthcare, Humana, Highmark, Amerihealth",BASIC METABOLIC PANEL,80048,OUTPATIENT,1776.2,Highmark,Highmark ACA Products PROF,1438.48,Save $337.72 with Highmark Highmark ACA Products PROF plan.
hospital3,Community Hospital,Specialty Center,6940 Main St,Philadelphia,PA,19107,39.9483,-75.1594,(555) 409-3219,info@hospital3.example.com,https://www.hospital3.example.com,"Aetna, United Healthcare, Humana, Highmark, Amerihealth",2D ECHO,93306,OUTPATIENT,495.61,,,,"Only standard charge, no insurance pricing available."
hospital3,Community Hospital,Specialty Center,6940 Main St,Philadelphia,PA,19107,39.9483,-75.1594,(555) 409-3219,info@hospital3.example.com,https://www.hospital3.example.com,"Aetna, United Healthcare, Humana, Highmark, Amerihealth",ACETYLCYSTEINE NON-COMP UNIT,J7608,OUTPATIENT,1781.11,Amerihealth,Amerihealth Medicaid HC,1490.95,Save $290.16 with Amerihealth Amerihealth Medicaid HC plan.
hospital3,Community Hospital,Specialty Center,6940 Main St,Philadelphia,PA,19107,39.9483,-75.1594,(555) 409-3219,info@hospital3.example.com,https://www.hospital3.example.com,"Aetna, United Healthcare, Humana, Highmark, Amerihealth",ACETYLCYSTEINE NON-COMP UNIT,J7608,INPATIENT,1781.11,Amerihealth,Amerihealth Medicaid HC,1490.95,Save $290.16 with Amerihealth Amerihealth Medicaid HC plan.
hospital3,Community Hospital,Specialty Center,6940 Main St,Philadelphia,PA,19107,39.9483,-75.1594,(555) 409-3219,info@hospital3.example.com,https://www.hospital3.example.com,"Aetna, United Healthcare, Humana, Highmark, Amerihealth",ACETYLCYSTEINE NON-COMP UNIT,J7608,OUTPATIENT,1781.11,Amerihealth,Amerihealth Medicare,1589.13,Save $191.98 with Amerihealth Amerihealth Medicare plan.
hospital3,Community Hospital,Specialty Center,6940 Main St,Philadelphia,PA,19107,39.9483,-75.1594,(555) 409-3219,info@hospital3.example.com,https://www.hospital3.example.com,"Aetna, United Healthcare, Humana, Highmark, Amerihealth",ACETYLCYSTEINE NON-COMP UNIT,J7608,INPATIENT,1781.11,Amerihealth,Amerihealth Medicare,1589.13,Save $191.98 with Amerihealth Amerihealth Medicare plan.
hospital3,Community Hospital,Specialty Center,6940 Main St,Philadelphia,PA,19107,39.9483,-75.1594,(555) 409-3219,info@hospital3.example.com,https://www.hospital3.example.com,"Aetna, United Healthcare, Humana, Highmark, Amerihealth",ACETYLCYSTEINE NON-COMP UNIT,J7608,OUTPATIENT,1781.11,Amerihealth,Amerihealth Commercial,1022.55,Save $758.56 with Amerihealth Amerihealth Commercial plan.
hospital3,Community Hospital,Specialty Center,6940 Main St,Philadelphia,PA,19107,39.9483,-75.1594,(555) 409-3219,info@hospital3.example.com,https://www.hospital3.example.com,"Aetna, United Healthcare, Humana, Highmark, Amerihealth",ACETYLCYSTEINE NON-COMP UNIT,J7608,INPATIENT,1781.11,Amerihealth,Amerihealth Commercial,1022.55,Save $758.56 with Amerihealth Amerihealth Commercial plan.
hospital3,Community Hospital,Specialty Center,6940 Main St,Philadelphia,PA,19107,39.9483,-75.1594,(555) 409-3219,info@hospital3.example.com,https://www.hospital3.example.com,"Aetna, United Healthcare, Humana, Highmark, Amerihealth",COMPLETE BLOOD COUNT,85025,INPATIENT,834.96,Amerihealth,Amerihealth Medicaid HC,742.23,Save $92.73 with Amerihealth Amerihealth Medicaid HC plan.
hospital3,Community Hospital,Specialty Center,6940 Main St,Philadelphia,PA,19107,39.9483,-75.1594,(555) 409-3219,info@hospital3.example.com,https://www.hospital3.example.com,"Aetna, United Healthcare, Humana, Highmark, Amerihealth",COMPLETE BLOOD COUNT,85025,OUTPATIENT,834.96,Amerihealth,Amerihealth Medicaid HC,742.23,Save $92.73 with Amerihealth Amerihealth Medicaid HC plan.
hospital3,Community Hospital,Specialty Center,6940 Main St,Philadelphia,PA,19107,39.9483,-75.1594,(555) 409-3219,info@hospital3.example.com,https://www.hospital3.example.com,"Aetna, United Healthcare, Humana, Highmark, Amerihealth",COMPLETE BLOOD COUNT,85025,INPATIENT,834.96,Aetna,Aetna Commercial,576.91,Save $258.05 with Aetna Aetna Commercial plan.
hospital3,Community Hospital,Specialty Center,6940 Main St,Philadelphia,PA,19107,39.9483,-75.1594,(555) 409-3219,info@hospital3.example.com,https://www.hospital3.example.com,"Aetna, United Healthcare, Humana, Highmark, Amerihealth",COMPLETE BLOOD COUNT,85025,OUTPATIENT,834.96,Aetna,Aetna Commercial,576.91,Save $258.05 with Aetna Aetna Commercial plan.
hospital3,Community Hospital,Specialty Center,6940 Main St,Philadelphia,PA,19107,39.9483,-75.1594,(555) 409-3219,info@hospital3.example.com,https://www.hospital3.example.com,"Aetna, United Healthcare, Humana, Highmark, Amerihealth",COMPLETE BLOOD COUNT,85025,INPATIENT,834.96,Aetna,Aetna Medicaid CHIP,550.78,Save $284.18 with Aetna Aetna Medicaid CHIP plan.
hospital3,Community Hospital,Specialty Center,6940 Main St,Philadelphia,PA,19107,39.9483,-75.1594,(555) 409-3219,info@hospital3.example.com,https://www.hospital3.example.com,"Aetna, United Healthcare, Humana, Highmark, Amerihealth",COMPLETE BLOOD COUNT,85025,OUTPATIENT,834.96,Aetna,Aetna Medicaid CHIP,550.78,Save $284.18 with Aetna Aetna Medicaid CHIP plan.
hospital3,Community Hospital,Specialty Center,6940 Main St,Philadelphia,PA,19107,39.9483,-75.1594,(555) 409-3219,info@hospital3.example.com,https://www.hospital3.example.com,"Aetna, United Healthcare, Humana, Highmark, Amerihealth",COMPLETE BLOOD COUNT,85025,INPATIENT,834.96,Aetna,Aetna Medicare,549.84,Save $285.12 with Aetna Aetna Medicare plan.
hospital3,Community Hospital,Specialty Center,6940 Main St,Philadelphia,PA,19107,39.9483,-75.1594,(555) 409-3219,info@hospital3.example.com,https://www.hospital3.example.com,"Aetna, United Healthcare, Humana, Highmark, Amerihealth",COMPLETE BLOOD COUNT,85025,OUTPATIENT,834.96,Aetna,Aetna Medicare,549.84,Save $285.12 with Aetna Aetna Medicare plan.
hospital3,Community Hospital,Specialty Center,6940 Main St,Philadelphia,PA,19107,39.9483,-75.1594,(555) 409-3219,info@hospital3.example.com,https://www.hospital3.example.com,"Aetna, United Healthcare, Humana, Highmark, Amerihealth",CHG MRI BRAIN,70551,OUTPATIENT,1965.92,United Healthcare,United Healthcare Commercial,1809.88,Save $156.04 with United Healthcare United Healthcare Commercial plan.
hospital3,Community Hospital,Specialty Center,6940 Main St,Philadelphia,PA,19107,39.9483,-75.1594,(555) 409-3219,info@hospital3.example.com,https://www.hospital3.example.com,"Aetna, United Healthcare, Humana, Highmark, Amerihealth",CHG MRI BRAIN,70551,OUTPATIENT,1965.92,United Healthcare,United Healthcare CHIP,1546.0,Save $419.92 with United Healthcare United Healthcare CHIP plan.
hospital3,Community Hospital,Specialty Center,6940 Main St,Philadelphia,PA,19107,39.9483,-75.1594,(555) 409-3219,info@hospital3.example.com,https://www.hospital3.example.com,"Aetna, United Healthcare, Humana, Highmark, Amerihealth",CHG MRI BRAIN,70551,OUTPATIENT,1965.92,United Healthcare,United Healthcare Medicaid,1593.65,Save $372.27 with United Healthcare United Healthcare Medicaid plan.
hospital3,Community Hospital,Specialty Center,6940 Main St,Philadelphia,PA,19107,39.9483,-75.1594,(555) 409-3219,info@hospital3.example.com,https://www.hospital3.example.com,"Aetna, United Healthcare, Humana, Highmark, Amerihealth",CHG MRI BRAIN,70551,OUTPATIENT,1965.92,Highmark,Highmark ACA Products PROF,1461.13,Save $504.79 with Highmark Highmark ACA Products PROF plan.
hospital3,Community Hospital,Specialty Center,6940 Main St,Philadelphia,PA,19107,39.9483,-75.1594,(555) 409-3219,info@hospital3.example.com,https://www.hospital3.example.com,"Aetna, United Healthcare, Humana, Highmark, Amerihealth",CHG MRI BRAIN,70551,OUTPATIENT,1965.92,Aetna,Aetna Commercial,1548.69,Save $417.23 with Aetna Aetna Commercial plan.
hospital3,Community Hospital,Specialty Center,6940 Main St,Philadelphia,PA,19107,39.9483,-75.1594,(555) 409-3219,info@hospital3.example.com,https://www.hospital3.example.com,"Aetna, United Healthcare, Humana, Highmark, Amerihealth",CHG MRI BRAIN,70551,OUTPATIENT,1965.92,Aetna,Aetna Medicare,1764.75,Save $201.17 with Aetna Aetna Medicare plan.
hospital3,Community Hospital,Specialty Center,6940 Main St,Philadelphia,PA,19107,39.9483,-75.1594,(555) 409-3219,info@hospital3.example.com,https://www.hospital3.example.com,"Aetna, United Healthcare, Humana, Highmark, Amerihealth",TRILOCK GRIDPL,C1713,INPATIENT,1198.57,Amerihealth,Amerihealth Medicaid HC,1031.92,Save $166.65 with Amerihealth Amerihealth Medicaid HC plan.
hospital3,Community Hospital,Specialty Center,6940 Main St,Philadelphia,PA,19107,39.9483,-75.1594,(555) 409-3219,info@hospital3.example.com,https://www.hospital3.example.com,"Aetna, United Healthcare, Humana, Highmark, Amerihealth",TRILOCK GRIDPL,C1713,OUTPATIENT,1198.57,Amerihealth,Amerihealth Medicaid HC,1031.92,Save $166.65 with Amerihealth Amerihealth Medicaid HC plan.
hospital3,Community Hospital,Specialty Center,6940 Main St,Philadelphia,PA,19107,39.9483,-75.1594,(555) 409-3219,info@hospital3.example.com,https://www.hospital3.example.com,"Aetna, United Healthcare, Humana, Highmark, Amerihealth",TRILOCK GRIDPL,C1713,INPATIENT,1198.57,Amerihealth,Amerihealth Commercial,899.43,Save $299.14 with Amerihealth Amerihealth Commercial plan.
hospital3,Community Hospital,Specialty Center,6940 Main St,Philadelphia,PA,19107,39.9483,-75.1594,(555) 409-3219,info@hospital3.example.com,https://www.hospital3.example.com,"Aetna, United Healthcare, Humana, Highmark, Amerihealth",TRILOCK GRIDPL,C1713,OUTPATIENT,1198.57,Amerihealth,Amerihealth Commercial,899.43,Save $299.14 with Amerihealth Amerihealth Commercial plan.
hospital3,Community Hospital,Specialty Center,6940 Main St,Philadelphia,PA,19107,39.9483,-75.1594,(555) 409-3219,info@hospital3.example.com,https://www.hospital3.example.com,"Aetna, United Healthcare, Humana, Highmark, Amerihealth",TRILOCK GRIDPL,C1713,INPATIENT,1198.57,Highmark,Highmark Commercial PROF,917.53,Save $281.04 with Highmark Highmark Commercial PROF plan.
hospital3,Community Hospital,Specialty Center,6940 Main St,Philadelphia,PA,19107,39.9483,-75.1594,(555) 409-3219,info@hospital3.example.com,https://www.hospital3.example.com,"Aetna, United Healthcare, Humana, Highmark, Amerihealth",TRILOCK GRIDPL,C1713,OUTPATIENT,1198.57,Highmark,Highmark Commercial PROF,917.53,Save $281.04 with Highmark Highmark Commercial PROF plan.
hospital3,Community Hospital,Specialty Center,6940 Main St,Philadelphia,PA,19107,39.9483,-75.1594,(555) 409-3219,info@hospital3.example.com,https://www.hospital3.example.com,"Aetna, United Healthcare, Humana, Highmark, Amerihealth",TRILOCK GRIDPL,C1713,INPATIENT,1198.57,Highmark,Highmark ACA Products PROF,749.53,Save $449.04 with Highmark Highmark ACA Products PROF plan.
hospital3,Community Hospital,Specialty Center,6940 Main St,Philadelphia,PA,19107,39.9483,-75.1594,(555) 409-3219,info@hospital3.example.com,https://www.hospital3.example.com,"Aetna, United Healthcare, Humana, Highmark, Amerihealth",TRILOCK GRIDPL,C1713,OUTPATIENT,1198.57,Highmark,Highmark ACA Products PROF,749.53,Save $449.04 with Highmark Highmark ACA Products PROF plan.
hospital3,Community Hospital,Specialty Center,6940 Main St,Philadelphia,PA,19107,39.9483,-75.1594,(555) 409-3219,info@hospital3.example.com,https://www.hospital3.example.com,"Aetna, United Healthcare, Humana, Highmark, Amerihealth",CHEST X-RAY,71045,INPATIENT,903.9,Aetna,Aetna Commercial,828.44,Save $75.46 with Aetna Aetna Commercial plan.
hospital3,Community Hospital,Specialty Center,6940 Main St,Philadelphia,PA,19107,39.9483,-75.1594,(555) 409-3219,info@hospital3.example.com,https://www.hospital3.example.com,"Aetna, United Healthcare, Humana, Highmark, Amerihealth",CHEST X-RAY,71045,OUTPATIENT,903.9,Aetna,Aetna Commercial,828.44,Save $75.46 with Aetna Aetna Commercial plan.
hospital3,Community Hospital,Specialty Center,6940 Main St,Philadelphia,PA,19107,39.9483,-75.1594,(555) 409-3219,info@hospital3.example.com,https://www.hospital3.example.com,"Aetna, United Healthcare, Humana, Highmark, Amerihealth",CHEST X-RAY,71045,INPATIENT,903.9,United Healthcare,United Healthcare Medicaid,582.31,Save $321.59 with United Healthcare United Healthcare Medicaid plan.
hospital3,Community Hospital,Specialty Center,6940 Main St,Philadelphia,PA,19107,39.9483,-75.1594,(555) 409-3219,info@hospital3.example.com,https://www.hospital3.example.com,"Aetna, United Healthcare, Humana, Highmark, Amerihealth",CHEST X-RAY,71045,OUTPATIENT,903.9,United Healthcare,United Healthcare Medicaid,582.31,Save $321.59 with United Healthcare United Healthcare Medicaid plan.
hospital3,Community Hospital,Specialty Center,6940 Main St,Philadelphia,PA,19107,39.9483,-75.1594,(555) 409-3219,info@hospital3.example.com,https://www.hospital3.example.com,"Aetna, United Healthcare, Humana, Highmark, Amerihealth",2D ECHO,93306,OUTPATIENT,674.14,,,,"Only standard charge, no insurance pricing available."
hospital3,Community Hospital,Specialty Center,6940 Main St,Philadelphia,PA,19107,39.9483,-75.1594,(555) 409-3219,info@hospital3.example.com,https://www.hospital3.example.com,"Aetna, United Healthcare, Humana, Highmark, Amerihealth",ACETYLCYSTEINE NON-COMP UNIT,J7608,OUTPATIENT,1202.69,United Healthcare,United Healthcare CHIP,858.49,Save $344.2 with United Healthcare United Healthcare CHIP plan.
hospital3,Community Hospital,Specialty Center,6940 Main St,Philadelphia,PA,19107,39.9483,-75.1594,(555) 409-3219,info@hospital3.example.com,https://www.hospital3.example.com,"Aetna, United Healthcare, Humana, Highmark, Amerihealth",ACETYLCYSTEINE NON-COMP UNIT,J7608,INPATIENT,1202.69,United Healthcare,United Healthcare CHIP,858.49,Save $344.2 with United Healthcare United Healthcare CHIP plan.
hospital3,Community Hospital,Specialty Center,6940 Main St,Philadelphia,PA,19107,39.9483,-75.1594,(555) 409-3219,info@hospital3.example.com,https://www.hospital3.example.com,"Aetna, United Healthcare, Humana, Highmark, Amerihealth",ACETYLCYSTEINE NON-COMP UNIT,J7608,OUTPATIENT,1202.69,United Healthcare,United Healthcare Commercial,1078.24,Save $124.45 with United Healthcare United Healthcare Commercial plan.
hospital3,Community Hospital,Specialty Center,6940 Main St,Philadelphia,PA,19107,39.9483,-75.1594,(555) 409-3219,info@hospital3.example.com,https://www.hospital3.example.com,"Aetna, United Healthcare, Humana, Highmark, Amerihealth",ACETYLCYSTEINE NON-COMP UNIT,J7608,INPATIENT,1202.69,United Healthcare,United Healthcare Commercial,1078.24,Save $124.45 with United Healthcare United Healthcare Commercial plan.
hospital3,Community Hospital,Specialty Center,6940 Main St,Philadelphia,PA,19107,39.9483,-75.1594,(555) 409-3219,info@hospital3.example.com,https://www.hospital3.example.com,"Aetna, United Healthcare, Humana, Highmark, Amerihealth",ACETYLCYSTEINE NON-COMP UNIT,J7608,OUTPATIENT,1202.69,United Healthcare,United Healthcare Medicaid,1010.86,Save $191.83 with United Healthcare United Healthcare Medicaid plan.
hospital3,Community Hospital,Specialty Center,6940 Main St,Philadelphia,PA,19107,39.9483,-75.1594,(555) 409-3219,info@hospital3.example.com,https://www.hospital3.example.com,"Aetna, United Healthcare, Humana, Highmark, Amerihealth",ACETYLCYSTEINE NON-COMP UNIT,J7608,INPATIENT,1202.69,United Healthcare,United Healthcare Medicaid,1010.86,Save $191.83 with United Healthcare United Healthcare Medicaid plan.
hospital3,Community Hospital,Specialty Center,6940 Main St,Philadelphia,PA,19107,39.9483,-75.1594,(555) 409-3219,info@hospital3.example.com,https://www.hospital3.example.com,"Aetna, United Healthcare, Humana, Highmark, Amerihealth",ACETYLCYSTEINE NON-COMP UNIT,J7608,OUTPATIENT,1202.69,Highmark,Highmark Medicare,624.5,Save $578.19 with Highmark Highmark Medicare plan.
hospital3,Community Hospital,Specialty Center,6940 Main St,Philadelphia,PA,19107,39.9483,-75.1594,(555) 409-3219,info@hospital3.example.com,https://www.hospital3.example.com,"Aetna, United Healthcare, Humana, Highmark, Amerihealth",ACETYLCYSTEINE NON-COMP UNIT,J7608,INPATIENT,1202.69,Highmark,Highmark Medicare,624.5,Save $578.19 with Highmark Highmark Medicare plan.
hospital3,Community Hospital,Specialty Center,6940 Main St,Philadelphia,PA,19107,39.9483,-75.1594,(555) 409-3219,info@hospital3.example.com,https://www.hospital3.example.com,"Aetna, United Healthcare, Humana, Highmark, Amerihealth",ACETYLCYSTEINE NON-COMP UNIT,J7608,OUTPATIENT,1202.69,Highmark,Highmark Commercial PROF,619.72,Save $582.97 with Highmark Highmark Commercial PROF plan.
hospital3,Community Hospital,Specialty Center,6940 Main St,Philadelphia,PA,19107,39.9483,-75.1594,(555) 409-3219,info@hospital3.example.com,https://www.hospital3.example.com,"Aetna, United Healthcare, Humana, Highmark, Amerihealth",ACETYLCYSTEINE NON-COMP UNIT,J7608,INPATIENT,1202.69,Highmark,Highmark Commercial PROF,619.72,Save $582.97 with Highmark Highmark Commercial PROF plan.
hospital3,Community Hospital,Specialty Center,6940 Main St,Philadelphia,PA,19107,39.9483,-75.1594,(555) 409-3219,info@hospital3.example.com,https://www.hospital3.example.com,"Aetna, United Healthcare, Humana, Highmark, Amerihealth",ACETYLCYSTEINE NON-COMP UNIT,J7608,OUTPATIENT,1202.69,Highmark,Highmark ACA Products PROF,1079.9,Save $122.79 with Highmark Highmark ACA Products PROF plan.
hospital3,Community Hospital,Specialty Center,6940 Main St,Philadelphia,PA,19107,39.9483,-75.1594,(555) 409-3219,info@hospital3.example.com,https://www.hospital3.example.com,"Aetna, United Healthcare, Humana, Highmark, Amerihealth",ACETYLCYSTEINE NON-COMP UNIT,J7608,INPATIENT,1202.69,Highmark,Highmark ACA Products PROF,1079.9,Save $122.79 with Highmark Highmark ACA Products PROF plan.
hospital3,Community Hospital,Specialty Center,6940 Main St,Philadelphia,PA,19107,39.9483,-75.1594,(555) 409-3219,info@hospital3.example.com,https://www.hospital3.example.com,"Aetna, United Healthcare, Humana, Highmark, Amerihealth",ACETYLCYSTEINE NON-COMP UNIT,J7608,OUTPATIENT,1061.52,Amerihealth,Amerihealth Commercial,757.01,Save $304.51 with Amerihealth Amerihealth Commercial plan.
hospital3,Community Hospital,Specialty Center,6940 Main St,Philadelphia,PA,19107,39.9483,-75.1594,(555) 409-3219,info@hospital3.example.com,https://www.hospital3.example.com,"Aetna, United Healthcare, Humana, Highmark, Amerihealth",ACETYLCYSTEINE NON-COMP UNIT,J7608,INPATIENT,1061.52,Amerihealth,Amerihealth Commercial,757.01,Save $304.51 with Amerihealth Amerihealth Commercial plan.
hospital3,Community Hospital,Specialty Center,6940 Main St,Philadelphia,PA,19107,39.9483,-75.1594,(555) 409-3219,info@hospital3.example.com,https://www.hospital3.example.com,"Aetna, United Healthcare, Humana, Highmark, Amerihealth",ACETYLCYSTEINE NON-COMP UNIT,J7608,OUTPATIENT,1061.52,United Healthcare,United Healthcare Commercial,601.25,Save $460.27 with United Healthcare United Healthcare Commercial plan.
hospital3,Community Hospital,Specialty Center,6940 Main St,Philadelphia,PA,19107,39.9483,-75.1594,(555) 409-3219,info@hospital3.example.com,https://www.hospital3.example.com,"Aetna, United Healthcare, Humana, Highmark, Amerihealth",ACETYLCYSTEINE NON-COMP UNIT,J7608,INPATIENT,1061.52,United Healthcare,United Healthcare Commercial,601.25,Save $460.27 with United Healthcare United Healthcare Commercial plan.
hospital3,Community Hospital,Specialty Center,6940 Main St,Philadelphia,PA,19107,39.9483,-75.1594,(555) 409-3219,info@hospital3.example.com,https://www.hospital3.example.com,"Aetna, United Healthcare, Humana, Highmark, Amerihealth",ACETYLCYSTEINE NON-COMP UNIT,J7608,OUTPATIENT,1061.52,Aetna,Aetna Medicare,886.27,Save $175.25 with Aetna Aetna Medicare plan.
hospital3,Community Hospital,Specialty Center,6940 Main St,Philadelphia,PA,19107,39.9483,-75.1594,(555) 409-3219,info@hospital3.example.com,https://www.hospital3.example.com,"Aetna, United Healthcare, Humana, Highmark, Amerihealth",ACETYLCYSTEINE NON-COMP UNIT,J7608,INPATIENT,1061.52,Aetna,Aetna Medicare,886.27,Save $175.25 with Aetna Aetna Medicare plan.
hospital3,Community Hospital,Specialty Center,6940 Main St,Philadelphia,PA,19107,39.9483,-75.1594,(555) 409-3219,info@hospital3.example.com,https://www.hospital3.example.com,"Aetna, United Healthcare, Humana, Highmark, Amerihealth",BASIC METABOLIC PANEL,80048,INPATIENT,1993.5,Amerihealth,Amerihealth Medicaid HC,1209.18,Save $784.32 with Amerihealth Amerihealth Medicaid HC plan.
hospital3,Community Hospital,Specialty Center,6940 Main St,Philadelphia,PA,19107,39.9483,-75.1594,(555) 409-3219,info@hospital3.example.com,https://www.hospital3.example.com,"Aetna, United Healthcare, Humana, Highmark, Amerihealth",BASIC METABOLIC PANEL,80048,OUTPATIENT,1993.5,Amerihealth,Amerihealth Medicaid HC,1209.18,Save $784.32 with Amerihealth Amerihealth Medicaid HC plan.
hospital3,Community Hospital,Specialty Center,6940 Main St,Philadelphia,PA,19107,39.9483,-75.1594,(555) 409-3219,info@hospital3.example.com,https://www.hospital3.example.com,"Aetna, United Healthcare, Humana, Highmark, Amerihealth",BASIC METABOLIC PANEL,80048,INPATIENT,1993.5,Amerihealth,Amerihealth Commercial,1174.55,Save $818.95 with Amerihealth Amerihealth Commercial plan.
hospital3,Community Hospital,Specialty Center,6940 Main St,Philadelphia,PA,19107,39.9483,-75.1594,(555) 409-3219,info@hospital3.example.com,https://www.hospital3.example.com,"Aetna, United Healthcare, Humana, Highmark, Amerihealth",BASIC METABOLIC PANEL,80048,OUTPATIENT,1993.5,Amerihealth,Amerihealth Commercial,1174.55,Save $818.95 with Amerihealth Amerihealth Commercial plan.
hospital3,Community Hospital,Specialty Center,6940 Main St,Philadelphia,PA,19107,39.9483,-75.1594,(555) 409-3219,info@hospital3.example.com,https://www.hospital3.example.com,"Aetna, United Healthcare, Humana, Highmark, Amerihealth",BASIC METABOLIC PANEL,80048,INPATIENT,1993.5,Highmark,Highmark Commercial PROF,1628.87,Save $364.63 with Highmark Highmark Commercial PROF plan.
hospital3,Community Hospital,Specialty Center,6940 Main St,Philadelphia,PA,19107,39.9483,-75.1594,(555) 409-3219,info@hospital3.example.com,https://www.hospital3.example.com,"Aetna, United Healthcare, Humana, Highmark, Amerihealth",BASIC METABOLIC PANEL,80048,OUTPATIENT,1993.5,Highmark,Highmark Commercial PROF,1628.87,Save $364.63 with Highmark Highmark Commercial PROF plan.
hospital3,Community Hospital,Specialty Center,6940 Main St,Philadelphia,PA,19107,39.9483,-75.1594,(555) 409-3219,info@hospital3.example.com,https://www.hospital3.example.com,"Aetna, United Healthcare, Humana, Highmark, Amerihealth",BASIC METABOLIC PANEL,80048,INPATIENT,1993.5,Highmark,Highmark ACA Products PROF,1851.5,Save $142.0 with Highmark Highmark ACA Products PROF plan.
hospital3,Community Hospital,Specialty Center,6940 Main St,Philadelphia,PA,19107,39.9483,-75.1594,(555) 409-3219,info@hospital3.example.com,https://www.hospital3.example.com,"Aetna, United Healthcare, Humana, Highmark, Amerihealth",BASIC METABOLIC PANEL,80048,OUTPATIENT,1993.5,Highmark,Highmark ACA Products PROF,1851.5,Save $142.0 with Highmark Highmark ACA Products PROF plan.
hospital3,Community Hospital,Specialty Center,6940 Main St,Philadelphia,PA,19107,39.9483,-75.1594,(555) 409-3219,info@hospital3.example.com,https://www.hospital3.example.com,"Aetna, United Healthcare, Humana, Highmark, Amerihealth",BASIC METABOLIC PANEL,80048,INPATIENT,1993.5,Highmark,Highmark Medicare,1577.64,Save $415.86 with Highmark Highmark Medicare plan.
hospital3,Community Hospital,Specialty Center,6940 Main St,Philadelphia,PA,19107,39.9483,-75.1594,(555) 409-3219,info@hospital3.example.com,https://www.hospital3.example.com,"Aetna, United Healthcare, Humana, Highmark, Amerihealth",BASIC METABOLIC PANEL,80048,OUTPATIENT,1993.5,Highmark,Highmark Medicare,1577.64,Save $415.86 with Highmark Highmark Medicare plan.
hospital4,Regional Medical Center,Clinic,6309 Main St,Philadelphia,PA,19102,39.9507,-75.1628,(555) 483-4790,info@hospital4.example.com,https://www.hospital4.example.com,"United Healthcare, Highmark, Aetna",2D ECHO,93306,OUTPATIENT,1554.2,Highmark,Highmark ACA Products PROF,1406.09,Save $148.11 with Highmark Highmark ACA Products PROF plan.
hospital4,Regional Medical Center,Clinic,6309 Main St,Philadelphia,PA,19102,39.9507,-75.1628,(555) 483-4790,info@hospital4.example.com,https://www.hospital4.example.com,"United Healthcare, Highmark, Aetna",CHG MRI BRAIN,70551,OUTPATIENT,171.52,,,,"Only standard charge, no insurance pricing available."
hospital4,Regional Medical Center,Clinic,6309 Main St,Philadelphia,PA,19102,39.9507,-75.1628,(555) 483-4790,info@hospital4.example.com,https://www.hospital4.example.com,"United Healthcare, Highmark, Aetna",ACETYLCYSTEINE NON-COMP UNIT,J7608,OUTPATIENT,1682.65,Aetna,Aetna Medicaid CHIP,1034.12,Save $648.53 with Aetna Aetna Medicaid CHIP plan.
hospital4,Regional Medical Center,Clinic,6309 Main St,Philadelphia,PA,19102,39.9507,-75.1628,(555) 483-4790,info@hospital4.example.com,https://www.hospital4.example.com,"United Healthcare, Highmark, Aetna",ACETYLCYSTEINE NON-COMP UNIT,J7608,INPATIENT,1682.65,Aetna,Aetna Medicaid CHIP,1034.12,Save $648.53 with Aetna Aetna Medicaid CHIP plan.
hospital4,Regional Medical Center,Clinic,6309 Main St,Philadelphia,PA,19102,39.9507,-75.1628,(555) 483-4790,info@hospital4.example.com,https://www.hospital4.example.com,"United Healthcare, Highmark, Aetna",ACETYLCYSTEINE NON-COMP UNIT,J7608,OUTPATIENT,1682.65,Aetna,Aetna Medicare,1416.59,Save $266.06 with Aetna Aetna Medicare plan.
hospital4,Regional Medical Center,Clinic,6309 Main St,Philadelphia,PA,19102,39.9507,-75.1628,(555) 483-4790,info@hospital4.example.com,https://www.hospital4.example.com,"United Healthcare, Highmark, Aetna",ACETYLCYSTEINE NON-COMP UNIT,J7608,INPATIENT,1682.65,Aetna,Aetna Medicare,1416.59,Save $266.06 with Aetna Aetna Medicare plan.
hospital4,Regional Medical Center,Clinic,6309 Main St,Philadelphia,PA,19102,39.9507,-75.1628,(555) 483-4790,info@hospital4.example.com,https://www.hospital4.example.com,"United Healthcare, Highmark, Aetna",ACETYLCYSTEINE NON-COMP UNIT,J7608,OUTPATIENT,1682.65,Highmark,Highmark Commercial PROF,1074.15,Save $608.5 with Highmark Highmark Commercial PROF plan.
hospital4,Regional Medical Center,Clinic,6309 Main St,Philadelphia,PA,19102,39.9507,-75.1628,(555) 483-4790,info@hospital4.example.com,https://www.hospital4.example.com,"United Healthcare, Highmark, Aetna",ACETYLCYSTEINE NON-COMP UNIT,J7608,INPATIENT,1682.65,Highmark,Highmark Commercial PROF,1074.15,Save $608.5 with Highmark Highmark Commercial PROF plan.
hospital4,Regional Medical Center,Clinic,6309 Main St,Philadelphia,PA,19102,39.9507,-75.1628,(555) 483-4790,info@hospital4.example.com,https://www.hospital4.example.com,"United Healthcare, Highmark, Aetna",ACETYLCYSTEINE NON-COMP UNIT,J7608,OUTPATIENT,1682.65,Highmark,Highmark Medicare,1029.74,Save $652.91 with Highmark Highmark Medicare plan.
hospital4,Regional Medical Center,Clinic,6309 Main St,Philadelphia,PA,19102,39.9507,-75.1628,(555) 483-4790,info@hospital4.example.com,https://www.hospital4.example.com,"United Healthcare, Highmark, Aetna",ACETYLCYSTEINE NON-COMP UNIT,J7608,INPATIENT,1682.65,Highmark,Highmark Medicare,1029.74,Save $652.91 with Highmark Highmark Medicare plan.
hospital4,Regional Medical Center,Clinic,6309 Main St,Philadelphia,PA,19102,39.9507,-75.1628,(555) 483-4790,info@hospital4.example.com,https://www.hospital4.example.com,"United Healthcare, Highmark, Aetna",ACETYLCYSTEINE NON-COMP UNIT,J7608,OUTPATIENT,1682.65,Highmark,Highmark ACA Products PROF,848.29,Save $834.36 with Highmark Highmark ACA Products PROF plan.
hospital4,Regional Medical Center,Clinic,6309 Main St,Philadelphia,PA,19102,39.9507,-75.1628,(555) 483-4790,info@hospital4.example.com,https://www.hospital4.example.com,"United Healthcare, Highmark, Aetna",ACETYLCYSTEINE NON-COMP UNIT,J7608,INPATIENT,1682.65,Highmark,Highmark ACA Products PROF,848.29,Save $834.36 with Highmark Highmark ACA Products PROF plan.
hospital4,Regional Medical Center,Clinic,6309 Main St,Philadelphia,PA,19102,39.9507,-75.1628,(555) 483-4790,info@hospital4.example.com,https://www.hospital4.example.com,"United Healthcare, Highmark, Aetna",TRILOCK GRIDPL,C1713,INPATIENT,1859.96,Amerihealth,Amerihealth Commercial,1262.87,Save $597.09 with Amerihealth Amerihealth Commercial plan.
hospital4,Regional Medical Center,Clinic,6309 Main St,Philadelphia,PA,19102,39.9507,-75.1628,(555) 483-4790,info@hospital4.example.com,https://www.hospital4.example.com,"United Healthcare, Highmark, Aetna",TRILOCK GRIDPL,C1713,OUTPATIENT,1859.96,Amerihealth,Amerihealth Commercial,1262.87,Save $597.09 with Amerihealth Amerihealth Commercial plan.
hospital4,Regional Medical Center,Clinic,6309 Main St,Philadelphia,PA,19102,39.9507,-75.1628,(555) 483-4790,info@hospital4.example.com,https://www.hospital4.example.com,"United Healthcare, Highmark, Aetna",TRILOCK GRIDPL,C1713,INPATIENT,1859.96,Amerihealth,Amerihealth Medicaid HC,1055.23,Save $804.73 with Amerihealth Amerihealth Medicaid HC plan.
hospital4,Regional Medical Center,Clinic,6309 Main St,Philadelphia,PA,19102,39.9507,-75.1628,(555) 483-4790,info@hospital4.example.com,https://www.hospital4.example.com,"United Healthcare, Highmark, Aetna",TRILOCK GRIDPL,C1713,OUTPATIENT,1859.96,Amerihealth,Amerihealth Medicaid HC,1055.23,Save $804.73 with Amerihealth Amerihealth Medicaid HC plan.
hospital4,Regional Medical Center,Clinic,6309 Main St,Philadelphia,PA,19102,39.9507,-75.1628,(555) 483-4790,info@hospital4.example.com,https://www.hospital4.example.com,"United Healthcare, Highmark, Aetna",TRILOCK GRIDPL,C1713,INPATIENT,1859.96,United Healthcare,United Healthcare Commercial,1710.65,Save $149.31 with United Healthcare United Healthcare Commercial plan.
hospital4,Regional Medical Center,Clinic,6309 Main St,Philadelphia,PA,19102,39.9507,-75.1628,(555) 483-4790,info@hospital4.example.com,https://www.hospital4.example.com,"United Healthcare, Highmark, Aetna",TRILOCK GRIDPL,C1713,OUTPATIENT,1859.96,United Healthcare,United Healthcare Commercial,1710.65,Save $149.31 with United Healthcare United Healthcare Commercial plan.
hospital4,Regional Medical Center,Clinic,6309 Main St,Philadelphia,PA,19102,39.9507,-75.1628,(555) 483-4790,info@hospital4.example.com,https://www.hospital4.example.com,"United Healthcare, Highmark, Aetna",TRILOCK SCAPHOID PLATE,C1713,INPATIENT,1782.55,Aetna,Aetna Medicaid CHIP,980.82,Save $801.73 with Aetna Aetna Medicaid CHIP plan.
hospital4,Regional Medical Center,Clinic,6309 Main St,Philadelphia,PA,19102,39.9507,-75.1628,(555) 483-4790,info@hospital4.example.com,https://www.hospital4.example.com,"United Healthcare, Highmark, Aetna",TRILOCK SCAPHOID PLATE,C1713,OUTPATIENT,1782.55,Aetna,Aetna Medicaid CHIP,980.82,Save $801.73 with Aetna Aetna Medicaid CHIP plan.
hospital4,Regional Medical Center,Clinic,6309 Main St,Philadelphia,PA,19102,39.9507,-75.1628,(555) 483-4790,info@hospital4.example.com,https://www.hospital4.example.com,"United Healthcare, Highmark, Aetna",TRILOCK SCAPHOID PLATE,C1713,INPATIENT,1782.55,Aetna,Aetna Commercial,1617.13,Save $165.42 with Aetna Aetna Commercial plan.
hospital4,Regional Medical Center,Clinic,6309 Main St,Philadelphia,PA,19102,39.9507,-75.1628,(555) 483-4790,info@hospital4.example.com,https://www.hospital4.example.com,"United Healthcare, Highmark, Aetna",TRILOCK SCAPHOID PLATE,C1713,OUTPATIENT,1782.55,Aetna,Aetna Commercial,1617.13,Save $165.42 with Aetna Aetna Commercial plan.
hospital4,Regional Medical Center,Clinic,6309 Main St,Philadelphia,PA,19102,39.9507,-75.1628,(555) 483-4790,info@hospital4.example.com,https://www.hospital4.example.com,"United Healthcare, Highmark, Aetna",ABDOMINAL CT SCAN,74150,INPATIENT,639.78,,,,"Only standard charge, no insurance pricing available."
hospital4,Regional Medical Center,Clinic,6309 Main St,Philadelphia,PA,19102,39.9507,-75.1628,(555) 483-4790,info@hospital4.example.com,https://www.hospital4.example.com,"United Healthcare, Highmark, Aetna",ABDOMINAL CT SCAN,74150,OUTPATIENT,639.78,,,,"Only standard charge, no insurance pricing available."
hospital4,Regional Medical Center,Clinic,6309 Main St,Philadelphia,PA,19102,39.9507,-75.1628,(555) 483-4790,info@hospital4.example.com,https://www.hospital4.example.com,"United Healthcare, Highmark, Aetna",CHEST X-RAY,71045,INPATIENT,336.46,Amerihealth,Amerihealth Medicare,250.24,Save $86.22 with Amerihealth Amerihealth Medicare plan.
hospital4,Regional Medical Center,Clinic,6309 Main St,Philadelphia,PA,19102,39.9507,-75.1628,(555) 483-4790,info@hospital4.example.com,https://www.hospital4.example.com,"United Healthcare, Highmark, Aetna",CHEST X-RAY,71045,OUTPATIENT,336.46,Amerihealth,Amerihealth Medicare,250.24,Save $86.22 with Amerihealth Amerihealth Medicare plan.
hospital4,Regional Medical Center,Clinic,6309 Main St,Philadelphia,PA,19102,39.9507,-75.1628,(555) 483-4790,info@hospital4.example.com,https://www.hospital4.example.com,"United Healthcare, Highmark, Aetna",CHEST X-RAY,71045,INPATIENT,336.46,Highmark,Highmark ACA Products PROF,275.93,Save $60.53 with Highmark Highmark ACA Products PROF plan.
hospital4,Regional Medical Center,Clinic,6309 Main St,Philadelphia,PA,19102,39.9507,-75.1628,(555) 483-4790,info@hospital4.example.com,https://www.hospital4.example.com,"United Healthcare, Highmark, Aetna",CHEST X-RAY,71045,OUTPATIENT,336.46,Highmark,Highmark ACA Products PROF,275.93,Save $60.53 with Highmark Highmark ACA Products PROF plan.
hospital4,Regional Medical Center,Clinic,6309 Main St,Philadelphia,PA,19102,39.9507,-75.1628,(555) 483-4790,info@hospital4.example.com,https://www.hospital4.example.com,"United Healthcare, Highmark, Aetna",CHEST X-RAY,71045,INPATIENT,336.46,Highmark,Highmark Commercial PROF,193.19,Save $143.27 with Highmark Highmark Commercial PROF plan.
hospital4,Regional Medical Center,Clinic,6309 Main St,Philadelphia,PA,19102,39.9507,-75.1628,(555) 483-4790,info@hospital4.example.com,https://www.hospital4.example.com,"United Healthcare, Highmark, Aetna",CHEST X-RAY,71045,OUTPATIENT,336.46,Highmark,Highmark Commercial PROF,193.19,Save $143.27 with Highmark Highmark Commercial PROF plan.
hospital4,Regional Medical Center,Clinic,6309 Main St,Philadelphia,PA,19102,39.9507,-75.1628,(555) 483-4790,info@hospital4.example.com,https://www.hospital4.example.com,"United Healthcare, Highmark, Aetna",1 CC STERILE SYRINGE&NEEDLE,A4206,INPATIENT,1908.33,,,,"Only standard charge, no insurance pricing available."
hospital4,Regional Medical Center,Clinic,6309 Main St,Philadelphia,PA,19102,39.9507,-75.1628,(555) 483-4790,info@hospital4.example.com,https://www.hospital4.example.com,"United Healthcare, Highmark, Aetna",1 CC STERILE SYRINGE&NEEDLE,A4206,OUTPATIENT,1908.33,,,,"Only standard charge, no insurance pricing available."
hospital4,Regional Medical Center,Clinic,6309 Main St,Philadelphia,PA,19102,39.9507,-75.1628,(555) 483-4790,info@hospital4.example.com,https://www.hospital4.example.com,"United Healthcare, Highmark, Aetna",BASIC METABOLIC PANEL,80048,INPATIENT,968.69,Aetna,Aetna Medicaid CHIP,583.02,Save $385.67 with Aetna Aetna Medicaid CHIP plan.
hospital4,Regional Medical Center,Clinic,6309 Main St,Philadelphia,PA,19102,39.9507,-75.1628,(555) 483-4790,info@hospital4.example.com,https://www.hospital4.example.com,"United Healthcare, Highmark, Aetna",BASIC METABOLIC PANEL,80048,OUTPATIENT,968.69,Aetna,Aetna Medicaid CHIP,583.02,Save $385.67 with Aetna Aetna Medicaid CHIP plan.
hospital4,Regional Medical Center,Clinic,6309 Main St,Philadelphia,PA,19102,39.9507,-75.1628,(555) 483-4790,info@hospital4.example.com,https://www.hospital4.example.com,"United Healthcare, Highmark, Aetna",BASIC METABOLIC PANEL,80048,INPATIENT,968.69,Aetna,Aetna Medicare,643.5,Save $325.19 with Aetna Aetna Medicare plan.
hospital4,Regional Medical Center,Clinic,6309 Main St,Philadelphia,PA,19102,39.9507,-75.1628,(555) 483-4790,info@hospital4.example.com,https://www.hospital4.example.com,"United Healthcare, Highmark, Aetna",BASIC METABOLIC PANEL,80048,OUTPATIENT,968.69,Aetna,Aetna Medicare,643.5,Save $325.19 with Aetna Aetna Medicare plan.
hospital4,Regional Medical Center,Clinic,6309 Main St,Philadelphia,PA,19102,39.9507,-75.1628,(555) 483-4790,info@hospital4.example.com,https://www.hospital4.example.com,"United Healthcare, Highmark, Aetna",BASIC METABOLIC PANEL,80048,INPATIENT,968.69,Aetna,Aetna Commercial,695.81,Save $272.88 with Aetna Aetna Commercial plan.
hospital4,Regional Medical Center,Clinic,6309 Main St,Philadelphia,PA,19102,39.9507,-75.1628,(555) 483-4790,info@hospital4.example.com,https://www.hospital4.example.com,"United Healthcare, Highmark, Aetna",BASIC METABOLIC PANEL,80048,OUTPATIENT,968.69,Aetna,Aetna Commercial,695.81,Save $272.88 with Aetna Aetna Commercial plan.
hospital4,Regional Medical Center,Clinic,6309 Main St,Philadelphia,PA,19102,39.9507,-75.1628,(555) 483-4790,info@hospital4.example.com,https://www.hospital4.example.com,"United Healthcare, Highmark, Aetna",BASIC METABOLIC PANEL,80048,INPATIENT,968.69,Highmark,Highmark Commercial PROF,761.43,Save $207.26 with Highmark Highmark Commercial PROF plan.
hospital4,Regional Medical Center,Clinic,6309 Main St,Philadelphia,PA,19102,39.9507,-75.1628,(555) 483-4790,info@hospital4.example.com,https://www.hospital4.example.com,"United Healthcare, Highmark, Aetna",BASIC METABOLIC PANEL,80048,OUTPATIENT,968.69,Highmark,Highmark Commercial PROF,761.43,Save $207.26 with Highmark Highmark Commercial PROF plan.
hospital4,Regional Medical Center,Clinic,6309 Main St,Philadelphia,PA,19102,39.9507,-75.1628,(555) 483-4790,info@hospital4.example.com,https://www.hospital4.example.com,"United Healthcare, Highmark, Aetna",COMPLETE BLOOD COUNT,85025,INPATIENT,1056.84,United Healthcare,United Healthcare CHIP,691.77,Save $365.07 with United Healthcare United Healthcare CHIP plan.
hospital4,Regional Medical Center,Clinic,6309 Main St,Philadelphia,PA,19102,39.9507,-75.1628,(555) 483-4790,info@hospital4.example.com,https://www.hospital4.example.com,"United Healthcare, Highmark, Aetna",COMPLETE BLOOD COUNT,85025,OUTPATIENT,1056.84,United Healthcare,United Healthcare CHIP,691.77,Save $365.07 with United Healthcare United Healthcare CHIP plan.
hospital4,Regional Medical Center,Clinic,6309 Main St,Philadelphia,PA,19102,39.9507,-75.1628,(555) 483-4790,info@hospital4.example.com,https://www.hospital4.example.com,"United Healthcare, Highmark, Aetna",COMPLETE BLOOD COUNT,85025,INPATIENT,1056.84,United Healthcare,United Healthcare Medicaid,633.18,Save $423.66 with United Healthcare United Healthcare Medicaid plan.
hospital4,Regional Medical Center,Clinic,6309 Main St,Philadelphia,PA,19102,39.9507,-75.1628,(555) 483-4790,info@hospital4.example.com,https://www.hospital4.example.com,"United Healthcare, Highmark, Aetna",COMPLETE BLOOD COUNT,85025,OUTPATIENT,1056.84,United Healthcare,United Healthcare Medicaid,633.18,Save $423.66 with United Healthcare United Healthcare Medicaid plan.
hospital4,Regional Medical Center,Clinic,6309 Main St,Philadelphia,PA,19102,39.9507,-75.1628,(555) 483-4790,info@hospital4.example.com,https://www.hospital4.example.com,"United Healthcare, Highmark, Aetna",COMPLETE BLOOD COUNT,85025,INPATIENT,1056.84,Amerihealth,Amerihealth Commercial,673.49,Save $383.35 with Amerihealth Amerihealth Commercial plan.
hospital4,Regional Medical Center,Clinic,6309 Main St,Philadelphia,PA,19102,39.9507,-75.1628,(555) 483-4790,info@hospital4.example.com,https://www.hospital4.example.com,"United Healthcare, Highmark, Aetna",COMPLETE BLOOD COUNT,85025,OUTPATIENT,1056.84,Amerihealth,Amerihealth Commercial,673.49,Save $383.35 with Amerihealth Amerihealth Commercial plan.
hospital4,Regional Medical Center,Clinic,6309 Main St,Philadelphia,PA,19102,39.9507,-75.1628,(555) 483-4790,info@hospital4.example.com,https://www.hospital4.example.com,"United Healthcare, Highmark, Aetna",COMPLETE BLOOD COUNT,85025,INPATIENT,1017.3,Aetna,Aetna Commercial,836.97,Save $180.33 with Aetna Aetna Commercial plan.
hospital4,Regional Medical Center,Clinic,6309 Main St,Philadelphia,PA,19102,39.9507,-75.1628,(555) 483-4790,info@hospital4.example.com,https://www.hospital4.example.com,"United Healthcare, Highmark, Aetna",COMPLETE BLOOD COUNT,85025,OUTPATIENT,1017.3,Aetna,Aetna Commercial,836.97,Save $180.33 with Aetna Aetna Commercial plan.
hospital4,Regional Medical Center,Clinic,6309 Main St,Philadelphia,PA,19102,39.9507,-75.1628,(555) 483-4790,info@hospital4.example.com,https://www.hospital4.example.com,"United Healthcare, Highmark, Aetna",COMPLETE BLOOD COUNT,85025,INPATIENT,1017.3,Amerihealth,Amerihealth Medicaid HC,925.55,Save $91.75 with Amerihealth Amerihealth Medicaid HC plan.
hospital4,Regional Medical Center,Clinic,6309 Main St,Philadelphia,PA,19102,39.9507,-75.1628,(555) 483-4790,info@hospital4.example.com,https://www.hospital4.example.com,"United Healthcare, Highmark, Aetna",COMPLETE BLOOD COUNT,85025,OUTPATIENT,1017.3,Amerihealth,Amerihealth Medicaid HC,925.55,Save $91.75 with Amerihealth Amerihealth Medicaid HC plan.
hospital4,Regional Medical Center,Clinic,6309 Main St,Philadelphia,PA,19102,39.9507,-75.1628,(555) 483-4790,info@hospital4.example.com,https://www.hospital4.example.com,"United Healthcare, Highmark, Aetna",COMPLETE BLOOD COUNT,85025,INPATIENT,1017.3,Amerihealth,Amerihealth Medicare,667.8,Save $349.5 with Amerihealth Amerihealth Medicare plan.
hospital4,Regional Medical Center,Clinic,6309 Main St,Philadelphia,PA,19102,39.9507,-75.1628,(555) 483-4790,info@hospital4.example.com,https://www.hospital4.example.com,"United Healthcare, Highmark, Aetna",COMPLETE BLOOD COUNT,85025,OUTPATIENT,1017.3,Amerihealth,Amerihealth Medicare,667.8,Save $349.5 with Amerihealth Amerihealth Medicare plan.
hospital4,Regional Medical Center,Clinic,6309 Main St,Philadelphia,PA,19102,39.9507,-75.1628,(555) 483-4790,info@hospital4.example.com,https://www.hospital4.example.com,"United Healthcare, Highmark, Aetna",COMPLETE BLOOD COUNT,85025,INPATIENT,1017.3,Amerihealth,Amerihealth Commercial,649.54,Save $367.76 with Amerihealth Amerihealth Commercial plan.
hospital4,Regional Medical Center,Clinic,6309 Main St,Philadelphia,PA,19102,39.9507,-75.1628,(555) 483-4790,info@hospital4.example.com,https://www.hospital4.example.com,"United Healthcare, Highmark, Aetna",COMPLETE BLOOD COUNT,85025,OUTPATIENT,1017.3,Amerihealth,Amerihealth Commercial,649.54,Save $367.76 with Amerihealth Amerihealth Commercial plan.
hospital4,Regional Medical Center,Clinic,6309 Main St,Philadelphia,PA,19102,39.9507,-75.1628,(555) 483-4790,info@hospital4.example.com,https://www.hospital4.example.com,"United Healthcare, Highmark, Aetna",COMPLETE BLOOD COUNT,85025,INPATIENT,1017.3,Highmark,Highmark Commercial PROF,888.32,Save $128.98 with Highmark Highmark Commercial PROF plan.
hospital4,Regional Medical Center,Clinic,6309 Main St,Philadelphia,PA,19102,39.9507,-75.1628,(555) 483-4790,info@hospital4.example.com,https://www.hospital4.example.com,"United Healthcare, Highmark, Aetna",COMPLETE BLOOD COUNT,85025,OUTPATIENT,1017.3,Highmark,Highmark Commercial PROF,888.32,Save $128.98 with Highmark Highmark Commercial PROF plan.
hospital4,Regional Medical Center,Clinic,6309 Main St,Philadelphia,PA,19102,39.9507,-75.1628,(555) 483-4790,info@hospital4.example.com,https://www.hospital4.example.com,"United Healthcare, Highmark, Aetna",2D ECHO,93306,OUTPATIENT,1758.84,Humana,Humana Medicare PPO,1326.61,Save $432.23 with Humana Humana Medicare PPO plan.
hospital4,Regional Medical Center,Clinic,6309 Main St,Philadelphia,PA,19102,39.9507,-75.1628,(555) 483-4790,info@hospital4.example.com,https://www.hospital4.example.com,"United Healthcare, Highmark, Aetna",2D ECHO,93306,OUTPATIENT,1758.84,Humana,Humana Commercial,1284.59,Save $474.25 with Humana Humana Commercial plan.
hospital4,Regional Medical Center,Clinic,6309 Main St,Philadelphia,PA,19102,39.9507,-75.1628,(555) 483-4790,info@hospital4.example.com,https://www.hospital4.example.com,"United Healthcare, Highmark, Aetna",2D ECHO,93306,OUTPATIENT,1758.84,Humana,Humana Medicare HMO,928.51,Save $830.33 with Humana Humana Medicare HMO plan.
hospital4,Regional Medical Center,Clinic,6309 Main St,Philadelphia,PA,19102,39.9507,-75.1628,(555) 483-4790,info@hospital4.example.com,https://www.hospital4.example.com,"United Healthcare, Highmark, Aetna",2D ECHO,93306,OUTPATIENT,1758.84,Amerihealth,Amerihealth Medicare,1202.31,Save $556.53 with Amerihealth Amerihealth Medicare plan.
hospital4,Regional Medical Center,Clinic,6309 Main St,Philadelphia,PA,19102,39.9507,-75.1628,(555) 483-4790,info@hospital4.example.com,https://www.hospital4.example.com,"United Healthcare, Highmark, Aetna",2D ECHO,93306,OUTPATIENT,1758.84,Amerihealth,Amerihealth Commercial,917.5,Save $841.34 with Amerihealth Amerihealth Commercial plan.
hospital4,Regional Medical Center,Clinic,6309 Main St,Philadelphia,PA,19102,39.9507,-75.1628,(555) 483-4790,info@hospital4.example.com,https://www.hospital4.example.com,"United Healthcare, Highmark, Aetna",2D ECHO,93306,OUTPATIENT,1758.84,Amerihealth,Amerihealth Medicaid HC,1274.47,Save $484.37 with Amerihealth Amerihealth Medicaid HC plan.
hospital4,Regional Medical Center,Clinic,6309 Main St,Philadelphia,PA,19102,39.9507,-75.1628,(555) 483-4790,info@hospital4.example.com,https://www.hospital4.example.com,"United Healthcare, Highmark, Aetna",2D ECHO,93306,OUTPATIENT,1758.84,Highmark,Highmark Medicare,1084.21,Save $674.63 with Highmark Highmark Medicare plan.
hospital4,Regional Medical Center,Clinic,6309 Main St,Philadelphia,PA,19102,39.9507,-75.1628,(555) 483-4790,info@hospital4.example.com,https://www.hospital4.example.com,"United Healthcare, Highmark, Aetna",2D ECHO,93306,OUTPATIENT,1758.84,Highmark,Highmark Commercial PROF,1051.0,Save $707.84 with Highmark Highmark Commercial PROF plan.
hospital4,Regional Medical Center,Clinic,6309 Main St,Philadelphia,PA,19102,39.9507,-75.1628,(555) 483-4790,info@hospital4.example.com,https://www.hospital4.example.com,"United Healthcare, Highmark, Aetna",TRILOCK SCAPHOID PLATE,C1713,INPATIENT,860.4,Humana,Humana Medicare HMO,594.7,Save $265.7 with Humana Humana Medicare HMO plan.
hospital4,Regional Medical Center,Clinic,6309 Main St,Philadelphia,PA,19102,39.9507,-75.1628,(555) 483-4790,info@hospital4.example.com,https://www.hospital4.example.com,"United Healthcare, Highmark, Aetna",TRILOCK SCAPHOID PLATE,C1713,OUTPATIENT,860.4,Humana,Humana Medicare HMO,594.7,Save $265.7 with Humana Humana Medicare HMO plan.
hospital4,Regional Medical Center,Clinic,6309 Main St,Philadelphia,PA,19102,39.9507,-75.1628,(555) 483-4790,info@hospital4.example.com,https://www.hospital4.example.com,"United Healthcare, Highmark, Aetna",TRILOCK SCAPHOID PLATE,C1713,INPATIENT,860.4,Highmark,Highmark ACA Products PROF,792.2,Save $68.2 with Highmark Highmark ACA Products PROF plan.
hospital4,Regional Medical Center,Clinic,6309 Main St,Philadelphia,PA,19102,39.9507,-75.1628,(555) 483-4790,info@hospital4.example.com,https://www.hospital4.example.com,"United Healthcare, Highmark, Aetna",TRILOCK SCAPHOID PLATE,C1713,OUTPATIENT,860.4,Highmark,Highmark ACA Products PROF,792.2,Save $68.2 with Highmark Highmark ACA Products PROF plan.
hospital4,Regional Medical Center,Clinic,6309 Main St,Philadelphia,PA,19102,39.9507,-75.1628,(555) 483-4790,info@hospital4.example.com,https://www.hospital4.example.com,"United Healthcare, Highmark, Aetna",TRILOCK SCAPHOID PLATE,C1713,INPATIENT,860.4,Highmark,Highmark Medicare,596.57,Save $263.83 with Highmark Highmark Medicare plan.
hospital4,Regional Medical Center,Clinic,6309 Main St,Philadelphia,PA,19102,39.9507,-75.1628,(555) 483-4790,info@hospital4.example.com,https://www.hospital4.example.com,"United Healthcare, Highmark, Aetna",TRILOCK SCAPHOID PLATE,C1713,OUTPATIENT,860.4,Highmark,Highmark Medicare,596.57,Save $263.83 with Highmark Highmark Medicare plan.
hospital4,Regional Medical Center,Clinic,6309 Main St,Philadelphia,PA,19102,39.9507,-75.1628,(555) 483-4790,info@hospital4.example.com,https://www.hospital4.example.com,"United Healthcare, Highmark, Aetna",TRILOCK SCAPHOID PLATE,C1713,INPATIENT,860.4,Highmark,Highmark Commercial PROF,656.69,Save $203.71 with Highmark Highmark Commercial PROF plan.
hospital4,Regional Medical Center,Clinic,6309 Main St,Philadelphia,PA,19102,39.9507,-75.1628,(555) 483-4790,info@hospital4.example.com,https://www.hospital4.example.com,"United Healthcare, Highmark, Aetna",TRILOCK SCAPHOID PLATE,C1713,OUTPATIENT,860.4,Highmark,Highmark Commercial PROF,656.69,Save $203.71 with Highmark Highmark Commercial PROF plan.
hospital4,Regional Medical Center,Clinic,6309 Main St,Philadelphia,PA,19102,39.9507,-75.1628,(555) 483-4790,info@hospital4.example.com,https://www.hospital4.example.com,"United Healthcare, Highmark, Aetna",TRILOCK SCAPHOID PLATE,C1713,INPATIENT,860.4,United Healthcare,United Healthcare CHIP,564.86,Save $295.54 with United Healthcare United Healthcare CHIP plan.
hospital4,Regional Medical Center,Clinic,6309 Main St,Philadelphia,PA,19102,39.9507,-75.1628,(555) 483-4790,info@hospital4.example.com,https://www.hospital4.example.com,"United Healthcare, Highmark, Aetna",TRILOCK SCAPHOID PLATE,C1713,OUTPATIENT,860.4,United Healthcare,United Healthcare CHIP,564.86,Save $295.54 with United Healthcare United Healthcare CHIP plan.
hospital4,Regional Medical Center,Clinic,6309 Main St,Philadelphia,PA,19102,39.9507,-75.1628,(555) 483-4790,info@hospital4.example.com,https://www.hospital4.example.com,"United Healthcare, Highmark, Aetna",1 CC STERILE SYRINGE&NEEDLE,A4206,INPATIENT,538.63,Highmark,Highmark Medicare,505.81,Save $32.82 with Highmark Highmark Medicare plan.
hospital4,Regional Medical Center,Clinic,6309 Main St,Philadelphia,PA,19102,39.9507,-75.1628,(555) 483-4790,info@hospital4.example.com,https://www.hospital4.example.com,"United Healthcare, Highmark, Aetna",1 CC STERILE SYRINGE&NEEDLE,A4206,OUTPATIENT,538.63,Highmark,Highmark Medicare,505.81,Save $32.82 with Highmark Highmark Medicare plan.
hospital4,Regional Medical Center,Clinic,6309 Main St,Philadelphia,PA,19102,39.9507,-75.1628,(555) 483-4790,info@hospital4.example.com,https://www.hospital4.example.com,"United Healthcare, Highmark, Aetna",1 CC STERILE SYRINGE&NEEDLE,A4206,INPATIENT,538.63,Aetna,Aetna Commercial,294.73,Save $243.9 with Aetna Aetna Commercial plan.
hospital4,Regional Medical Center,Clinic,6309 Main St,Philadelphia,PA,19102,39.9507,-75.1628,(555) 483-4790,info@hospital4.example.com,https://www.hospital4.example.com,"United Healthcare, Highmark, Aetna",1 CC STERILE SYRINGE&NEEDLE,A4206,OUTPATIENT,538.63,Aetna,Aetna Commercial,294.73,Save $243.9 with Aetna Aetna Commercial plan.
hospital4,Regional Medical Center,Clinic,6309 Main St,Philadelphia,PA,19102,39.9507,-75.1628,(555) 483-4790,info@hospital4.example.com,https://www.hospital4.example.com,"United Healthcare, Highmark, Aetna",1 CC STERILE SYRINGE&NEEDLE,A4206,INPATIENT,538.63,Aetna,Aetna Medicare,337.37,Save $201.26 with Aetna Aetna Medicare plan.
hospital4,Regional Medical Center,Clinic,6309 Main St,Philadelphia,PA,19102,39.9507,-75.1628,(555) 483-4790,info@hospital4.example.com,https://www.hospital4.example.com,"United Healthcare, Highmark, Aetna",1 CC STERILE SYRINGE&NEEDLE,A4206,OUTPATIENT,538.63,Aetna,Aetna Medicare,337.37,Save $201.26 with Aetna Aetna Medicare plan.
hospital4,Regional Medical Center,Clinic,6309 Main St,Philadelphia,PA,19102,39.9507,-75.1628,(555) 483-4790,info@hospital4.example.com,https://www.hospital4.example.com,"United Healthcare, Highmark, Aetna",1 CC STERILE SYRINGE&NEEDLE,A4206,INPATIENT,538.63,Aetna,Aetna Medicaid CHIP,393.43,Save $145.2 with Aetna Aetna Medicaid CHIP plan.
hospital4,Regional Medical Center,Clinic,6309 Main St,Philadelphia,PA,19102,39.9507,-75.1628,(555) 483-4790,info@hospital4.example.com,https://www.hospital4.example.com,"United Healthcare, Highmark, Aetna",1 CC STERILE SYRINGE&NEEDLE,A4206,OUTPATIENT,538.63,Aetna,Aetna Medicaid CHIP,393.43,Save $145.2 with Aetna Aetna Medicaid CHIP plan.
hospital4,Regional Medical Center,Clinic,6309 Main St,Philadelphia,PA,19102,39.9507,-75.1628,(555) 483-4790,info@hospital4.example.com,https://www.hospital4.example.com,"United Healthcare, Highmark, Aetna",1 CC STERILE SYRINGE&NEEDLE,A4206,INPATIENT,538.63,United Healthcare,United Healthcare CHIP,354.7,Save $183.93 with United Healthcare United Healthcare CHIP plan.
hospital4,Regional Medical Center,Clinic,6309 Main St,Philadelphia,PA,19102,39.9507,-75.1628,(555) 483-4790,info@hospital4.example.com,https://www.hospital4.example.com,"United Healthcare, Highmark, Aetna",1 CC STERILE SYRINGE&NEEDLE,A4206,OUTPATIENT,538.63,United Healthcare,United Healthcare CHIP,354.7,Save $183.93 with United Healthcare United Healthcare CHIP plan.
hospital4,Regional Medical Center,Clinic,6309 Main St,Philadelphia,PA,19102,39.9507,-75.1628,(555) 483-4790,info@hospital4.example.com,https://www.hospital4.example.com,"United Healthcare, Highmark, Aetna",1 CC STERILE SYRINGE&NEEDLE,A4206,INPATIENT,538.63,United Healthcare,United Healthcare Commercial,441.73,Save $96.9 with United Healthcare United Healthcare Commercial plan.
hospital4,Regional Medical Center,Clinic,6309 Main St,Philadelphia,PA,19102,39.9507,-75.1628,(555) 483-4790,info@hospital4.example.com,https://www.hospital4.example.com,"United Healthcare, Highmark, Aetna",1 CC STERILE SYRINGE&NEEDLE,A4206,OUTPATIENT,538.63,United Healthcare,United Healthcare Commercial,441.73,Save $96.9 with United Healthcare United Healthcare Commercial plan.
hospital4,Regional Medical Center,Clinic,6309 Main St,Philadelphia,PA,19102,39.9507,-75.1628,(555) 483-4790,info@hospital4.example.com,https://www.hospital4.example.com,"United Healthcare, Highmark, Aetna",CHG MRI BRAIN,70551,OUTPATIENT,1326.12,Amerihealth,Amerihealth Medicaid HC,1235.92,Save $90.2 with Amerihealth Amerihealth Medicaid HC plan.
hospital4,Regional Medical Center,Clinic,6309 Main St,Philadelphia,PA,19102,39.9507,-75.1628,(555) 483-4790,info@hospital4.example.com,https://www.hospital4.example.com,"United Healthcare, Highmark, Aetna",CHG MRI BRAIN,70551,OUTPATIENT,1326.12,Aetna,Aetna Medicare,1095.31,Save $230.81 with Aetna Aetna Medicare plan.
hospital4,Regional Medical Center,Clinic,6309 Main St,Philadelphia,PA,19102,39.9507,-75.1628,(555) 483-4790,info@hospital4.example.com,https://www.hospital4.example.com,"United Healthcare, Highmark, Aetna",CHG MRI BRAIN,70551,OUTPATIENT,1326.12,Aetna,Aetna Commercial,695.46,Save $630.66 with Aetna Aetna Commercial plan.
hospital4,Regional Medical Center,Clinic,6309 Main St,Philadelphia,PA,19102,39.9507,-75.1628,(555) 483-4790,info@hospital4.example.com,https://www.hospital4.example.com,"United Healthcare, Highmark, Aetna",CHG MRI BRAIN,70551,OUTPATIENT,1326.12,Aetna,Aetna Medicaid CHIP,983.84,Save $342.28 with Aetna Aetna Medicaid CHIP plan.
hospital5,University Hospital,Hospital,5804 Main St,Philadelphia,PA,19146,39.9432,-75.1855,(555) 596-6066,info@hospital5.example.com,https://www.hospital5.example.com,"Amerihealth, United Healthcare, Aetna, Humana, Highmark",ACETYLCYSTEINE NON-COMP UNIT,J7608,OUTPATIENT,1404.66,United Healthcare,United Healthcare Medicaid,732.18,Save $672.48 with United Healthcare United Healthcare Medicaid plan.
hospital5,University Hospital,Hospital,5804 Main St,Philadelphia,PA,19146,39.9432,-75.1855,(555) 596-6066,info@hospital5.example.com,https://www.hospital5.example.com,"Amerihealth, United Healthcare, Aetna, Humana, Highmark",ACETYLCYSTEINE NON-COMP UNIT,J7608,INPATIENT,1404.66,United Healthcare,United Healthcare Medicaid,732.18,Save $672.48 with United Healthcare United Healthcare Medicaid plan.
hospital5,University Hospital,Hospital,5804 Main St,Philadelphia,PA,19146,39.9432,-75.1855,(555) 596-6066,info@hospital5.example.com,https://www.hospital5.example.com,"Amerihealth, United Healthcare, Aetna, Humana, Highmark",ACETYLCYSTEINE NON-COMP UNIT,J7608,OUTPATIENT,1404.66,Humana,Humana Commercial,1102.65,Save $302.01 with Humana Humana Commercial plan.
hospital5,University Hospital,Hospital,5804 Main St,Philadelphia,PA,19146,39.9432,-75.1855,(555) 596-6066,info@hospital5.example.com,https://www.hospital5.example.com,"Amerihealth, United Healthcare, Aetna, Humana, Highmark",ACETYLCYSTEINE NON-COMP UNIT,J7608,INPATIENT,1404.66,Humana,Humana Commercial,1102.65,Save $302.01 with Humana Humana Commercial plan.
hospital5,University Hospital,Hospital,5804 Main St,Philadelphia,PA,19146,39.9432,-75.1855,(555) 596-6066,info@hospital5.example.com,https://www.hospital5.example.com,"Amerihealth, United Healthcare, Aetna, Humana, Highmark",ACETYLCYSTEINE NON-COMP UNIT,J7608,OUTPATIENT,1404.66,Humana,Humana Medicare PPO,1172.86,Save $231.8 with Humana Humana Medicare PPO plan.
hospital5,University Hospital,Hospital,5804 Main St,Philadelphia,PA,19146,39.9432,-75.1855,(555) 596-6066,info@hospital5.example.com,https://www.hospital5.example.com,"Amerihealth, United Healthcare, Aetna, Humana, Highmark",ACETYLCYSTEINE NON-COMP UNIT,J7608,INPATIENT,1404.66,Humana,Humana Medicare PPO,1172.86,Save $231.8 with Humana Humana Medicare PPO plan.
hospital5,University Hospital,Hospital,5804 Main St,Philadelphia,PA,19146,39.9432,-75.1855,(555) 596-6066,info@hospital5.example.com,https://www.hospital5.example.com,"Amerihealth, United Healthcare, Aetna, Humana, Highmark",ACETYLCYSTEINE NON-COMP UNIT,J7608,OUTPATIENT,1404.66,Aetna,Aetna Commercial,735.34,Save $669.32 with Aetna Aetna Commercial plan.
hospital5,University Hospital,Hospital,5804 Main St,Philadelphia,PA,19146,39.9432,-75.1855,(555) 596-6066,info@hospital5.example.com,https://www.hospital5.example.com,"Amerihealth, United Healthcare, Aetna, Humana, Highmark",ACETYLCYSTEINE NON-COMP UNIT,J7608,INPATIENT,1404.66,Aetna,Aetna Commercial,735.34,Save $669.32 with Aetna Aetna Commercial plan.
hospital5,University Hospital,Hospital,5804 Main St,Philadelphia,PA,19146,39.9432,-75.1855,(555) 596-6066,info@hospital5.example.com,https://www.hospital5.example.com,"Amerihealth, United Healthcare, Aetna, Humana, Highmark",TRILOCK GRIDPL,C1713,INPATIENT,1377.21,Aetna,Aetna Medicare,1240.74,Save $136.47 with Aetna Aetna Medicare plan.
hospital5,University Hospital,Hospital,5804 Main St,Philadelphia,PA,19146,39.9432,-75.1855,(555) 596-6066,info@hospital5.example.com,https://www.hospital5.example.com,"Amerihealth, United Healthcare, Aetna, Humana, Highmark",TRILOCK GRIDPL,C1713,OUTPATIENT,1377.21,Aetna,Aetna Medicare,1240.74,Save $136.47 with Aetna Aetna Medicare plan.
hospital5,University Hospital,Hospital,5804 Main St,Philadelphia,PA,19146,39.9432,-75.1855,(555) 596-6066,info@hospital5.example.com,https://www.hospital5.example.com,"Amerihealth, United Healthcare, Aetna, Humana, Highmark",TRILOCK GRIDPL,C1713,INPATIENT,1377.21,Aetna,Aetna Commercial,1118.45,Save $258.76 with Aetna Aetna Commercial plan.
hospital5,University Hospital,Hospital,5804 Main St,Philadelphia,PA,19146,39.9432,-75.1855,(555) 596-6066,info@hospital5.example.com,https://www.hospital5.example.com,"Amerihealth, United Healthcare, Aetna, Humana, Highmark",TRILOCK GRIDPL,C1713,OUTPATIENT,1377.21,Aetna,Aetna Commercial,1118.45,Save $258.76 with Aetna Aetna Commercial plan.
hospital5,University Hospital,Hospital,5804 Main St,Philadelphia,PA,19146,39.9432,-75.1855,(555) 596-6066,info@hospital5.example.com,https://www.hospital5.example.com,"Amerihealth, United Healthcare, Aetna, Humana, Highmark",TRILOCK GRIDPL,C1713,INPATIENT,1377.21,Aetna,Aetna Medicaid CHIP,1202.74,Save $174.47 with Aetna Aetna Medicaid CHIP plan.
hospital5,University Hospital,Hospital,5804 Main St,Philadelphia,PA,19146,39.9432,-75.1855,(555) 596-6066,info@hospital5.example.com,https://www.hospital5.example.com,"Amerihealth, United Healthcare, Aetna, Humana, Highmark",TRILOCK GRIDPL,C1713,OUTPATIENT,1377.21,Aetna,Aetna Medicaid CHIP,1202.74,Save $174.47 with Aetna Aetna Medicaid CHIP plan.
hospital5,University Hospital,Hospital,5804 Main St,Philadelphia,PA,19146,39.9432,-75.1855,(555) 596-6066,info@hospital5.example.com,https://www.hospital5.example.com,"Amerihealth, United Healthcare, Aetna, Humana, Highmark",ABDOMINAL CT SCAN,74150,INPATIENT,1128.47,Highmark,Highmark Medicare,827.75,Save $300.72 with Highmark Highmark Medicare plan.
hospital5,University Hospital,Hospital,5804 Main St,Philadelphia,PA,19146,39.9432,-75.1855,(555) 596-6066,info@hospital5.example.com,https://www.hospital5.example.com,"Amerihealth, United Healthcare, Aetna, Humana, Highmark",ABDOMINAL CT SCAN,74150,OUTPATIENT,1128.47,Highmark,Highmark Medicare,827.75,Save $300.72 with Highmark Highmark Medicare plan.
hospital5,University Hospital,Hospital,5804 Main St,Philadelphia,PA,19146,39.9432,-75.1855,(555) 596-6066,info@hospital5.example.com,https://www.hospital5.example.com,"Amerihealth, United Healthcare, Aetna, Humana, Highmark",ABDOMINAL CT SCAN,74150,INPATIENT,1128.47,United Healthcare,United Healthcare CHIP,779.88,Save $348.59 with United Healthcare United Healthcare CHIP plan.
hospital5,University Hospital,Hospital,5804 Main St,Philadelphia,PA,19146,39.9432,-75.1855,(555) 596-6066,info@hospital5.example.com,https://www.hospital5.example.com,"Amerihealth, United Healthcare, Aetna, Humana, Highmark",ABDOMINAL CT SCAN,74150,OUTPATIENT,1128.47,United Healthcare,United Healthcare CHIP,779.88,Save $348.59 with United Healthcare United Healthcare CHIP plan.
hospital5,University Hospital,Hospital,5804 Main St,Philadelphia,PA,19146,39.9432,-75.1855,(555) 596-6066,info@hospital5.example.com,https://www.hospital5.example.com,"Amerihealth, United Healthcare, Aetna, Humana, Highmark",ABDOMINAL CT SCAN,74150,INPATIENT,1128.47,United Healthcare,United Healthcare Medicaid,601.51,Save $526.96 with United Healthcare United Healthcare Medicaid plan.
hospital5,University Hospital,Hospital,5804 Main St,Philadelphia,PA,19146,39.9432,-75.1855,(555) 596-6066,info@hospital5.example.com,https://www.hospital5.example.com,"Amerihealth, United Healthcare, Aetna, Humana, Highmark",ABDOMINAL CT SCAN,74150,OUTPATIENT,1128.47,United Healthcare,United Healthcare Medicaid,601.51,Save $526.96 with United Healthcare United Healthcare Medicaid plan.
hospital5,University Hospital,Hospital,5804 Main St,Philadelphia,PA,19146,39.9432,-75.1855,(555) 596-6066,info@hospital5.example.com,https://www.hospital5.example.com,"Amerihealth, United Healthcare, Aetna, Humana, Highmark",ABDOMINAL CT SCAN,74150,INPATIENT,1128.47,United Healthcare,United Healthcare Commercial,847.92,Save $280.55 with United Healthcare United Healthcare Commercial plan.
hospital5,University Hospital,Hospital,5804 Main St,Philadelphia,PA,19146,39.9432,-75.1855,(555) 596-6066,info@hospital5.example.com,https://www.hospital5.example.com,"Amerihealth, United Healthcare, Aetna, Humana, Highmark",ABDOMINAL CT SCAN,74150,OUTPATIENT,1128.47,United Healthcare,United Healthcare Commercial,847.92,Save $280.55 with United Healthcare United Healthcare Commercial plan.
hospital5,University Hospital,Hospital,5804 Main St,Philadelphia,PA,19146,39.9432,-75.1855,(555) 596-6066,info@hospital5.example.com,https://www.hospital5.example.com,"Amerihealth, United Healthcare, Aetna, Humana, Highmark",ABDOMINAL CT SCAN,74150,INPATIENT,1128.47,Amerihealth,Amerihealth Commercial,893.97,Save $234.5 with Amerihealth Amerihealth Commercial plan.
hospital5,University Hospital,Hospital,5804 Main St,Philadelphia,PA,19146,39.9432,-75.1855,(555) 596-6066,info@hospital5.example.com,https://www.hospital5.example.com,"Amerihealth, United Healthcare, Aetna, Humana, Highmark",ABDOMINAL CT SCAN,74150,OUTPATIENT,1128.47,Amerihealth,Amerihealth Commercial,893.97,Save $234.5 with Amerihealth Amerihealth Commercial plan.
hospital5,University Hospital,Hospital,5804 Main St,Philadelphia,PA,19146,39.9432,-75.1855,(555) 596-6066,info@hospital5.example.com,https://www.hospital5.example.com,"Amerihealth, United Healthcare, Aetna, Humana, Highmark",CHG MRI BRAIN,70551,OUTPATIENT,1100.07,Highmark,Highmark Commercial PROF,735.4,Save $364.67 with Highmark Highmark Commercial PROF plan.
hospital5,University Hospital,Hospital,5804 Main St,Philadelphia,PA,19146,39.9432,-75.1855,(555) 596-6066,info@hospital5.example.com,https://www.hospital5.example.com,"Amerihealth, United Healthcare, Aetna, Humana, Highmark",CHG MRI BRAIN,70551,OUTPATIENT,1100.07,Highmark,Highmark Medicare,908.45,Save $191.62 with Highmark Highmark Medicare plan.
hospital5,University Hospital,Hospital,5804 Main St,Philadelphia,PA,19146,39.9432,-75.1855,(555) 596-6066,info@hospital5.example.com,https://www.hospital5.example.com,"Amerihealth, United Healthcare, Aetna, Humana, Highmark",CHG MRI BRAIN,70551,OUTPATIENT,1100.07,Highmark,Highmark ACA Products PROF,641.67,Save $458.4 with Highmark Highmark ACA Products PROF plan.
hospital5,University Hospital,Hospital,5804 Main St,Philadelphia,PA,19146,39.9432,-75.1855,(555) 596-6066,info@hospital5.example.com,https://www.hospital5.example.com,"Amerihealth, United Healthcare, Aetna, Humana, Highmark",CHG MRI BRAIN,70551,OUTPATIENT,1100.07,United Healthcare,United Healthcare Commercial,581.68,Save $518.39 with United Healthcare United Healthcare Commercial plan.
hospital5,University Hospital,Hospital,5804 Main St,Philadelphia,PA,19146,39.9432,-75.1855,(555) 596-6066,info@hospital5.example.com,https://www.hospital5.example.com,"Amerihealth, United Healthcare, Aetna, Humana, Highmark",CHG MRI BRAIN,70551,OUTPATIENT,1100.07,United Healthcare,United Healthcare Medicaid,733.48,Save $366.59 with United Healthcare United Healthcare Medicaid plan.
hospital5,University Hospital,Hospital,5804 Main St,Philadelphia,PA,19146,39.9432,-75.1855,(555) 596-6066,info@hospital5.example.com,https://www.hospital5.example.com,"Amerihealth, United Healthcare, Aetna, Humana, Highmark",CHG MRI BRAIN,70551,OUTPATIENT,1100.07,United Healthcare,United Healthcare CHIP,751.85,Save $348.22 with United Healthcare United Healthcare CHIP plan.
hospital5,University Hospital,Hospital,5804 Main St,Philadelphia,PA,19146,39.9432,-75.1855,(555) 596-6066,info@hospital5.example.com,https://www.hospital5.example.com,"Amerihealth, United Healthcare, Aetna, Humana, Highmark",2D ECHO,93306,OUTPATIENT,1511.21,Humana,Humana Medicare PPO,888.08,Save $623.13 with Humana Humana Medicare PPO plan.
hospital5,University Hospital,Hospital,5804 Main St,Philadelphia,PA,19146,39.9432,-75.1855,(555) 596-6066,info@hospital5.example.com,https://www.hospital5.example.com,"Amerihealth, United Healthcare, Aetna, Humana, Highmark",2D ECHO,93306,OUTPATIENT,1511.21,Humana,Humana Commercial,1140.35,Save $370.86 with Humana Humana Commercial plan.
hospital5,University Hospital,Hospital,5804 Main St,Philadelphia,PA,19146,39.9432,-75.1855,(555) 596-6066,info@hospital5.example.com,https://www.hospital5.example.com,"Amerihealth, United Healthcare, Aetna, Humana, Highmark",2D ECHO,93306,OUTPATIENT,1511.21,Humana,Humana Medicare HMO,1074.58,Save $436.63 with Humana Humana Medicare HMO plan.
hospital5,University Hospital,Hospital,5804 Main St,Philadelphia,PA,19146,39.9432,-75.1855,(555) 596-6066,info@hospital5.example.com,https://www.hospital5.example.com,"Amerihealth, United Healthcare, Aetna, Humana, Highmark",2D ECHO,93306,OUTPATIENT,1511.21,Aetna,Aetna Commercial,1172.03,Save $339.18 with Aetna Aetna Commercial plan.
hospital5,University Hospital,Hospital,5804 Main St,Philadelphia,PA,19146,39.9432,-75.1855,(555) 596-6066,info@hospital5.example.com,https://www.hospital5.example.com,"Amerihealth, United Healthcare, Aetna, Humana, Highmark",2D ECHO,93306,OUTPATIENT,1511.21,Aetna,Aetna Medicare,1219.05,Save $292.16 with Aetna Aetna Medicare plan.
hospital5,University Hospital,Hospital,5804 Main St,Philadelphia,PA,19146,39.9432,-75.1855,(555) 596-6066,info@hospital5.example.com,https://www.hospital5.example.com,"Amerihealth, United Healthcare, Aetna, Humana, Highmark",2D ECHO,93306,OUTPATIENT,1511.21,Aetna,Aetna Medicaid CHIP,1306.46,Save $204.75 with Aetna Aetna Medicaid CHIP plan.
hospital5,University Hospital,Hospital,5804 Main St,Philadelphia,PA,19146,39.9432,-75.1855,(555) 596-6066,info@hospital5.example.com,https://www.hospital5.example.com,"Amerihealth, United Healthcare, Aetna, Humana, Highmark",2D ECHO,93306,OUTPATIENT,1511.21,Amerihealth,Amerihealth Medicare,1169.36,Save $341.85 with Amerihealth Amerihealth Medicare plan.
hospital5,University Hospital,Hospital,5804 Main St,Philadelphia,PA,19146,39.9432,-75.1855,(555) 596-6066,info@hospital5.example.com,https://www.hospital5.example.com,"Amerihealth, United Healthcare, Aetna, Humana, Highmark",TRILOCK SCAPHOID PLATE,C1713,INPATIENT,1756.27,United Healthcare,United Healthcare CHIP,1124.0,Save $632.27 with United Healthcare United Healthcare CHIP plan.
hospital5,University Hospital,Hospital,5804 Main St,Philadelphia,PA,19146,39.9432,-75.1855,(555) 596-6066,info@hospital5.example.com,https://www.hospital5.example.com,"Amerihealth, United Healthcare, Aetna, Humana, Highmark",TRILOCK SCAPHOID PLATE,C1713,OUTPATIENT,1756.27,United Healthcare,United Healthcare CHIP,1124.0,Save $632.27 with United Healthcare United Healthcare CHIP plan.
hospital5,University Hospital,Hospital,5804 Main St,Philadelphia,PA,19146,39.9432,-75.1855,(555) 596-6066,info@hospital5.example.com,https://www.hospital5.example.com,"Amerihealth, United Healthcare, Aetna, Humana, Highmark",TRILOCK SCAPHOID PLATE,C1713,INPATIENT,1756.27,United Healthcare,United Healthcare Medicaid,1063.9,Save $692.37 with United Healthcare United Healthcare Medicaid plan.
hospital5,University Hospital,Hospital,5804 Main St,Philadelphia,PA,19146,39.9432,-75.1855,(555) 596-6066,info@hospital5.example.com,https://www.hospital5.example.com,"Amerihealth, United Healthcare, Aetna, Humana, Highmark",TRILOCK SCAPHOID PLATE,C1713,OUTPATIENT,1756.27,United Healthcare,United Healthcare Medicaid,1063.9,Save $692.37 with United Healthcare United Healthcare Medicaid plan.
hospital5,University Hospital,Hospital,5804 Main St,Philadelphia,PA,19146,39.9432,-75.1855,(555) 596-6066,info@hospital5.example.com,https://www.hospital5.example.com,"Amerihealth, United Healthcare, Aetna, Humana, Highmark",TRILOCK SCAPHOID PLATE,C1713,INPATIENT,1756.27,United Healthcare,United Healthcare Commercial,1503.5,Save $252.77 with United Healthcare United Healthcare Commercial plan.
hospital5,University Hospital,Hospital,5804 Main St,Philadelphia,PA,19146,39.9432,-75.1855,(555) 596-6066,info@hospital5.example.com,https://www.hospital5.example.com,"Amerihealth, United Healthcare, Aetna, Humana, Highmark",TRILOCK SCAPHOID PLATE,C1713,OUTPATIENT,1756.27,United Healthcare,United Healthcare Commercial,1503.5,Save $252.77 with United Healthcare United Healthcare Commercial plan.
hospital5,University Hospital,Hospital,5804 Main St,Philadelphia,PA,19146,39.9432,-75.1855,(555) 596-6066,info@hospital5.example.com,https://www.hospital5.example.com,"Amerihealth, United Healthcare, Aetna, Humana, Highmark",TRILOCK SCAPHOID PLATE,C1713,INPATIENT,1756.27,Amerihealth,Amerihealth Medicaid HC,967.05,Save $789.22 with Amerihealth Amerihealth Medicaid HC plan.
hospital5,University Hospital,Hospital,5804 Main St,Philadelphia,PA,19146,39.9432,-75.1855,(555) 596-6066,info@hospital5.example.com,https://www.hospital5.example.com,"Amerihealth, United Healthcare, Aetna, Humana, Highmark",TRILOCK SCAPHOID PLATE,C1713,OUTPATIENT,1756.27,Amerihealth,Amerihealth Medicaid HC,967.05,Save $789.22 with Amerihealth Amerihealth Medicaid HC plan.
hospital5,University Hospital,Hospital,5804 Main St,Philadelphia,PA,19146,39.9432,-75.1855,(555) 596-6066,info@hospital5.example.com,https://www.hospital5.example.com,"Amerihealth, United Healthcare, Aetna, Humana, Highmark",TRILOCK SCAPHOID PLATE,C1713,INPATIENT,1756.27,Amerihealth,Amerihealth Commercial,945.15,Save $811.12 with Amerihealth Amerihealth Commercial plan.
hospital5,University Hospital,Hospital,5804 Main St,Philadelphia,PA,19146,39.9432,-75.1855,(555) 596-6066,info@hospital5.example.com,https://www.hospital5.example.com,"Amerihealth, United Healthcare, Aetna, Humana, Highmark",TRILOCK SCAPHOID PLATE,C1713,OUTPATIENT,1756.27,Amerihealth,Amerihealth Commercial,945.15,Save $811.12 with Amerihealth Amerihealth Commercial plan.
hospital5,University Hospital,Hospital,5804 Main St,Philadelphia,PA,19146,39.9432,-75.1855,(555) 596-6066,info@hospital5.example.com,https://www.hospital5.example.com,"Amerihealth, United Healthcare, Aetna, Humana, Highmark",TRILOCK SCAPHOID PLATE,C1713,INPATIENT,1756.27,Amerihealth,Amerihealth Medicare,1479.7,Save $276.57 with Amerihealth Amerihealth Medicare plan.
hospital5,University Hospital,Hospital,5804 Main St,Philadelphia,PA,19146,39.9432,-75.1855,(555) 596-6066,info@hospital5.example.com,https://www.hospital5.example.com,"Amerihealth, United Healthcare, Aetna, Humana, Highmark",TRILOCK SCAPHOID PLATE,C1713,OUTPATIENT,1756.27,Amerihealth,Amerihealth Medicare,1479.7,Save $276.57 with Amerihealth Amerihealth Medicare plan.
hospital5,University Hospital,Hospital,5804 Main St,Philadelphia,PA,19146,39.9432,-75.1855,(555) 596-6066,info@hospital5.example.com,https://www.hospital5.example.com,"Amerihealth, United Healthcare, Aetna, Humana, Highmark",TRILOCK SCAPHOID PLATE,C1713,INPATIENT,1756.27,Aetna,Aetna Commercial,1489.52,Save $266.75 with Aetna Aetna Commercial plan.
hospital5,University Hospital,Hospital,5804 Main St,Philadelphia,PA,19146,39.9432,-75.1855,(555) 596-6066,info@hospital5.example.com,https://www.hospital5.example.com,"Amerihealth, United Healthcare, Aetna, Humana, Highmark",TRILOCK SCAPHOID PLATE,C1713,OUTPATIENT,1756.27,Aetna,Aetna Commercial,1489.52,Save $266.75 with Aetna Aetna Commercial plan.
hospital5,University Hospital,Hospital,5804 Main St,Philadelphia,PA,19146,39.9432,-75.1855,(555) 596-6066,info@hospital5.example.com,https://www.hospital5.example.com,"Amerihealth, United Healthcare, Aetna, Humana, Highmark",TRILOCK SCAPHOID PLATE,C1713,INPATIENT,1756.27,Aetna,Aetna Medicaid CHIP,1083.37,Save $672.9 with Aetna Aetna Medicaid CHIP plan.
hospital5,University Hospital,Hospital,5804 Main St,Philadelphia,PA,19146,39.9432,-75.1855,(555) 596-6066,info@hospital5.example.com,https://www.hospital5.example.com,"Amerihealth, United Healthcare, Aetna, Humana, Highmark",TRILOCK SCAPHOID PLATE,C1713,OUTPATIENT,1756.27,Aetna,Aetna Medicaid CHIP,1083.37,Save $672.9 with Aetna Aetna Medicaid CHIP plan.
hospital5,University Hospital,Hospital,5804 Main St,Philadelphia,PA,19146,39.9432,-75.1855,(555) 596-6066,info@hospital5.example.com,https://www.hospital5.example.com,"Amerihealth, United Healthcare, Aetna, Humana, Highmark",BASIC METABOLIC PANEL,80048,INPATIENT,1379.92,Highmark,Highmark Commercial PROF,1098.47,Save $281.45 with Highmark Highmark Commercial PROF plan.
hospital5,University Hospital,Hospital,5804 Main St,Philadelphia,PA,19146,39.9432,-75.1855,(555) 596-6066,info@hospital5.example.com,https://www.hospital5.example.com,"Amerihealth, United Healthcare, Aetna, Humana, Highmark",BASIC METABOLIC PANEL,80048,OUTPATIENT,1379.92,Highmark,Highmark Commercial PROF,1098.47,Save $281.45 with Highmark Highmark Commercial PROF plan.
hospital5,University Hospital,Hospital,5804 Main St,Philadelphia,PA,19146,39.9432,-75.1855,(555) 596-6066,info@hospital5.example.com,https://www.hospital5.example.com,"Amerihealth, United Healthcare, Aetna, Humana, Highmark",BASIC METABOLIC PANEL,80048,INPATIENT,1379.92,Highmark,Highmark Medicare,1025.44,Save $354.48 with Highmark Highmark Medicare plan.
hospital5,University Hospital,Hospital,5804 Main St,Philadelphia,PA,19146,39.9432,-75.1855,(555) 596-6066,info@hospital5.example.com,https://www.hospital5.example.com,"Amerihealth, United Healthcare, Aetna, Humana, Highmark",BASIC METABOLIC PANEL,80048,OUTPATIENT,1379.92,Highmark,Highmark Medicare,1025.44,Save $354.48 with Highmark Highmark Medicare plan.
hospital5,University Hospital,Hospital,5804 Main St,Philadelphia,PA,19146,39.9432,-75.1855,(555) 596-6066,info@hospital5.example.com,https://www.hospital5.example.com,"Amerihealth, United Healthcare, Aetna, Humana, Highmark",COMPLETE BLOOD COUNT,85025,INPATIENT,690.38,,,,"Only standard charge, no insurance pricing available."
hospital5,University Hospital,Hospital,5804 Main St,Philadelphia,PA,19146,39.9432,-75.1855,(555) 596-6066,info@hospital5.example.com,https://www.hospital5.example.com,"Amerihealth, United Healthcare, Aetna, Humana, Highmark",COMPLETE BLOOD COUNT,85025,OUTPATIENT,690.38,,,,"Only standard charge, no insurance pricing available."
hospital5,University Hospital,Hospital,5804 Main St,Philadelphia,PA,19146,39.9432,-75.1855,(555) 596-6066,info@hospital5.example.com,https://www.hospital5.example.com,"Amerihealth, United Healthcare, Aetna, Humana, Highmark",CHEST X-RAY,71045,INPATIENT,276.72,Amerihealth,Amerihealth Commercial,253.16,Save $23.56 with Amerihealth Amerihealth Commercial plan.
hospital5,University Hospital,Hospital,5804 Main St,Philadelphia,PA,19146,39.9432,-75.1855,(555) 596-6066,info@hospital5.example.com,https://www.hospital5.example.com,"Amerihealth, United Healthcare, Aetna, Humana, Highmark",CHEST X-RAY,71045,OUTPATIENT,276.72,Amerihealth,Amerihealth Commercial,253.16,Save $23.56 with Amerihealth Amerihealth Commercial plan.
hospital5,University Hospital,Hospital,5804 Main St,Philadelphia,PA,19146,39.9432,-75.1855,(555) 596-6066,info@hospital5.example.com,https://www.hospital5.example.com,"Amerihealth, United Healthcare, Aetna, Humana, Highmark",CHEST X-RAY,71045,INPATIENT,276.72,Amerihealth,Amerihealth Medicare,152.77,Save $123.95 with Amerihealth Amerihealth Medicare plan.
hospital5,University Hospital,Hospital,5804 Main St,Philadelphia,PA,19146,39.9432,-75.1855,(555) 596-6066,info@hospital5.example.com,https://www.hospital5.example.com,"Amerihealth, United Healthcare, Aetna, Humana, Highmark",CHEST X-RAY,71045,OUTPATIENT,276.72,Amerihealth,Amerihealth Medicare,152.77,Save $123.95 with Amerihealth Amerihealth Medicare plan.
hospital5,University Hospital,Hospital,5804 Main St,Philadelphia,PA,19146,39.9432,-75.1855,(555) 596-6066,info@hospital5.example.com,https://www.hospital5.example.com,"Amerihealth, United Healthcare, Aetna, Humana, Highmark",CHEST X-RAY,71045,INPATIENT,276.72,Aetna,Aetna Commercial,212.97,Save $63.75 with Aetna Aetna Commercial plan.
hospital5,University Hospital,Hospital,5804 Main St,Philadelphia,PA,19146,39.9432,-75.1855,(555) 596-6066,info@hospital5.example.com,https://www.hospital5.example.com,"Amerihealth, United Healthcare, Aetna, Humana, Highmark",CHEST X-RAY,71045,OUTPATIENT,276.72,Aetna,Aetna Commercial,212.97,Save $63.75 with Aetna Aetna Commercial plan.
hospital5,University Hospital,Hospital,5804 Main St,Philadelphia,PA,19146,39.9432,-75.1855,(555) 596-6066,info@hospital5.example.com,https://www.hospital5.example.com,"Amerihealth, United Healthcare, Aetna, Humana, Highmark",CHEST X-RAY,71045,INPATIENT,276.72,Aetna,Aetna Medicaid CHIP,250.97,Save $25.75 with Aetna Aetna Medicaid CHIP plan.
hospital5,University Hospital,Hospital,5804 Main St,Philadelphia,PA,19146,39.9432,-75.1855,(555) 596-6066,info@hospital5.example.com,https://www.hospital5.example.com,"Amerihealth, United Healthcare, Aetna, Humana, Highmark",CHEST X-RAY,71045,OUTPATIENT,276.72,Aetna,Aetna Medicaid CHIP,250.97,Save $25.75 with Aetna Aetna Medicaid CHIP plan.
hospital5,University Hospital,Hospital,5804 Main St,Philadelphia,PA,19146,39.9432,-75.1855,(555) 596-6066,info@hospital5.example.com,https://www.hospital5.example.com,"Amerihealth, United Healthcare, Aetna, Humana, Highmark",CHEST X-RAY,71045,INPATIENT,276.72,Humana,Humana Commercial,237.2,Save $39.52 with Humana Humana Commercial plan.
hospital5,University Hospital,Hospital,5804 Main St,Philadelphia,PA,19146,39.9432,-75.1855,(555) 596-6066,info@hospital5.example.com,https://www.hospital5.example.com,"Amerihealth, United Healthcare, Aetna, Humana, Highmark",CHEST X-RAY,71045,OUTPATIENT,276.72,Humana,Humana Commercial,237.2,Save $39.52 with Humana Humana Commercial plan.
hospital5,University Hospital,Hospital,5804 Main St,Philadelphia,PA,19146,39.9432,-75.1855,(555) 596-6066,info@hospital5.example.com,https://www.hospital5.example.com,"Amerihealth, United Healthcare, Aetna, Humana, Highmark",CHEST X-RAY,71045,INPATIENT,276.72,Humana,Humana Medicare HMO,179.56,Save $97.16 with Humana Humana Medicare HMO plan.
hospital5,University Hospital,Hospital,5804 Main St,Philadelphia,PA,19146,39.9432,-75.1855,(555) 596-6066,info@hospital5.example.com,https://www.hospital5.example.com,"Amerihealth, United Healthcare, Aetna, Humana, Highmark",CHEST X-RAY,71045,OUTPATIENT,276.72,Humana,Humana Medicare HMO,179.56,Save $97.16 with Humana Humana Medicare HMO plan.
hospital5,University Hospital,Hospital,5804 Main St,Philadelphia,PA,19146,39.9432,-75.1855,(555) 596-6066,info@hospital5.example.com,https://www.hospital5.example.com,"Amerihealth, United Healthcare, Aetna, Humana, Highmark",CHEST X-RAY,71045,INPATIENT,276.72,Humana,Humana Medicare PPO,190.48,Save $86.24 with Humana Humana Medicare PPO plan.
hospital5,University Hospital,Hospital,5804 Main St,Philadelphia,PA,19146,39.9432,-75.1855,(555) 596-6066,info@hospital5.example.com,https://www.hospital5.example.com,"Amerihealth, United Healthcare, Aetna, Humana, Highmark",CHEST X-RAY,71045,OUTPATIENT,276.72,Humana,Humana Medicare PPO,190.48,Save $86.24 with Humana Humana Medicare PPO plan.
hospital5,University Hospital,Hospital,5804 Main St,Philadelphia,PA,19146,39.9432,-75.1855,(555) 596-6066,info@hospital5.example.com,https://www.hospital5.example.com,"Amerihealth, United Healthcare, Aetna, Humana, Highmark",1 CC STERILE SYRINGE&NEEDLE,A4206,INPATIENT,1151.91,Aetna,Aetna Medicaid CHIP,870.5,Save $281.41 with Aetna Aetna Medicaid CHIP plan.
hospital5,University Hospital,Hospital,5804 Main St,Philadelphia,PA,19146,39.9432,-75.1855,(555) 596-6066,info@hospital5.example.com,https://www.hospital5.example.com,"Amerihealth, United Healthcare, Aetna, Humana, Highmark",1 CC STERILE SYRINGE&NEEDLE,A4206,OUTPATIENT,1151.91,Aetna,Aetna Medicaid CHIP,870.5,Save $281.41 with Aetna Aetna Medicaid CHIP plan.
hospital5,University Hospital,Hospital,5804 Main St,Philadelphia,PA,19146,39.9432,-75.1855,(555) 596-6066,info@hospital5.example.com,https://www.hospital5.example.com,"Amerihealth, United Healthcare, Aetna, Humana, Highmark",1 CC STERILE SYRINGE&NEEDLE,A4206,INPATIENT,1151.91,Aetna,Aetna Commercial,945.02,Save $206.89 with Aetna Aetna Commercial plan.
hospital5,University Hospital,Hospital,5804 Main St,Philadelphia,PA,19146,39.9432,-75.1855,(555) 596-6066,info@hospital5.example.com,https://www.hospital5.example.com,"Amerihealth, United Healthcare, Aetna, Humana, Highmark",1 CC STERILE SYRINGE&NEEDLE,A4206,OUTPATIENT,1151.91,Aetna,Aetna Commercial,945.02,Save $206.89 with Aetna Aetna Commercial plan.
hospital5,University Hospital,Hospital,5804 Main St,Philadelphia,PA,19146,39.9432,-75.1855,(555) 596-6066,info@hospital5.example.com,https://www.hospital5.example.com,"Amerihealth, United Healthcare, Aetna, Humana, Highmark",1 CC STERILE SYRINGE&NEEDLE,A4206,INPATIENT,1151.91,Highmark,Highmark ACA Products PROF,927.74,Save $224.17 with Highmark Highmark ACA Products PROF plan.
hospital5,University Hospital,Hospital,5804 Main St,Philadelphia,PA,19146,39.9432,-75.1855,(555) 596-6066,info@hospital5.example.com,https://www.hospital5.example.com,"Amerihealth, United Healthcare, Aetna, Humana, Highmark",1 CC STERILE SYRINGE&NEEDLE,A4206,OUTPATIENT,1151.91,Highmark,Highmark ACA Products PROF,927.74,Save $224.17 with Highmark Highmark ACA Products PROF plan.
hospital5,University Hospital,Hospital,5804 Main St,Philadelphia,PA,19146,39.9432,-75.1855,(555) 596-6066,info@hospital5.example.com,https://www.hospital5.example.com,"Amerihealth, United Healthcare, Aetna, Humana, Highmark",BASIC METABOLIC PANEL,80048,INPATIENT,1426.11,Amerihealth,Amerihealth Commercial,1002.95,Save $423.16 with Amerihealth Amerihealth Commercial plan.
hospital5,University Hospital,Hospital,5804 Main St,Philadelphia,PA,19146,39.9432,-75.1855,(555) 596-6066,info@hospital5.example.com,https://www.hospital5.example.com,"Amerihealth, United Healthcare, Aetna, Humana, Highmark",BASIC METABOLIC PANEL,80048,OUTPATIENT,1426.11,Amerihealth,Amerihealth Commercial,1002.95,Save $423.16 with Amerihealth Amerihealth Commercial plan.
hospital5,University Hospital,Hospital,5804 Main St,Philadelphia,PA,19146,39.9432,-75.1855,(555) 596-6066,info@hospital5.example.com,https://www.hospital5.example.com,"Amerihealth, United Healthcare, Aetna, Humana, Highmark",BASIC METABOLIC PANEL,80048,INPATIENT,1426.11,Highmark,Highmark Commercial PROF,1042.89,Save $383.22 with Highmark Highmark Commercial PROF plan.
hospital5,University Hospital,Hospital,5804 Main St,Philadelphia,PA,19146,39.9432,-75.1855,(555) 596-6066,info@hospital5.example.com,https://www.hospital5.example.com,"Amerihealth, United Healthcare, Aetna, Humana, Highmark",BASIC METABOLIC PANEL,80048,OUTPATIENT,1426.11,Highmark,Highmark Commercial PROF,1042.89,Save $383.22 with Highmark Highmark Commercial PROF plan.
hospital5,University Hospital,Hospital,5804 Main St,Philadelphia,PA,19146,39.9432,-75.1855,(555) 596-6066,info@hospital5.example.com,https://www.hospital5.example.com,"Amerihealth, United Healthcare, Aetna, Humana, Highmark",BASIC METABOLIC PANEL,80048,INPATIENT,1426.11,Highmark,Highmark Medicare,1129.57,Save $296.54 with Highmark Highmark Medicare plan.
hospital5,University Hospital,Hospital,5804 Main St,Philadelphia,PA,19146,39.9432,-75.1855,(555) 596-6066,info@hospital5.example.com,https://www.hospital5.example.com,"Amerihealth, United Healthcare, Aetna, Humana, Highmark",BASIC METABOLIC PANEL,80048,OUTPATIENT,1426.11,Highmark,Highmark Medicare,1129.57,Save $296.54 with Highmark Highmark Medicare plan.
hospital5,University Hospital,Hospital,5804 Main St,Philadelphia,PA,19146,39.9432,-75.1855,(555) 596-6066,info@hospital5.example.com,https://www.hospital5.example.com,"Amerihealth, United Healthcare, Aetna, Humana, Highmark",ABDOMINAL CT SCAN,74150,INPATIENT,241.24,Highmark,Highmark Commercial PROF,181.19,Save $60.05 with Highmark Highmark Commercial PROF plan.
hospital5,University Hospital,Hospital,5804 Main St,Philadelphia,PA,19146,39.9432,-75.1855,(555) 596-6066,info@hospital5.example.com,https://www.hospital5.example.com,"Amerihealth, United Healthcare, Aetna, Humana, Highmark",ABDOMINAL CT SCAN,74150,OUTPATIENT,241.24,Highmark,Highmark Commercial PROF,181.19,Save $60.05 with Highmark Highmark Commercial PROF plan.
hospital5,University Hospital,Hospital,5804 Main St,Philadelphia,PA,19146,39.9432,-75.1855,(555) 596-6066,info@hospital5.example.com,https://www.hospital5.example.com,"Amerihealth, United Healthcare, Aetna, Humana, Highmark",ABDOMINAL CT SCAN,74150,INPATIENT,241.24,Highmark,Highmark ACA Products PROF,150.95,Save $90.29 with Highmark Highmark ACA Products PROF plan.
hospital5,University Hospital,Hospital,5804 Main St,Philadelphia,PA,19146,39.9432,-75.1855,(555) 596-6066,info@hospital5.example.com,https://www.hospital5.example.com,"Amerihealth, United Healthcare, Aetna, Humana, Highmark",ABDOMINAL CT SCAN,74150,OUTPATIENT,241.24,Highmark,Highmark ACA Products PROF,150.95,Save $90.29 with Highmark Highmark ACA Products PROF plan.
hospital5,University Hospital,Hospital,5804 Main St,Philadelphia,PA,19146,39.9432,-75.1855,(555) 596-6066,info@hospital5.example.com,https://www.hospital5.example.com,"Amerihealth, United Healthcare, Aetna, Humana, Highmark",ABDOMINAL CT SCAN,74150,INPATIENT,241.24,Highmark,Highmark Medicare,122.16,Save $119.08 with Highmark Highmark Medicare plan.
hospital5,University Hospital,Hospital,5804 Main St,Philadelphia,PA,19146,39.9432,-75.1855,(555) 596-6066,info@hospital5.example.com,https://www.hospital5.example.com,"Amerihealth, United Healthcare, Aetna, Humana, Highmark",ABDOMINAL CT SCAN,74150,OUTPATIENT,241.24,Highmark,Highmark Medicare,122.16,Save $119.08 with Highmark Highmark Medicare plan.
hospital5,University Hospital,Hospital,5804 Main St,Philadelphia,PA,19146,39.9432,-75.1855,(555) 596-6066,info@hospital5.example.com,https://www.hospital5.example.com,"Amerihealth, United Healthcare, Aetna, Humana, Highmark",ABDOMINAL CT SCAN,74150,INPATIENT,241.24,United Healthcare,United Healthcare Medicaid,228.93,Save $12.31 with United Healthcare United Healthcare Medicaid plan.
hospital5,University Hospital,Hospital,5804 Main St,Philadelphia,PA,19146,39.9432,-75.1855,(555) 596-6066,info@hospital5.example.com,https://www.hospital5.example.com,"Amerihealth, United Healthcare, Aetna, Humana, Highmark",ABDOMINAL CT SCAN,74150,OUTPATIENT,241.24,United Healthcare,United Healthcare Medicaid,228.93,Save $12.31 with United Healthcare United Healthcare Medicaid plan.
hospital5,University Hospital,Hospital,5804 Main St,Philadelphia,PA,19146,39.9432,-75.1855,(555) 596-6066,info@hospital5.example.com,https://www.hospital5.example.com,"Amerihealth, United Healthcare, Aetna, Humana, Highmark",ABDOMINAL CT SCAN,74150,INPATIENT,241.24,United Healthcare,United Healthcare CHIP,195.12,Save $46.12 with United Healthcare United Healthcare CHIP plan.
hospital5,University Hospital,Hospital,5804 Main St,Philadelphia,PA,19146,39.9432,-75.1855,(555) 596-6066,info@hospital5.example.com,https://www.hospital5.example.com,"Amerihealth, United Healthcare, Aetna, Humana, Highmark",ABDOMINAL CT SCAN,74150,OUTPATIENT,241.24,United Healthcare,United Healthcare CHIP,195.12,Save $46.12 with United Healthcare United Healthcare CHIP plan.
hospital5,University Hospital,Hospital,5804 Main St,Philadelphia,PA,19146,39.9432,-75.1855,(555) 596-6066,info@hospital5.example.com,https://www.hospital5.example.com,"Amerihealth, United Healthcare, Aetna, Humana, Highmark",TRILOCK SCAPHOID PLATE,C1713,INPATIENT,832.08,Amerihealth,Amerihealth Medicaid HC,560.97,Save $271.11 with Amerihealth Amerihealth Medicaid HC plan.
hospital5,University Hospital,Hospital,5804 Main St,Philadelphia,PA,19146,39.9432,-75.1855,(555) 596-6066,info@hospital5.example.com,https://www.hospital5.example.com,"Amerihealth, United Healthcare, Aetna, Humana, Highmark",TRILOCK SCAPHOID PLATE,C1713,OUTPATIENT,832.08,Amerihealth,Amerihealth Medicaid HC,560.97,Save $271.11 with Amerihealth Amerihealth Medicaid HC plan.
hospital5,University Hospital,Hospital,5804 Main St,Philadelphia,PA,19146,39.9432,-75.1855,(555) 596-6066,info@hospital5.example.com,https://www.hospital5.example.com,"Amerihealth, United Healthcare, Aetna, Humana, Highmark",TRILOCK SCAPHOID PLATE,C1713,INPATIENT,832.08,Amerihealth,Amerihealth Medicare,513.78,Save $318.3 with Amerihealth Amerihealth Medicare plan.
hospital5,University Hospital,Hospital,5804 Main St,Philadelphia,PA,19146,39.9432,-75.1855,(555) 596-6066,info@hospital5.example.com,https://www.hospital5.example.com,"Amerihealth, United Healthcare, Aetna, Humana, Highmark",TRILOCK SCAPHOID PLATE,C1713,OUTPATIENT,832.08,Amerihealth,Amerihealth Medicare,513.78,Save $318.3 with Amerihealth Amerihealth Medicare plan.
hospital5,University Hospital,Hospital,5804 Main St,Philadelphia,PA,19146,39.9432,-75.1855,(555) 596-6066,info@hospital5.example.com,https://www.hospital5.example.com,"Amerihealth, United Healthcare, Aetna, Humana, Highmark",TRILOCK SCAPHOID PLATE,C1713,INPATIENT,832.08,United Healthcare,United Healthcare CHIP,589.57,Save $242.51 with United Healthcare United Healthcare CHIP plan.
hospital5,University Hospital,Hospital,5804 Main St,Philadelphia,PA,19146,39.9432,-75.1855,(555) 596-6066,info@hospital5.example.com,https://www.hospital5.example.com,"Amerihealth, United Healthcare, Aetna, Humana, Highmark",TRILOCK SCAPHOID PLATE,C1713,OUTPATIENT,832.08,United Healthcare,United Healthcare CHIP,589.57,Save $242.51 with United Healthcare United Healthcare CHIP plan.
hospital5,University Hospital,Hospital,5804 Main St,Philadelphia,PA,19146,39.9432,-75.1855,(555) 596-6066,info@hospital5.example.com,https://www.hospital5.example.com,"Amerihealth, United Healthcare, Aetna, Humana, Highmark",TRILOCK SCAPHOID PLATE,C1713,INPATIENT,832.08,United Healthcare,United Healthcare Medicaid,578.35,Save $253.73 with United Healthcare United Healthcare Medicaid plan.
hospital5,University Hospital,Hospital,5804 Main St,Philadelphia,PA,19146,39.9432,-75.1855,(555) 596-6066,info@hospital5.example.com,https://www.hospital5.example.com,"Amerihealth, United Healthcare, Aetna, Humana, Highmark",TRILOCK SCAPHOID PLATE,C1713,OUTPATIENT,832.08,United Healthcare,United Healthcare Medicaid,578.35,Save $253.73 with United Healthcare United Healthcare Medicaid plan.
hospital5,University Hospital,Hospital,5804 Main St,Philadelphia,PA,19146,39.9432,-75.1855,(555) 596-6066,info@hospital5.example.com,https://www.hospital5.example.com,"Amerihealth, United Healthcare, Aetna, Humana, Highmark",TRILOCK SCAPHOID PLATE,C1713,INPATIENT,832.08,United Healthcare,United Healthcare Commercial,562.98,Save $269.1 with United Healthcare United Healthcare Commercial plan.
hospital5,University Hospital,Hospital,5804 Main St,Philadelphia,PA,19146,39.9432,-75.1855,(555) 596-6066,info@hospital5.example.com,https://www.hospital5.example.com,"Amerihealth, United Healthcare, Aetna, Humana, Highmark",TRILOCK SCAPHOID PLATE,C1713,OUTPATIENT,832.08,United Healthcare,United Healthcare Commercial,562.98,Save $269.1 with United Healthcare United Healthcare Commercial plan.
hospital5,University Hospital,Hospital,5804 Main St,Philadelphia,PA,19146,39.9432,-75.1855,(555) 596-6066,info@hospital5.example.com,https://www.hospital5.example.com,"Amerihealth, United Healthcare, Aetna, Humana, Highmark",TRILOCK SCAPHOID PLATE,C1713,INPATIENT,832.08,Highmark,Highmark Commercial PROF,571.42,Save $260.66 with Highmark Highmark Commercial PROF plan.
hospital5,University Hospital,Hospital,5804 Main St,Philadelphia,PA,19146,39.9432,-75.1855,(555) 596-6066,info@hospital5.example.com,https://www.hospital5.example.com,"Amerihealth, United Healthcare, Aetna, Humana, Highmark",TRILOCK SCAPHOID PLATE,C1713,OUTPATIENT,832.08,Highmark,Highmark Commercial PROF,571.42,Save $260.66 with Highmark Highmark Commercial PROF plan.
hospital5,University Hospital,Hospital,5804 Main St,Philadelphia,PA,19146,39.9432,-75.1855,(555) 596-6066,info@hospital5.example.com,https://www.hospital5.example.com,"Amerihealth, United Healthcare, Aetna, Humana, Highmark",BASIC METABOLIC PANEL,80048,INPATIENT,1191.65,Amerihealth,Amerihealth Medicaid HC,712.07,Save $479.58 with Amerihealth Amerihealth Medicaid HC plan.
hospital5,University Hospital,Hospital,5804 Main St,Philadelphia,PA,19146,39.9432,-75.1855,(555) 596-6066,info@hospital5.example.com,https://www.hospital5.example.com,"Amerihealth, United Healthcare, Aetna, Humana, Highmark",BASIC METABOLIC PANEL,80048,OUTPATIENT,1191.65,Amerihealth,Amerihealth Medicaid HC,712.07,Save $479.58 with Amerihealth Amerihealth Medicaid HC plan.
hospital5,University Hospital,Hospital,5804 Main St,Philadelphia,PA,19146,39.9432,-75.1855,(555) 596-6066,info@hospital5.example.com,https://www.hospital5.example.com,"Amerihealth, United Healthcare, Aetna, Humana, Highmark",BASIC METABOLIC PANEL,80048,INPATIENT,1191.65,Amerihealth,Amerihealth Commercial,714.22,Save $477.43 with Amerihealth Amerihealth Commercial plan.
hospital5,University Hospital,Hospital,5804 Main St,Philadelphia,PA,19146,39.9432,-75.1855,(555) 596-6066,info@hospital5.example.com,https://www.hospital5.example.com,"Amerihealth, United Healthcare, Aetna, Humana, Highmark",BASIC METABOLIC PANEL,80048,OUTPATIENT,1191.65,Amerihealth,Amerihealth Commercial,714.22,Save $477.43 with Amerihealth Amerihealth Commercial plan.
hospital5,University Hospital,Hospital,5804 Main St,Philadelphia,PA,19146,39.9432,-75.1855,(555) 596-6066,info@hospital5.example.com,https://www.hospital5.example.com,"Amerihealth, United Healthcare, Aetna, Humana, Highmark",BASIC METABOLIC PANEL,80048,INPATIENT,1191.65,Amerihealth,Amerihealth Medicare,919.28,Save $272.37 with Amerihealth Amerihealth Medicare plan.
hospital5,University Hospital,Hospital,5804 Main St,Philadelphia,PA,19146,39.9432,-75.1855,(555) 596-6066,info@hospital5.example.com,https://www.hospital5.example.com,"Amerihealth, United Healthcare, Aetna, Humana, Highmark",BASIC METABOLIC PANEL,80048,OUTPATIENT,1191.65,Amerihealth,Amerihealth Medicare,919.28,Save $272.37 with Amerihealth Amerihealth Medicare plan.
hospital5,University Hospital,Hospital,5804 Main St,Philadelphia,PA,19146,39.9432,-75.1855,(555) 596-6066,info@hospital5.example.com,https://www.hospital5.example.com,"Amerihealth, United Healthcare, Aetna, Humana, Highmark",BASIC METABOLIC PANEL,80048,INPATIENT,1191.65,Humana,Humana Medicare PPO,1050.1,Save $141.55 with Humana Humana Medicare PPO plan.
hospital5,University Hospital,Hospital,5804 Main St,Philadelphia,PA,19146,39.9432,-75.1855,(555) 596-6066,info@hospital5.example.com,https://www.hospital5.example.com,"Amerihealth, United Healthcare, Aetna, Humana, Highmark",BASIC METABOLIC PANEL,80048,OUTPATIENT,1191.65,Humana,Humana Medicare PPO,1050.1,Save $141.55 with Humana Humana Medicare PPO plan.
hospital5,University Hospital,Hospital,5804 Main St,Philadelphia,PA,19146,39.9432,-75.1855,(555) 596-6066,info@hospital5.example.com,https://www.hospital5.example.com,"Amerihealth, United Healthcare, Aetna, Humana, Highmark",BASIC METABOLIC PANEL,80048,INPATIENT,863.27,Amerihealth,Amerihealth Medicare,618.42,Save $244.85 with Amerihealth Amerihealth Medicare plan.
hospital5,University Hospital,Hospital,5804 Main St,Philadelphia,PA,19146,39.9432,-75.1855,(555) 596-6066,info@hospital5.example.com,https://www.hospital5.example.com,"Amerihealth, United Healthcare, Aetna, Humana, Highmark",BASIC METABOLIC PANEL,80048,OUTPATIENT,863.27,Amerihealth,Amerihealth Medicare,618.42,Save $244.85 with Amerihealth Amerihealth Medicare plan.
hospital5,University Hospital,Hospital,5804 Main St,Philadelphia,PA,19146,39.9432,-75.1855,(555) 596-6066,info@hospital5.example.com,https://www.hospital5.example.com,"Amerihealth, United Healthcare, Aetna, Humana, Highmark",BASIC METABOLIC PANEL,80048,INPATIENT,863.27,Amerihealth,Amerihealth Medicaid HC,696.68,Save $166.59 with Amerihealth Amerihealth Medicaid HC plan.
hospital5,University Hospital,Hospital,5804 Main St,Philadelphia,PA,19146,39.9432,-75.1855,(555) 596-6066,info@hospital5.example.com,https://www.hospital5.example.com,"Amerihealth, United Healthcare, Aetna, Humana, Highmark",BASIC METABOLIC PANEL,80048,OUTPATIENT,863.27,Amerihealth,Amerihealth Medicaid HC,696.68,Save $166.59 with Amerihealth Amerihealth Medicaid HC plan.
hospital5,University Hospital,Hospital,5804 Main St,Philadelphia,PA,19146,39.9432,-75.1855,(555) 596-6066,info@hospital5.example.com,https://www.hospital5.example.com,"Amerihealth, United Healthcare, Aetna, Humana, Highmark",BASIC METABOLIC PANEL,80048,INPATIENT,863.27,Amerihealth,Amerihealth Commercial,630.5,Save $232.77 with Amerihealth Amerihealth Commercial plan.
hospital5,University Hospital,Hospital,5804 Main St,Philadelphia,PA,19146,39.9432,-75.1855,(555) 596-6066,info@hospital5.example.com,https://www.hospital5.example.com,"Amerihealth, United Healthcare, Aetna, Humana, Highmark",BASIC METABOLIC PANEL,80048,OUTPATIENT,863.27,Amerihealth,Amerihealth Commercial,630.5,Save $232.77 with Amerihealth Amerihealth Commercial plan.
hospital5,University Hospital,Hospital,5804 Main St,Philadelphia,PA,19146,39.9432,-75.1855,(555) 596-6066,info@hospital5.example.com,https://www.hospital5.example.com,"Amerihealth, United Healthcare, Aetna, Humana, Highmark",BASIC METABOLIC PANEL,80048,INPATIENT,863.27,Highmark,Highmark Commercial PROF,656.58,Save $206.69 with Highmark Highmark Commercial PROF plan.
hospital5,University Hospital,Hospital,5804 Main St,Philadelphia,PA,19146,39.9432,-75.1855,(555) 596-6066,info@hospital5.example.com,https://www.hospital5.example.com,"Amerihealth, United Healthcare, Aetna, Humana, Highmark",BASIC METABOLIC PANEL,80048,OUTPATIENT,863.27,Highmark,Highmark Commercial PROF,656.58,Save $206.69 with Highmark Highmark Commercial PROF plan.
hospital5,University Hospital,Hospital,5804 Main St,Philadelphia,PA,19146,39.9432,-75.1855,(555) 596-6066,info@hospital5.example.com,https://www.hospital5.example.com,"Amerihealth, United Healthcare, Aetna, Humana, Highmark",BASIC METABOLIC PANEL,80048,INPATIENT,863.27,Highmark,Highmark Medicare,732.92,Save $130.35 with Highmark Highmark Medicare plan.
hospital5,University Hospital,Hospital,5804 Main St,Philadelphia,PA,19146,39.9432,-75.1855,(555) 596-6066,info@hospital5.example.com,https://www.hospital5.example.com,"Amerihealth, United Healthcare, Aetna, Humana, Highmark",BASIC METABOLIC PANEL,80048,OUTPATIENT,863.27,Highmark,Highmark Medicare,732.92,Save $130.35 with Highmark Highmark Medicare plan.
hospital5,University Hospital,Hospital,5804 Main St,Philadelphia,PA,19146,39.9432,-75.1855,(555) 596-6066,info@hospital5.example.com,https://www.hospital5.example.com,"Amerihealth, United Healthcare, Aetna, Humana, Highmark",BASIC METABOLIC PANEL,80048,INPATIENT,863.27,Highmark,Highmark ACA Products PROF,748.81,Save $114.46 with Highmark Highmark ACA Products PROF plan.
hospital5,University Hospital,Hospital,5804 Main St,Philadelphia,PA,19146,39.9432,-75.1855,(555) 596-6066,info@hospital5.example.com,https://www.hospital5.example.com,"Amerihealth, United Healthcare, Aetna, Humana, Highmark",BASIC METABOLIC PANEL,80048,OUTPATIENT,863.27,Highmark,Highmark ACA Products PROF,748.81,Save $114.46 with Highmark Highmark ACA Products PROF plan.
hospital5,University Hospital,Hospital,5804 Main St,Philadelphia,PA,19146,39.9432,-75.1855,(555) 596-6066,info@hospital5.example.com,https://www.hospital5.example.com,"Amerihealth, United Healthcare, Aetna, Humana, Highmark",BASIC METABOLIC PANEL,80048,INPATIENT,863.27,Aetna,Aetna Commercial,494.32,Save $368.95 with Aetna Aetna Commercial plan.
hospital5,University Hospital,Hospital,5804 Main St,Philadelphia,PA,19146,39.9432,-75.1855,(555) 596-6066,info@hospital5.example.com,https://www.hospital5.example.com,"Amerihealth, United Healthcare, Aetna, Humana, Highmark",BASIC METABOLIC PANEL,80048,OUTPATIENT,863.27,Aetna,Aetna Commercial,494.32,Save $368.95 with Aetna Aetna Commercial plan.
hospital5,University Hospital,Hospital,5804 Main St,Philadelphia,PA,19146,39.9432,-75.1855,(555) 596-6066,info@hospital5.example.com,https://www.hospital5.example.com,"Amerihealth, United Healthcare, Aetna, Humana, Highmark",BASIC METABOLIC PANEL,80048,INPATIENT,863.27,Aetna,Aetna Medicare,558.2,Save $305.07 with Aetna Aetna Medicare plan.
hospital5,University Hospital,Hospital,5804 Main St,Philadelphia,PA,19146,39.9432,-75.1855,(555) 596-6066,info@hospital5.example.com,https://www.hospital5.example.com,"Amerihealth, United Healthcare, Aetna, Humana, Highmark",BASIC METABOLIC PANEL,80048,OUTPATIENT,863.27,Aetna,Aetna Medicare,558.2,Save $305.07 with Aetna Aetna Medicare plan.
