Service Description,Service Code,Setting,Standard Charge,Insurance,Plan Name,Negotiated Amount,Comments,Hospital Name,Hospital ID,Postal Code,City,State,Latitude,Longitude
ABDOMINAL CT SCAN,74150,BOTH,214.37,Highmark,Highmark ACA Products PROF,121.45,"This service costs $214.37 as standard price when patient does not have any insurance.
Same service costs $121.45 if patient has 'Highmark ACA Products PROF' insurance plan.",General Hospital,hospital1,19103,Philadelphia,PA,39.9526,-75.1652
ABDOMINAL CT SCAN,74150,BOTH,214.37,,,,Standard charge with no insurance.,General Hospital,hospital1,19103,Philadelphia,PA,39.9526,-75.1652
ABDOMINAL CT SCAN,74150,BOTH,214.37,Amerihealth,Amerihealth Medicaid HC,119.75,"This service costs $214.37 as standard price when patient does not have any insurance.
Same service costs $119.75 if patient has 'Amerihealth Medicaid HC' insurance plan.",General Hospital,hospital1,19103,Philadelphia,PA,39.9526,-75.1652
ABDOMINAL CT SCAN,74150,BOTH,214.37,,,,Standard charge with no insurance.,General Hospital,hospital1,19103,Philadelphia,PA,39.9526,-75.1652
CHG MRI BRAIN,70551,OUTPATIENT,1432.87,Highmark,Highmark ACA Products PROF,1164.65,"This service costs $1432.87 as standard price when patient does not have any insurance.
Same service costs $1164.65 if patient has 'Highmark ACA Products PROF' insurance plan.",General Hospital,hospital1,19103,Philadelphia,PA,39.9526,-75.1652
CHG MRI BRAIN,70551,OUTPATIENT,1432.87,,,,Standard charge with no insurance.,General Hospital,hospital1,19103,Philadelphia,PA,39.9526,-75.1652
COMPLETE BLOOD COUNT,85025,BOTH,1351.51,Humana,Humana Medicare HMO,1038.01,"This service costs $1351.51 as standard price when patient does not have any insurance.
Same service costs $1038.01 if patient has 'Humana Medicare HMO' insurance plan.",General Hospital,hospital1,19103,Philadelphia,PA,39.9526,-75.1652
COMPLETE BLOOD COUNT,85025,BOTH,1351.51,,,,Standard charge with no insurance.,General Hospital,hospital1,19103,Philadelphia,PA,39.9526,-75.1652
CHEST X-RAY,71045,BOTH,1297.53,Highmark,Highmark ACA Products PROF,820.28,"This service costs $1297.53 as standard price when patient does not have any insurance.
Same service costs $820.28 if patient has 'Highmark ACA Products PROF' insurance plan.",General Hospital,hospital1,19103,Philadelphia,PA,39.9526,-75.1652
CHEST X-RAY,71045,BOTH,1297.53,Highmark,Highmark Medicare,1131.6,"This service costs $1297.53 as standard price when patient does not have any insurance.
Same service costs $1131.6 if patient has 'Highmark Medicare' insurance plan.",General Hospital,hospital1,19103,Philadelphia,PA,39.9526,-75.1652
CHEST X-RAY,71045,BOTH,1297.53,Highmark,Highmark Commercial PROF,659.95,"This service costs $1297.53 as standard price when patient does not have any insurance.
Same service costs $659.95 if patient has 'Highmark Commercial PROF' insurance plan.",General Hospital,hospital1,19103,Philadelphia,PA,39.9526,-75.1652
CHEST X-RAY,71045,BOTH,1297.53,,,,Standard charge with no insurance.,General Hospital,hospital1,19103,Philadelphia,PA,39.9526,-75.1652
CHEST X-RAY,71045,BOTH,1297.53,Humana,Humana Medicare PPO,936.56,"This service costs $1297.53 as standard price when patient does not have any insurance.
Same service costs $936.56 if patient has 'Humana Medicare PPO' insurance plan.",General Hospital,hospital1,19103,Philadelphia,PA,39.9526,-75.1652
CHEST X-RAY,71045,BOTH,1297.53,,,,Standard charge with no insurance.,General Hospital,hospital1,19103,Philadelphia,PA,39.9526,-75.1652
CHEST X-RAY,71045,BOTH,1297.53,United Healthcare,United Healthcare Medicaid,1169.98,"This service costs $1297.53 as standard price when patient does not have any insurance.
Same service costs $1169.98 if patient has 'United Healthcare Medicaid' insurance plan.",General Hospital,hospital1,19103,Philadelphia,PA,39.9526,-75.1652
CHEST X-RAY,71045,BOTH,1297.53,United Healthcare,United Healthcare Commercial,858.44,"This service costs $1297.53 as standard price when patient does not have any insurance.
Same service costs $858.44 if patient has 'United Healthcare Commercial' insurance plan.",General Hospital,hospital1,19103,Philadelphia,PA,39.9526,-75.1652
CHEST X-RAY,71045,BOTH,1297.53,,,,Standard charge with no insurance.,General Hospital,hospital1,19103,Philadelphia,PA,39.9526,-75.1652
ACETYLCYSTEINE NON-COMP UNIT,J7608,OUTPATIENT,317.5,,,,"Only standard charge and no price with insurance – meaning this service is provided by the hospital directly, and not through any insurance.",General Hospital,hospital1,19103,Philadelphia,PA,39.9526,-75.1652
ACETYLCYSTEINE NON-COMP UNIT,J7608,INPATIENT,317.5,,,,"Only standard charge and no price with insurance – meaning this service is provided by the hospital directly, and not through any insurance.",General Hospital,hospital1,19103,Philadelphia,PA,39.9526,-75.1652
BASIC METABOLIC PANEL,80048,BOTH,1308.06,Humana,Humana Medicare HMO,838.06,"This service costs $1308.06 as standard price when patient does not have any insurance.
Same service costs $838.06 if patient has 'Humana Medicare HMO' insurance plan.",General Hospital,hospital1,19103,Philadelphia,PA,39.9526,-75.1652
BASIC METABOLIC PANEL,80048,BOTH,1308.06,,,,Standard charge with no insurance.,General Hospital,hospital1,19103,Philadelphia,PA,39.9526,-75.1652
BASIC METABOLIC PANEL,80048,BOTH,1308.06,United Healthcare,United Healthcare Commercial,1217.72,"This service costs $1308.06 as standard price when patient does not have any insurance.
Same service costs $1217.72 if patient has 'United Healthcare Commercial' insurance plan.",General Hospital,hospital1,19103,Philadelphia,PA,39.9526,-75.1652
BASIC METABOLIC PANEL,80048,BOTH,1308.06,,,,Standard charge with no insurance.,General Hospital,hospital1,19103,Philadelphia,PA,39.9526,-75.1652
1 CC STERILE SYRINGE&NEEDLE,A4206,INPATIENT,1010.62,United Healthcare,United Healthcare Medicaid,627.77,"This service costs $1010.62 as standard price when patient does not have any insurance.
Same service costs $627.77 if patient has 'United Healthcare Medicaid' insurance plan.",General Hospital,hospital1,19103,Philadelphia,PA,39.9526,-75.1652
1 CC STERILE SYRINGE&NEEDLE,A4206,OUTPATIENT,1010.62,United Healthcare,United Healthcare Medicaid,627.77,"This service costs $1010.62 as standard price when patient does not have any insurance.
Same service costs $627.77 if patient has 'United Healthcare Medicaid' insurance plan.",General Hospital,hospital1,19103,Philadelphia,PA,39.9526,-75.1652
1 CC STERILE SYRINGE&NEEDLE,A4206,INPATIENT,1010.62,United Healthcare,United Healthcare Commercial,759.4,"This service costs $1010.62 as standard price when patient does not have any insurance.
Same service costs $759.4 if patient has 'United Healthcare Commercial' insurance plan.",General Hospital,hospital1,19103,Philadelphia,PA,39.9526,-75.1652
1 CC STERILE SYRINGE&NEEDLE,A4206,OUTPATIENT,1010.62,United Healthcare,United Healthcare Commercial,759.4,"This service costs $1010.62 as standard price when patient does not have any insurance.
Same service costs $759.4 if patient has 'United Healthcare Commercial' insurance plan.",General Hospital,hospital1,19103,Philadelphia,PA,39.9526,-75.1652
1 CC STERILE SYRINGE&NEEDLE,A4206,INPATIENT,1010.62,,,,Standard charge with no insurance.,General Hospital,hospital1,19103,Philadelphia,PA,39.9526,-75.1652
1 CC STERILE SYRINGE&NEEDLE,A4206,OUTPATIENT,1010.62,,,,Standard charge with no insurance.,General Hospital,hospital1,19103,Philadelphia,PA,39.9526,-75.1652
1 CC STERILE SYRINGE&NEEDLE,A4206,INPATIENT,1010.62,Aetna,Aetna Medicaid CHIP,519.33,"This service costs $1010.62 as standard price when patient does not have any insurance.
Same service costs $519.33 if patient has 'Aetna Medicaid CHIP' insurance plan.",General Hospital,hospital1,19103,Philadelphia,PA,39.9526,-75.1652
1 CC STERILE SYRINGE&NEEDLE,A4206,OUTPATIENT,1010.62,Aetna,Aetna Medicaid CHIP,519.33,"This service costs $1010.62 as standard price when patient does not have any insurance.
Same service costs $519.33 if patient has 'Aetna Medicaid CHIP' insurance plan.",General Hospital,hospital1,19103,Philadelphia,PA,39.9526,-75.1652
1 CC STERILE SYRINGE&NEEDLE,A4206,INPATIENT,1010.62,Aetna,Aetna Commercial,681.21,"This service costs $1010.62 as standard price when patient does not have any insurance.
Same service costs $681.21 if patient has 'Aetna Commercial' insurance plan.",General Hospital,hospital1,19103,Philadelphia,PA,39.9526,-75.1652
1 CC STERILE SYRINGE&NEEDLE,A4206,OUTPATIENT,1010.62,Aetna,Aetna Commercial,681.21,"This service costs $1010.62 as standard price when patient does not have any insurance.
Same service costs $681.21 if patient has 'Aetna Commercial' insurance plan.",General Hospital,hospital1,19103,Philadelphia,PA,39.9526,-75.1652
1 CC STERILE SYRINGE&NEEDLE,A4206,INPATIENT,1010.62,Aetna,Aetna Medicare,906.57,"This service costs $1010.62 as standard price when patient does not have any insurance.
Same service costs $906.57 if patient has 'Aetna Medicare' insurance plan.",General Hospital,hospital1,19103,Philadelphia,PA,39.9526,-75.1652
1 CC STERILE SYRINGE&NEEDLE,A4206,OUTPATIENT,1010.62,Aetna,Aetna Medicare,906.57,"This service costs $1010.62 as standard price when patient does not have any insurance.
Same service costs $906.57 if patient has 'Aetna Medicare' insurance plan.",General Hospital,hospital1,19103,Philadelphia,PA,39.9526,-75.1652
1 CC STERILE SYRINGE&NEEDLE,A4206,INPATIENT,1010.62,,,,Standard charge with no insurance.,General Hospital,hospital1,19103,Philadelphia,PA,39.9526,-75.1652
1 CC STERILE SYRINGE&NEEDLE,A4206,OUTPATIENT,1010.62,,,,Standard charge with no insurance.,General Hospital,hospital1,19103,Philadelphia,PA,39.9526,-75.1652
TRILOCK GRIDPL,C1713,BOTH,752.43,Amerihealth,Amerihealth Medicare,409.94,"This service costs $752.43 as standard price when patient does not have any insurance.
Same service costs $409.94 if patient has 'Amerihealth Medicare' insurance plan.",General Hospital,hospital1,19103,Philadelphia,PA,39.9526,-75.1652
TRILOCK GRIDPL,C1713,BOTH,752.43,Amerihealth,Amerihealth Medicaid HC,414.05,"This service costs $752.43 as standard price when patient does not have any insurance.
Same service costs $414.05 if patient has 'Amerihealth Medicaid HC' insurance plan.",General Hospital,hospital1,19103,Philadelphia,PA,39.9526,-75.1652
TRILOCK GRIDPL,C1713,BOTH,752.43,,,,Standard charge with no insurance.,General Hospital,hospital1,19103,Philadelphia,PA,39.9526,-75.1652
TRILOCK GRIDPL,C1713,BOTH,752.43,Highmark,Highmark ACA Products PROF,714.66,"This service costs $752.43 as standard price when patient does not have any insurance.
Same service costs $714.66 if patient has 'Highmark ACA Products PROF' insurance plan.",General Hospital,hospital1,19103,Philadelphia,PA,39.9526,-75.1652
TRILOCK GRIDPL,C1713,BOTH,752.43,Highmark,Highmark Medicare,697.6,"This service costs $752.43 as standard price when patient does not have any insurance.
Same service costs $697.6 if patient has 'Highmark Medicare' insurance plan.",General Hospital,hospital1,19103,Philadelphia,PA,39.9526,-75.1652
TRILOCK GRIDPL,C1713,BOTH,752.43,,,,Standard charge with no insurance.,General Hospital,hospital1,19103,Philadelphia,PA,39.9526,-75.1652
2D ECHO,93306,OUTPATIENT,1905.9,United Healthcare,United Healthcare Medicaid,1360.01,"This service costs $1905.9 as standard price when patient does not have any insurance.
Same service costs $1360.01 if patient has 'United Healthcare Medicaid' insurance plan.",General Hospital,hospital1,19103,Philadelphia,PA,39.9526,-75.1652
2D ECHO,93306,OUTPATIENT,1905.9,United Healthcare,United Healthcare CHIP,1660.58,"This service costs $1905.9 as standard price when patient does not have any insurance.
Same service costs $1660.58 if patient has 'United Healthcare CHIP' insurance plan.",General Hospital,hospital1,19103,Philadelphia,PA,39.9526,-75.1652
2D ECHO,93306,OUTPATIENT,1905.9,,,,Standard charge with no insurance.,General Hospital,hospital1,19103,Philadelphia,PA,39.9526,-75.1652
TRILOCK SCAPHOID PLATE,C1713,BOTH,381.95,Aetna,Aetna Medicaid CHIP,212.22,"This service costs $381.95 as standard price when patient does not have any insurance.
Same service costs $212.22 if patient has 'Aetna Medicaid CHIP' insurance plan.",General Hospital,hospital1,19103,Philadelphia,PA,39.9526,-75.1652
TRILOCK SCAPHOID PLATE,C1713,BOTH,381.95,Aetna,Aetna Medicare,292.69,"This service costs $381.95 as standard price when patient does not have any insurance.
Same service costs $292.69 if patient has 'Aetna Medicare' insurance plan.",General Hospital,hospital1,19103,Philadelphia,PA,39.9526,-75.1652
TRILOCK SCAPHOID PLATE,C1713,BOTH,381.95,,,,Standard charge with no insurance.,General Hospital,hospital1,19103,Philadelphia,PA,39.9526,-75.1652
1 CC STERILE SYRINGE&NEEDLE,A4206,INPATIENT,1977.8,,,,"Only standard charge and no price with insurance – meaning this service is provided by the hospital directly, and not through any insurance.",General Hospital,hospital1,19103,Philadelphia,PA,39.9526,-75.1652
1 CC STERILE SYRINGE&NEEDLE,A4206,OUTPATIENT,1977.8,,,,"Only standard charge and no price with insurance – meaning this service is provided by the hospital directly, and not through any insurance.",General Hospital,hospital1,19103,Philadelphia,PA,39.9526,-75.1652
TRILOCK GRIDPL,C1713,BOTH,67.24,,,,"Only standard charge and no price with insurance – meaning this service is provided by the hospital directly, and not through any insurance.",General Hospital,hospital1,19103,Philadelphia,PA,39.9526,-75.1652
CHEST X-RAY,71045,BOTH,980.1,,,,"Only standard charge and no price with insurance – meaning this service is provided by the hospital directly, and not through any insurance.",General Hospital,hospital1,19103,Philadelphia,PA,39.9526,-75.1652
CHG MRI BRAIN,70551,OUTPATIENT,1708.52,Humana,Humana Medicare PPO,952.81,"This service costs $1708.52 as standard price when patient does not have any insurance.
Same service costs $952.81 if patient has 'Humana Medicare PPO' insurance plan.",General Hospital,hospital1,19103,Philadelphia,PA,39.9526,-75.1652
CHG MRI BRAIN,70551,OUTPATIENT,1708.52,Humana,Humana Medicare HMO,1015.3,"This service costs $1708.52 as standard price when patient does not have any insurance.
Same service costs $1015.3 if patient has 'Humana Medicare HMO' insurance plan.",General Hospital,hospital1,19103,Philadelphia,PA,39.9526,-75.1652
CHG MRI BRAIN,70551,OUTPATIENT,1708.52,,,,Standard charge with no insurance.,General Hospital,hospital1,19103,Philadelphia,PA,39.9526,-75.1652
CHG MRI BRAIN,70551,OUTPATIENT,1708.52,Highmark,Highmark ACA Products PROF,1095.7,"This service costs $1708.52 as standard price when patient does not have any insurance.
Same service costs $1095.7 if patient has 'Highmark ACA Products PROF' insurance plan.",General Hospital,hospital1,19103,Philadelphia,PA,39.9526,-75.1652
CHG MRI BRAIN,70551,OUTPATIENT,1708.52,Highmark,Highmark Commercial PROF,1073.51,"This service costs $1708.52 as standard price when patient does not have any insurance.
Same service costs $1073.51 if patient has 'Highmark Commercial PROF' insurance plan.",General Hospital,hospital1,19103,Philadelphia,PA,39.9526,-75.1652
CHG MRI BRAIN,70551,OUTPATIENT,1708.52,Highmark,Highmark Medicare,941.47,"This service costs $1708.52 as standard price when patient does not have any insurance.
Same service costs $941.47 if patient has 'Highmark Medicare' insurance plan.",General Hospital,hospital1,19103,Philadelphia,PA,39.9526,-75.1652
CHG MRI BRAIN,70551,OUTPATIENT,1708.52,,,,Standard charge with no insurance.,General Hospital,hospital1,19103,Philadelphia,PA,39.9526,-75.1652
CHEST X-RAY,71045,BOTH,1737.08,Amerihealth,Amerihealth Medicare,1549.36,"This service costs $1737.08 as standard price when patient does not have any insurance.
Same service costs $1549.36 if patient has 'Amerihealth Medicare' insurance plan.",General Hospital,hospital1,19103,Philadelphia,PA,39.9526,-75.1652
CHEST X-RAY,71045,BOTH,1737.08,,,,Standard charge with no insurance.,General Hospital,hospital1,19103,Philadelphia,PA,39.9526,-75.1652
CHEST X-RAY,71045,BOTH,1737.08,United Healthcare,United Healthcare Medicaid,1281.08,"This service costs $1737.08 as standard price when patient does not have any insurance.
Same service costs $1281.08 if patient has 'United Healthcare Medicaid' insurance plan.",General Hospital,hospital1,19103,Philadelphia,PA,39.9526,-75.1652
CHEST X-RAY,71045,BOTH,1737.08,United Healthcare,United Healthcare CHIP,919.46,"This service costs $1737.08 as standard price when patient does not have any insurance.
Same service costs $919.46 if patient has 'United Healthcare CHIP' insurance plan.",General Hospital,hospital1,19103,Philadelphia,PA,39.9526,-75.1652
CHEST X-RAY,71045,BOTH,1737.08,United Healthcare,United Healthcare Commercial,934.18,"This service costs $1737.08 as standard price when patient does not have any insurance.
Same service costs $934.18 if patient has 'United Healthcare Commercial' insurance plan.",General Hospital,hospital1,19103,Philadelphia,PA,39.9526,-75.1652
CHEST X-RAY,71045,BOTH,1737.08,,,,Standard charge with no insurance.,General Hospital,hospital1,19103,Philadelphia,PA,39.9526,-75.1652
1 CC STERILE SYRINGE&NEEDLE,A4206,INPATIENT,45.08,,,,"Only standard charge and no price with insurance – meaning this service is provided by the hospital directly, and not through any insurance.",General Hospital,hospital1,19103,Philadelphia,PA,39.9526,-75.1652
1 CC STERILE SYRINGE&NEEDLE,A4206,OUTPATIENT,45.08,,,,"Only standard charge and no price with insurance – meaning this service is provided by the hospital directly, and not through any insurance.",General Hospital,hospital1,19103,Philadelphia,PA,39.9526,-75.1652
COMPLETE BLOOD COUNT,85025,BOTH,707.43,Highmark,Highmark Commercial PROF,523.22,"This service costs $707.43 as standard price when patient does not have any insurance.
Same service costs $523.22 if patient has 'Highmark Commercial PROF' insurance plan.",General Hospital,hospital1,19103,Philadelphia,PA,39.9526,-75.1652
COMPLETE BLOOD COUNT,85025,BOTH,707.43,Highmark,Highmark ACA Products PROF,499.47,"This service costs $707.43 as standard price when patient does not have any insurance.
Same service costs $499.47 if patient has 'Highmark ACA Products PROF' insurance plan.",General Hospital,hospital1,19103,Philadelphia,PA,39.9526,-75.1652
COMPLETE BLOOD COUNT,85025,BOTH,707.43,Highmark,Highmark Medicare,603.08,"This service costs $707.43 as standard price when patient does not have any insurance.
Same service costs $603.08 if patient has 'Highmark Medicare' insurance plan.",General Hospital,hospital1,19103,Philadelphia,PA,39.9526,-75.1652
COMPLETE BLOOD COUNT,85025,BOTH,707.43,,,,Standard charge with no insurance.,General Hospital,hospital1,19103,Philadelphia,PA,39.9526,-75.1652
BASIC METABOLIC PANEL,80048,BOTH,1511.5,Humana,Humana Commercial,977.78,"This service costs $1511.5 as standard price when patient does not have any insurance.
Same service costs $977.78 if patient has 'Humana Commercial' insurance plan.",General Hospital,hospital1,19103,Philadelphia,PA,39.9526,-75.1652
BASIC METABOLIC PANEL,80048,BOTH,1511.5,Humana,Humana Medicare HMO,913.71,"This service costs $1511.5 as standard price when patient does not have any insurance.
Same service costs $913.71 if patient has 'Humana Medicare HMO' insurance plan.",General Hospital,hospital1,19103,Philadelphia,PA,39.9526,-75.1652
BASIC METABOLIC PANEL,80048,BOTH,1511.5,Humana,Humana Medicare PPO,1188.9,"This service costs $1511.5 as standard price when patient does not have any insurance.
Same service costs $1188.9 if patient has 'Humana Medicare PPO' insurance plan.",General Hospital,hospital1,19103,Philadelphia,PA,39.9526,-75.1652
BASIC METABOLIC PANEL,80048,BOTH,1511.5,,,,Standard charge with no insurance.,General Hospital,hospital1,19103,Philadelphia,PA,39.9526,-75.1652
BASIC METABOLIC PANEL,80048,BOTH,1511.5,Highmark,Highmark Commercial PROF,885.68,"This service costs $1511.5 as standard price when patient does not have any insurance.
Same service costs $885.68 if patient has 'Highmark Commercial PROF' insurance plan.",General Hospital,hospital1,19103,Philadelphia,PA,39.9526,-75.1652
BASIC METABOLIC PANEL,80048,BOTH,1511.5,Highmark,Highmark ACA Products PROF,854.86,"This service costs $1511.5 as standard price when patient does not have any insurance.
Same service costs $854.86 if patient has 'Highmark ACA Products PROF' insurance plan.",General Hospital,hospital1,19103,Philadelphia,PA,39.9526,-75.1652
BASIC METABOLIC PANEL,80048,BOTH,1511.5,,,,Standard charge with no insurance.,General Hospital,hospital1,19103,Philadelphia,PA,39.9526,-75.1652
BASIC METABOLIC PANEL,80048,BOTH,1511.5,Aetna,Aetna Medicaid CHIP,1103.28,"This service costs $1511.5 as standard price when patient does not have any insurance.
Same service costs $1103.28 if patient has 'Aetna Medicaid CHIP' insurance plan.",General Hospital,hospital1,19103,Philadelphia,PA,39.9526,-75.1652
BASIC METABOLIC PANEL,80048,BOTH,1511.5,Aetna,Aetna Commercial,1107.96,"This service costs $1511.5 as standard price when patient does not have any insurance.
Same service costs $1107.96 if patient has 'Aetna Commercial' insurance plan.",General Hospital,hospital1,19103,Philadelphia,PA,39.9526,-75.1652
BASIC METABOLIC PANEL,80048,BOTH,1511.5,,,,Standard charge with no insurance.,General Hospital,hospital1,19103,Philadelphia,PA,39.9526,-75.1652
TRILOCK SCAPHOID PLATE,C1713,BOTH,1794.26,Highmark,Highmark ACA Products PROF,1579.83,"This service costs $1794.26 as standard price when patient does not have any insurance.
Same service costs $1579.83 if patient has 'Highmark ACA Products PROF' insurance plan.",General Hospital,hospital1,19103,Philadelphia,PA,39.9526,-75.1652
TRILOCK SCAPHOID PLATE,C1713,BOTH,1794.26,Highmark,Highmark Medicare,1493.75,"This service costs $1794.26 as standard price when patient does not have any insurance.
Same service costs $1493.75 if patient has 'Highmark Medicare' insurance plan.",General Hospital,hospital1,19103,Philadelphia,PA,39.9526,-75.1652
TRILOCK SCAPHOID PLATE,C1713,BOTH,1794.26,Highmark,Highmark Commercial PROF,1603.32,"This service costs $1794.26 as standard price when patient does not have any insurance.
Same service costs $1603.32 if patient has 'Highmark Commercial PROF' insurance plan.",General Hospital,hospital1,19103,Philadelphia,PA,39.9526,-75.1652
TRILOCK SCAPHOID PLATE,C1713,BOTH,1794.26,,,,Standard charge with no insurance.,General Hospital,hospital1,19103,Philadelphia,PA,39.9526,-75.1652
TRILOCK SCAPHOID PLATE,C1713,BOTH,1794.26,Aetna,Aetna Medicare,1465.01,"This service costs $1794.26 as standard price when patient does not have any insurance.
Same service costs $1465.01 if patient has 'Aetna Medicare' insurance plan.",General Hospital,hospital1,19103,Philadelphia,PA,39.9526,-75.1652
TRILOCK SCAPHOID PLATE,C1713,BOTH,1794.26,Aetna,Aetna Commercial,998.89,"This service costs $1794.26 as standard price when patient does not have any insurance.
Same service costs $998.89 if patient has 'Aetna Commercial' insurance plan.",General Hospital,hospital1,19103,Philadelphia,PA,39.9526,-75.1652
TRILOCK SCAPHOID PLATE,C1713,BOTH,1794.26,Aetna,Aetna Medicaid CHIP,996.08,"This service costs $1794.26 as standard price when patient does not have any insurance.
Same service costs $996.08 if patient has 'Aetna Medicaid CHIP' insurance plan.",General Hospital,hospital1,19103,Philadelphia,PA,39.9526,-75.1652
TRILOCK SCAPHOID PLATE,C1713,BOTH,1794.26,,,,Standard charge with no insurance.,General Hospital,hospital1,19103,Philadelphia,PA,39.9526,-75.1652
TRILOCK SCAPHOID PLATE,C1713,BOTH,1794.26,United Healthcare,United Healthcare Medicaid,1484.79,"This service costs $1794.26 as standard price when patient does not have any insurance.
Same service costs $1484.79 if patient has 'United Healthcare Medicaid' insurance plan.",General Hospital,hospital1,19103,Philadelphia,PA,39.9526,-75.1652
TRILOCK SCAPHOID PLATE,C1713,BOTH,1794.26,United Healthcare,United Healthcare CHIP,1272.1,"This service costs $1794.26 as standard price when patient does not have any insurance.
Same service costs $1272.1 if patient has 'United Healthcare CHIP' insurance plan.",General Hospital,hospital1,19103,Philadelphia,PA,39.9526,-75.1652
TRILOCK SCAPHOID PLATE,C1713,BOTH,1794.26,United Healthcare,United Healthcare Commercial,927.68,"This service costs $1794.26 as standard price when patient does not have any insurance.
Same service costs $927.68 if patient has 'United Healthcare Commercial' insurance plan.",General Hospital,hospital1,19103,Philadelphia,PA,39.9526,-75.1652
TRILOCK SCAPHOID PLATE,C1713,BOTH,1794.26,,,,Standard charge with no insurance.,General Hospital,hospital1,19103,Philadelphia,PA,39.9526,-75.1652
TRILOCK GRIDPL,C1713,BOTH,161.34,,,,"Only standard charge and no price with insurance – meaning this service is provided by the hospital directly, and not through any insurance.",General Hospital,hospital1,19103,Philadelphia,PA,39.9526,-75.1652
2D ECHO,93306,OUTPATIENT,1951.34,Humana,Humana Commercial,1428.22,"This service costs $1951.34 as standard price when patient does not have any insurance.
Same service costs $1428.22 if patient has 'Humana Commercial' insurance plan.",General Hospital,hospital1,19103,Philadelphia,PA,39.9526,-75.1652
2D ECHO,93306,OUTPATIENT,1951.34,,,,Standard charge with no insurance.,General Hospital,hospital1,19103,Philadelphia,PA,39.9526,-75.1652
2D ECHO,93306,OUTPATIENT,1951.34,Aetna,Aetna Commercial,1616.37,"This service costs $1951.34 as standard price when patient does not have any insurance.
Same service costs $1616.37 if patient has 'Aetna Commercial' insurance plan.",General Hospital,hospital1,19103,Philadelphia,PA,39.9526,-75.1652
2D ECHO,93306,OUTPATIENT,1951.34,Aetna,Aetna Medicaid CHIP,1038.56,"This service costs $1951.34 as standard price when patient does not have any insurance.
Same service costs $1038.56 if patient has 'Aetna Medicaid CHIP' insurance plan.",General Hospital,hospital1,19103,Philadelphia,PA,39.9526,-75.1652
2D ECHO,93306,OUTPATIENT,1951.34,,,,Standard charge with no insurance.,General Hospital,hospital1,19103,Philadelphia,PA,39.9526,-75.1652
COMPLETE BLOOD COUNT,85025,BOTH,935.39,,,,"Only standard charge and no price with insurance – meaning this service is provided by the hospital directly, and not through any insurance.",General Hospital,hospital1,19103,Philadelphia,PA,39.9526,-75.1652
ABDOMINAL CT SCAN,74150,BOTH,1149.99,Amerihealth,Amerihealth Medicare,863.01,"This service costs $1149.99 as standard price when patient does not have any insurance.
Same service costs $863.01 if patient has 'Amerihealth Medicare' insurance plan.",General Hospital,hospital1,19103,Philadelphia,PA,39.9526,-75.1652
ABDOMINAL CT SCAN,74150,BOTH,1149.99,,,,Standard charge with no insurance.,General Hospital,hospital1,19103,Philadelphia,PA,39.9526,-75.1652
ABDOMINAL CT SCAN,74150,BOTH,1149.99,Aetna,Aetna Commercial,593.46,"This service costs $1149.99 as standard price when patient does not have any insurance.
Same service costs $593.46 if patient has 'Aetna Commercial' insurance plan.",General Hospital,hospital1,19103,Philadelphia,PA,39.9526,-75.1652
ABDOMINAL CT SCAN,74150,BOTH,1149.99,Aetna,Aetna Medicare,792.78,"This service costs $1149.99 as standard price when patient does not have any insurance.
Same service costs $792.78 if patient has 'Aetna Medicare' insurance plan.",General Hospital,hospital1,19103,Philadelphia,PA,39.9526,-75.1652
ABDOMINAL CT SCAN,74150,BOTH,1149.99,Aetna,Aetna Medicaid CHIP,595.44,"This service costs $1149.99 as standard price when patient does not have any insurance.
Same service costs $595.44 if patient has 'Aetna Medicaid CHIP' insurance plan.",General Hospital,hospital1,19103,Philadelphia,PA,39.9526,-75.1652
ABDOMINAL CT SCAN,74150,BOTH,1149.99,,,,Standard charge with no insurance.,General Hospital,hospital1,19103,Philadelphia,PA,39.9526,-75.1652
ABDOMINAL CT SCAN,74150,BOTH,146.05,Highmark,Highmark ACA Products PROF,120.87,"This service costs $146.05 as standard price when patient does not have any insurance.
Same service costs $120.87 if patient has 'Highmark ACA Products PROF' insurance plan.",General Hospital,hospital1,19103,Philadelphia,PA,39.9526,-75.1652
ABDOMINAL CT SCAN,74150,BOTH,146.05,,,,Standard charge with no insurance.,General Hospital,hospital1,19103,Philadelphia,PA,39.9526,-75.1652
ABDOMINAL CT SCAN,74150,BOTH,146.05,Humana,Humana Medicare HMO,113.01,"This service costs $146.05 as standard price when patient does not have any insurance.
Same service costs $113.01 if patient has 'Humana Medicare HMO' insurance plan.",General Hospital,hospital1,19103,Philadelphia,PA,39.9526,-75.1652
ABDOMINAL CT SCAN,74150,BOTH,146.05,Humana,Humana Medicare PPO,113.29,"This service costs $146.05 as standard price when patient does not have any insurance.
Same service costs $113.29 if patient has 'Humana Medicare PPO' insurance plan.",General Hospital,hospital1,19103,Philadelphia,PA,39.9526,-75.1652
ABDOMINAL CT SCAN,74150,BOTH,146.05,,,,Standard charge with no insurance.,General Hospital,hospital1,19103,Philadelphia,PA,39.9526,-75.1652
ACETYLCYSTEINE NON-COMP UNIT,J7608,OUTPATIENT,1568.53,United Healthcare,United Healthcare Commercial,915.19,"This service costs $1568.53 as standard price when patient does not have any insurance.
Same service costs $915.19 if patient has 'United Healthcare Commercial' insurance plan.",General Hospital,hospital1,19103,Philadelphia,PA,39.9526,-75.1652
ACETYLCYSTEINE NON-COMP UNIT,J7608,INPATIENT,1568.53,United Healthcare,United Healthcare Commercial,915.19,"This service costs $1568.53 as standard price when patient does not have any insurance.
Same service costs $915.19 if patient has 'United Healthcare Commercial' insurance plan.",General Hospital,hospital1,19103,Philadelphia,PA,39.9526,-75.1652
ACETYLCYSTEINE NON-COMP UNIT,J7608,OUTPATIENT,1568.53,United Healthcare,United Healthcare CHIP,876.77,"This service costs $1568.53 as standard price when patient does not have any insurance.
Same service costs $876.77 if patient has 'United Healthcare CHIP' insurance plan.",General Hospital,hospital1,19103,Philadelphia,PA,39.9526,-75.1652
ACETYLCYSTEINE NON-COMP UNIT,J7608,INPATIENT,1568.53,United Healthcare,United Healthcare CHIP,876.77,"This service costs $1568.53 as standard price when patient does not have any insurance.
Same service costs $876.77 if patient has 'United Healthcare CHIP' insurance plan.",General Hospital,hospital1,19103,Philadelphia,PA,39.9526,-75.1652
ACETYLCYSTEINE NON-COMP UNIT,J7608,OUTPATIENT,1568.53,United Healthcare,United Healthcare Medicaid,1359.68,"This service costs $1568.53 as standard price when patient does not have any insurance.
Same service costs $1359.68 if patient has 'United Healthcare Medicaid' insurance plan.",General Hospital,hospital1,19103,Philadelphia,PA,39.9526,-75.1652
ACETYLCYSTEINE NON-COMP UNIT,J7608,INPATIENT,1568.53,United Healthcare,United Healthcare Medicaid,1359.68,"This service costs $1568.53 as standard price when patient does not have any insurance.
Same service costs $1359.68 if patient has 'United Healthcare Medicaid' insurance plan.",General Hospital,hospital1,19103,Philadelphia,PA,39.9526,-75.1652
ACETYLCYSTEINE NON-COMP UNIT,J7608,OUTPATIENT,1568.53,,,,Standard charge with no insurance.,General Hospital,hospital1,19103,Philadelphia,PA,39.9526,-75.1652
ACETYLCYSTEINE NON-COMP UNIT,J7608,INPATIENT,1568.53,,,,Standard charge with no insurance.,General Hospital,hospital1,19103,Philadelphia,PA,39.9526,-75.1652
ACETYLCYSTEINE NON-COMP UNIT,J7608,OUTPATIENT,1568.53,Humana,Humana Medicare PPO,1365.35,"This service costs $1568.53 as standard price when patient does not have any insurance.
Same service costs $1365.35 if patient has 'Humana Medicare PPO' insurance plan.",General Hospital,hospital1,19103,Philadelphia,PA,39.9526,-75.1652
ACETYLCYSTEINE NON-COMP UNIT,J7608,INPATIENT,1568.53,Humana,Humana Medicare PPO,1365.35,"This service costs $1568.53 as standard price when patient does not have any insurance.
Same service costs $1365.35 if patient has 'Humana Medicare PPO' insurance plan.",General Hospital,hospital1,19103,Philadelphia,PA,39.9526,-75.1652
ACETYLCYSTEINE NON-COMP UNIT,J7608,OUTPATIENT,1568.53,,,,Standard charge with no insurance.,General Hospital,hospital1,19103,Philadelphia,PA,39.9526,-75.1652
ACETYLCYSTEINE NON-COMP UNIT,J7608,INPATIENT,1568.53,,,,Standard charge with no insurance.,General Hospital,hospital1,19103,Philadelphia,PA,39.9526,-75.1652
ACETYLCYSTEINE NON-COMP UNIT,J7608,OUTPATIENT,1568.53,Highmark,Highmark Medicare,1243.7,"This service costs $1568.53 as standard price when patient does not have any insurance.
Same service costs $1243.7 if patient has 'Highmark Medicare' insurance plan.",General Hospital,hospital1,19103,Philadelphia,PA,39.9526,-75.1652
ACETYLCYSTEINE NON-COMP UNIT,J7608,INPATIENT,1568.53,Highmark,Highmark Medicare,1243.7,"This service costs $1568.53 as standard price when patient does not have any insurance.
Same service costs $1243.7 if patient has 'Highmark Medicare' insurance plan.",General Hospital,hospital1,19103,Philadelphia,PA,39.9526,-75.1652
ACETYLCYSTEINE NON-COMP UNIT,J7608,OUTPATIENT,1568.53,Highmark,Highmark ACA Products PROF,1239.51,"This service costs $1568.53 as standard price when patient does not have any insurance.
Same service costs $1239.51 if patient has 'Highmark ACA Products PROF' insurance plan.",General Hospital,hospital1,19103,Philadelphia,PA,39.9526,-75.1652
ACETYLCYSTEINE NON-COMP UNIT,J7608,INPATIENT,1568.53,Highmark,Highmark ACA Products PROF,1239.51,"This service costs $1568.53 as standard price when patient does not have any insurance.
Same service costs $1239.51 if patient has 'Highmark ACA Products PROF' insurance plan.",General Hospital,hospital1,19103,Philadelphia,PA,39.9526,-75.1652
ACETYLCYSTEINE NON-COMP UNIT,J7608,OUTPATIENT,1568.53,,,,Standard charge with no insurance.,General Hospital,hospital1,19103,Philadelphia,PA,39.9526,-75.1652
ACETYLCYSTEINE NON-COMP UNIT,J7608,INPATIENT,1568.53,,,,Standard charge with no insurance.,General Hospital,hospital1,19103,Philadelphia,PA,39.9526,-75.1652
CHEST X-RAY,71045,BOTH,793.93,United Healthcare,United Healthcare Commercial,614.3,"This service costs $793.93 as standard price when patient does not have any insurance.
Same service costs $614.3 if patient has 'United Healthcare Commercial' insurance plan.",General Hospital,hospital1,19103,Philadelphia,PA,39.9526,-75.1652
CHEST X-RAY,71045,BOTH,793.93,,,,Standard charge with no insurance.,General Hospital,hospital1,19103,Philadelphia,PA,39.9526,-75.1652
CHEST X-RAY,71045,BOTH,793.93,Aetna,Aetna Medicaid CHIP,481.42,"This service costs $793.93 as standard price when patient does not have any insurance.
Same service costs $481.42 if patient has 'Aetna Medicaid CHIP' insurance plan.",General Hospital,hospital1,19103,Philadelphia,PA,39.9526,-75.1652
CHEST X-RAY,71045,BOTH,793.93,,,,Standard charge with no insurance.,General Hospital,hospital1,19103,Philadelphia,PA,39.9526,-75.1652
CHEST X-RAY,71045,BOTH,793.93,Humana,Humana Medicare PPO,598.02,"This service costs $793.93 as standard price when patient does not have any insurance.
Same service costs $598.02 if patient has 'Humana Medicare PPO' insurance plan.",General Hospital,hospital1,19103,Philadelphia,PA,39.9526,-75.1652
CHEST X-RAY,71045,BOTH,793.93,Humana,Humana Commercial,694.61,"This service costs $793.93 as standard price when patient does not have any insurance.
Same service costs $694.61 if patient has 'Humana Commercial' insurance plan.",General Hospital,hospital1,19103,Philadelphia,PA,39.9526,-75.1652
CHEST X-RAY,71045,BOTH,793.93,,,,Standard charge with no insurance.,General Hospital,hospital1,19103,Philadelphia,PA,39.9526,-75.1652
1 CC STERILE SYRINGE&NEEDLE,A4206,INPATIENT,1893.42,,,,"Only standard charge and no price with insurance – meaning this service is provided by the hospital directly, and not through any insurance.",General Hospital,hospital1,19103,Philadelphia,PA,39.9526,-75.1652
1 CC STERILE SYRINGE&NEEDLE,A4206,OUTPATIENT,1893.42,,,,"Only standard charge and no price with insurance – meaning this service is provided by the hospital directly, and not through any insurance.",General Hospital,hospital1,19103,Philadelphia,PA,39.9526,-75.1652
BASIC METABOLIC PANEL,80048,BOTH,924.72,Highmark,Highmark Medicare,835.0,"This service costs $924.72 as standard price when patient does not have any insurance.
Same service costs $835.0 if patient has 'Highmark Medicare' insurance plan.",General Hospital,hospital1,19103,Philadelphia,PA,39.9526,-75.1652
BASIC METABOLIC PANEL,80048,BOTH,924.72,,,,Standard charge with no insurance.,General Hospital,hospital1,19103,Philadelphia,PA,39.9526,-75.1652
BASIC METABOLIC PANEL,80048,BOTH,924.72,Amerihealth,Amerihealth Commercial,734.13,"This service costs $924.72 as standard price when patient does not have any insurance.
Same service costs $734.13 if patient has 'Amerihealth Commercial' insurance plan.",General Hospital,hospital1,19103,Philadelphia,PA,39.9526,-75.1652
BASIC METABOLIC PANEL,80048,BOTH,924.72,Amerihealth,Amerihealth Medicaid HC,622.54,"This service costs $924.72 as standard price when patient does not have any insurance.
Same service costs $622.54 if patient has 'Amerihealth Medicaid HC' insurance plan.",General Hospital,hospital1,19103,Philadelphia,PA,39.9526,-75.1652
BASIC METABOLIC PANEL,80048,BOTH,924.72,Amerihealth,Amerihealth Medicare,599.68,"This service costs $924.72 as standard price when patient does not have any insurance.
Same service costs $599.68 if patient has 'Amerihealth Medicare' insurance plan.",General Hospital,hospital1,19103,Philadelphia,PA,39.9526,-75.1652
BASIC METABOLIC PANEL,80048,BOTH,924.72,,,,Standard charge with no insurance.,General Hospital,hospital1,19103,Philadelphia,PA,39.9526,-75.1652
BASIC METABOLIC PANEL,80048,BOTH,924.72,United Healthcare,United Healthcare Commercial,877.21,"This service costs $924.72 as standard price when patient does not have any insurance.
Same service costs $877.21 if patient has 'United Healthcare Commercial' insurance plan.",General Hospital,hospital1,19103,Philadelphia,PA,39.9526,-75.1652
BASIC METABOLIC PANEL,80048,BOTH,924.72,,,,Standard charge with no insurance.,General Hospital,hospital1,19103,Philadelphia,PA,39.9526,-75.1652
2D ECHO,93306,OUTPATIENT,639.24,Humana,Humana Medicare PPO,532.57,"This service costs $639.24 as standard price when patient does not have any insurance.
Same service costs $532.57 if patient has 'Humana Medicare PPO' insurance plan.",General Hospital,hospital1,19103,Philadelphia,PA,39.9526,-75.1652
2D ECHO,93306,OUTPATIENT,639.24,Humana,Humana Commercial,493.08,"This service costs $639.24 as standard price when patient does not have any insurance.
Same service costs $493.08 if patient has 'Humana Commercial' insurance plan.",General Hospital,hospital1,19103,Philadelphia,PA,39.9526,-75.1652
2D ECHO,93306,OUTPATIENT,639.24,Humana,Humana Medicare HMO,431.0,"This service costs $639.24 as standard price when patient does not have any insurance.
Same service costs $431.0 if patient has 'Humana Medicare HMO' insurance plan.",General Hospital,hospital1,19103,Philadelphia,PA,39.9526,-75.1652
2D ECHO,93306,OUTPATIENT,639.24,,,,Standard charge with no insurance.,General Hospital,hospital1,19103,Philadelphia,PA,39.9526,-75.1652
2D ECHO,93306,OUTPATIENT,639.24,Highmark,Highmark ACA Products PROF,340.64,"This service costs $639.24 as standard price when patient does not have any insurance.
Same service costs $340.64 if patient has 'Highmark ACA Products PROF' insurance plan.",General Hospital,hospital1,19103,Philadelphia,PA,39.9526,-75.1652
2D ECHO,93306,OUTPATIENT,639.24,Highmark,Highmark Commercial PROF,562.06,"This service costs $639.24 as standard price when patient does not have any insurance.
Same service costs $562.06 if patient has 'Highmark Commercial PROF' insurance plan.",General Hospital,hospital1,19103,Philadelphia,PA,39.9526,-75.1652
2D ECHO,93306,OUTPATIENT,639.24,,,,Standard charge with no insurance.,General Hospital,hospital1,19103,Philadelphia,PA,39.9526,-75.1652
ACETYLCYSTEINE NON-COMP UNIT,J7608,OUTPATIENT,817.84,,,,"Only standard charge and no price with insurance – meaning this service is provided by the hospital directly, and not through any insurance.",General Hospital,hospital1,19103,Philadelphia,PA,39.9526,-75.1652
ACETYLCYSTEINE NON-COMP UNIT,J7608,INPATIENT,817.84,,,,"Only standard charge and no price with insurance – meaning this service is provided by the hospital directly, and not through any insurance.",General Hospital,hospital1,19103,Philadelphia,PA,39.9526,-75.1652
TRILOCK SCAPHOID PLATE,C1713,BOTH,1261.39,Humana,Humana Commercial,1066.53,"This service costs $1261.39 as standard price when patient does not have any insurance.
Same service costs $1066.53 if patient has 'Humana Commercial' insurance plan.",General Hospital,hospital1,19103,Philadelphia,PA,39.9526,-75.1652
TRILOCK SCAPHOID PLATE,C1713,BOTH,1261.39,,,,Standard charge with no insurance.,General Hospital,hospital1,19103,Philadelphia,PA,39.9526,-75.1652
BASIC METABOLIC PANEL,80048,BOTH,706.24,Highmark,Highmark Commercial PROF,472.31,"This service costs $706.24 as standard price when patient does not have any insurance.
Same service costs $472.31 if patient has 'Highmark Commercial PROF' insurance plan.",General Hospital,hospital1,19103,Philadelphia,PA,39.9526,-75.1652
BASIC METABOLIC PANEL,80048,BOTH,706.24,Highmark,Highmark Medicare,397.14,"This service costs $706.24 as standard price when patient does not have any insurance.
Same service costs $397.14 if patient has 'Highmark Medicare' insurance plan.",General Hospital,hospital1,19103,Philadelphia,PA,39.9526,-75.1652
BASIC METABOLIC PANEL,80048,BOTH,706.24,Highmark,Highmark ACA Products PROF,535.49,"This service costs $706.24 as standard price when patient does not have any insurance.
Same service costs $535.49 if patient has 'Highmark ACA Products PROF' insurance plan.",General Hospital,hospital1,19103,Philadelphia,PA,39.9526,-75.1652
BASIC METABOLIC PANEL,80048,BOTH,706.24,,,,Standard charge with no insurance.,General Hospital,hospital1,19103,Philadelphia,PA,39.9526,-75.1652
BASIC METABOLIC PANEL,80048,BOTH,706.24,Amerihealth,Amerihealth Medicare,652.05,"This service costs $706.24 as standard price when patient does not have any insurance.
Same service costs $652.05 if patient has 'Amerihealth Medicare' insurance plan.",General Hospital,hospital1,19103,Philadelphia,PA,39.9526,-75.1652
BASIC METABOLIC PANEL,80048,BOTH,706.24,,,,Standard charge with no insurance.,General Hospital,hospital1,19103,Philadelphia,PA,39.9526,-75.1652
BASIC METABOLIC PANEL,80048,BOTH,706.24,Aetna,Aetna Commercial,527.3,"This service costs $706.24 as standard price when patient does not have any insurance.
Same service costs $527.3 if patient has 'Aetna Commercial' insurance plan.",General Hospital,hospital1,19103,Philadelphia,PA,39.9526,-75.1652
BASIC METABOLIC PANEL,80048,BOTH,706.24,Aetna,Aetna Medicaid CHIP,363.31,"This service costs $706.24 as standard price when patient does not have any insurance.
Same service costs $363.31 if patient has 'Aetna Medicaid CHIP' insurance plan.",General Hospital,hospital1,19103,Philadelphia,PA,39.9526,-75.1652
BASIC METABOLIC PANEL,80048,BOTH,706.24,Aetna,Aetna Medicare,670.09,"This service costs $706.24 as standard price when patient does not have any insurance.
Same service costs $670.09 if patient has 'Aetna Medicare' insurance plan.",General Hospital,hospital1,19103,Philadelphia,PA,39.9526,-75.1652
BASIC METABOLIC PANEL,80048,BOTH,706.24,,,,Standard charge with no insurance.,General Hospital,hospital1,19103,Philadelphia,PA,39.9526,-75.1652
1 CC STERILE SYRINGE&NEEDLE,A4206,INPATIENT,250.79,Highmark,Highmark Medicare,149.05,"This service costs $250.79 as standard price when patient does not have any insurance.
Same service costs $149.05 if patient has 'Highmark Medicare' insurance plan.",General Hospital,hospital1,19103,Philadelphia,PA,39.9526,-75.1652
1 CC STERILE SYRINGE&NEEDLE,A4206,OUTPATIENT,250.79,Highmark,Highmark Medicare,149.05,"This service costs $250.79 as standard price when patient does not have any insurance.
Same service costs $149.05 if patient has 'Highmark Medicare' insurance plan.",General Hospital,hospital1,19103,Philadelphia,PA,39.9526,-75.1652
1 CC STERILE SYRINGE&NEEDLE,A4206,INPATIENT,250.79,Highmark,Highmark ACA Products PROF,169.68,"This service costs $250.79 as standard price when patient does not have any insurance.
Same service costs $169.68 if patient has 'Highmark ACA Products PROF' insurance plan.",General Hospital,hospital1,19103,Philadelphia,PA,39.9526,-75.1652
1 CC STERILE SYRINGE&NEEDLE,A4206,OUTPATIENT,250.79,Highmark,Highmark ACA Products PROF,169.68,"This service costs $250.79 as standard price when patient does not have any insurance.
Same service costs $169.68 if patient has 'Highmark ACA Products PROF' insurance plan.",General Hospital,hospital1,19103,Philadelphia,PA,39.9526,-75.1652
1 CC STERILE SYRINGE&NEEDLE,A4206,INPATIENT,250.79,Highmark,Highmark Commercial PROF,221.54,"This service costs $250.79 as standard price when patient does not have any insurance.
Same service costs $221.54 if patient has 'Highmark Commercial PROF' insurance plan.",General Hospital,hospital1,19103,Philadelphia,PA,39.9526,-75.1652
1 CC STERILE SYRINGE&NEEDLE,A4206,OUTPATIENT,250.79,Highmark,Highmark Commercial PROF,221.54,"This service costs $250.79 as standard price when patient does not have any insurance.
Same service costs $221.54 if patient has 'Highmark Commercial PROF' insurance plan.",General Hospital,hospital1,19103,Philadelphia,PA,39.9526,-75.1652
1 CC STERILE SYRINGE&NEEDLE,A4206,INPATIENT,250.79,,,,Standard charge with no insurance.,General Hospital,hospital1,19103,Philadelphia,PA,39.9526,-75.1652
1 CC STERILE SYRINGE&NEEDLE,A4206,OUTPATIENT,250.79,,,,Standard charge with no insurance.,General Hospital,hospital1,19103,Philadelphia,PA,39.9526,-75.1652
CHEST X-RAY,71045,BOTH,1698.87,Aetna,Aetna Medicaid CHIP,1600.14,"This service costs $1698.87 as standard price when patient does not have any insurance.
Same service costs $1600.14 if patient has 'Aetna Medicaid CHIP' insurance plan.",General Hospital,hospital1,19103,Philadelphia,PA,39.9526,-75.1652
CHEST X-RAY,71045,BOTH,1698.87,Aetna,Aetna Medicare,1447.72,"This service costs $1698.87 as standard price when patient does not have any insurance.
Same service costs $1447.72 if patient has 'Aetna Medicare' insurance plan.",General Hospital,hospital1,19103,Philadelphia,PA,39.9526,-75.1652
CHEST X-RAY,71045,BOTH,1698.87,Aetna,Aetna Commercial,1376.28,"This service costs $1698.87 as standard price when patient does not have any insurance.
Same service costs $1376.28 if patient has 'Aetna Commercial' insurance plan.",General Hospital,hospital1,19103,Philadelphia,PA,39.9526,-75.1652
CHEST X-RAY,71045,BOTH,1698.87,,,,Standard charge with no insurance.,General Hospital,hospital1,19103,Philadelphia,PA,39.9526,-75.1652
CHEST X-RAY,71045,BOTH,1698.87,United Healthcare,United Healthcare Commercial,1571.9,"This service costs $1698.87 as standard price when patient does not have any insurance.
Same service costs $1571.9 if patient has 'United Healthcare Commercial' insurance plan.",General Hospital,hospital1,19103,Philadelphia,PA,39.9526,-75.1652
CHEST X-RAY,71045,BOTH,1698.87,,,,Standard charge with no insurance.,General Hospital,hospital1,19103,Philadelphia,PA,39.9526,-75.1652
CHEST X-RAY,71045,BOTH,1380.99,,,,"Only standard charge and no price with insurance – meaning this service is provided by the hospital directly, and not through any insurance.",General Hospital,hospital1,19103,Philadelphia,PA,39.9526,-75.1652
ACETYLCYSTEINE NON-COMP UNIT,J7608,OUTPATIENT,372.7,Highmark,Highmark Medicare,314.97,"This service costs $372.7 as standard price when patient does not have any insurance.
Same service costs $314.97 if patient has 'Highmark Medicare' insurance plan.",General Hospital,hospital1,19103,Philadelphia,PA,39.9526,-75.1652
ACETYLCYSTEINE NON-COMP UNIT,J7608,INPATIENT,372.7,Highmark,Highmark Medicare,314.97,"This service costs $372.7 as standard price when patient does not have any insurance.
Same service costs $314.97 if patient has 'Highmark Medicare' insurance plan.",General Hospital,hospital1,19103,Philadelphia,PA,39.9526,-75.1652
ACETYLCYSTEINE NON-COMP UNIT,J7608,OUTPATIENT,372.7,,,,Standard charge with no insurance.,General Hospital,hospital1,19103,Philadelphia,PA,39.9526,-75.1652
ACETYLCYSTEINE NON-COMP UNIT,J7608,INPATIENT,372.7,,,,Standard charge with no insurance.,General Hospital,hospital1,19103,Philadelphia,PA,39.9526,-75.1652
ACETYLCYSTEINE NON-COMP UNIT,J7608,OUTPATIENT,372.7,Amerihealth,Amerihealth Commercial,218.59,"This service costs $372.7 as standard price when patient does not have any insurance.
Same service costs $218.59 if patient has 'Amerihealth Commercial' insurance plan.",General Hospital,hospital1,19103,Philadelphia,PA,39.9526,-75.1652
ACETYLCYSTEINE NON-COMP UNIT,J7608,INPATIENT,372.7,Amerihealth,Amerihealth Commercial,218.59,"This service costs $372.7 as standard price when patient does not have any insurance.
Same service costs $218.59 if patient has 'Amerihealth Commercial' insurance plan.",General Hospital,hospital1,19103,Philadelphia,PA,39.9526,-75.1652
ACETYLCYSTEINE NON-COMP UNIT,J7608,OUTPATIENT,372.7,Amerihealth,Amerihealth Medicare,202.23,"This service costs $372.7 as standard price when patient does not have any insurance.
Same service costs $202.23 if patient has 'Amerihealth Medicare' insurance plan.",General Hospital,hospital1,19103,Philadelphia,PA,39.9526,-75.1652
ACETYLCYSTEINE NON-COMP UNIT,J7608,INPATIENT,372.7,Amerihealth,Amerihealth Medicare,202.23,"This service costs $372.7 as standard price when patient does not have any insurance.
Same service costs $202.23 if patient has 'Amerihealth Medicare' insurance plan.",General Hospital,hospital1,19103,Philadelphia,PA,39.9526,-75.1652
ACETYLCYSTEINE NON-COMP UNIT,J7608,OUTPATIENT,372.7,Amerihealth,Amerihealth Medicaid HC,333.81,"This service costs $372.7 as standard price when patient does not have any insurance.
Same service costs $333.81 if patient has 'Amerihealth Medicaid HC' insurance plan.",General Hospital,hospital1,19103,Philadelphia,PA,39.9526,-75.1652
ACETYLCYSTEINE NON-COMP UNIT,J7608,INPATIENT,372.7,Amerihealth,Amerihealth Medicaid HC,333.81,"This service costs $372.7 as standard price when patient does not have any insurance.
Same service costs $333.81 if patient has 'Amerihealth Medicaid HC' insurance plan.",General Hospital,hospital1,19103,Philadelphia,PA,39.9526,-75.1652
ACETYLCYSTEINE NON-COMP UNIT,J7608,OUTPATIENT,372.7,,,,Standard charge with no insurance.,General Hospital,hospital1,19103,Philadelphia,PA,39.9526,-75.1652
ACETYLCYSTEINE NON-COMP UNIT,J7608,INPATIENT,372.7,,,,Standard charge with no insurance.,General Hospital,hospital1,19103,Philadelphia,PA,39.9526,-75.1652
ACETYLCYSTEINE NON-COMP UNIT,J7608,OUTPATIENT,372.7,United Healthcare,United Healthcare Commercial,196.29,"This service costs $372.7 as standard price when patient does not have any insurance.
Same service costs $196.29 if patient has 'United Healthcare Commercial' insurance plan.",General Hospital,hospital1,19103,Philadelphia,PA,39.9526,-75.1652
ACETYLCYSTEINE NON-COMP UNIT,J7608,INPATIENT,372.7,United Healthcare,United Healthcare Commercial,196.29,"This service costs $372.7 as standard price when patient does not have any insurance.
Same service costs $196.29 if patient has 'United Healthcare Commercial' insurance plan.",General Hospital,hospital1,19103,Philadelphia,PA,39.9526,-75.1652
ACETYLCYSTEINE NON-COMP UNIT,J7608,OUTPATIENT,372.7,,,,Standard charge with no insurance.,General Hospital,hospital1,19103,Philadelphia,PA,39.9526,-75.1652
ACETYLCYSTEINE NON-COMP UNIT,J7608,INPATIENT,372.7,,,,Standard charge with no insurance.,General Hospital,hospital1,19103,Philadelphia,PA,39.9526,-75.1652
TRILOCK GRIDPL,C1713,BOTH,1537.19,Amerihealth,Amerihealth Medicare,946.22,"This service costs $1537.19 as standard price when patient does not have any insurance.
Same service costs $946.22 if patient has 'Amerihealth Medicare' insurance plan.",General Hospital,hospital1,19103,Philadelphia,PA,39.9526,-75.1652
TRILOCK GRIDPL,C1713,BOTH,1537.19,Amerihealth,Amerihealth Commercial,918.93,"This service costs $1537.19 as standard price when patient does not have any insurance.
Same service costs $918.93 if patient has 'Amerihealth Commercial' insurance plan.",General Hospital,hospital1,19103,Philadelphia,PA,39.9526,-75.1652
TRILOCK GRIDPL,C1713,BOTH,1537.19,,,,Standard charge with no insurance.,General Hospital,hospital1,19103,Philadelphia,PA,39.9526,-75.1652
TRILOCK GRIDPL,C1713,BOTH,1537.19,United Healthcare,United Healthcare Medicaid,791.86,"This service costs $1537.19 as standard price when patient does not have any insurance.
Same service costs $791.86 if patient has 'United Healthcare Medicaid' insurance plan.",General Hospital,hospital1,19103,Philadelphia,PA,39.9526,-75.1652
TRILOCK GRIDPL,C1713,BOTH,1537.19,United Healthcare,United Healthcare CHIP,1361.45,"This service costs $1537.19 as standard price when patient does not have any insurance.
Same service costs $1361.45 if patient has 'United Healthcare CHIP' insurance plan.",General Hospital,hospital1,19103,Philadelphia,PA,39.9526,-75.1652
TRILOCK GRIDPL,C1713,BOTH,1537.19,,,,Standard charge with no insurance.,General Hospital,hospital1,19103,Philadelphia,PA,39.9526,-75.1652
TRILOCK GRIDPL,C1713,BOTH,1537.19,Humana,Humana Commercial,873.27,"This service costs $1537.19 as standard price when patient does not have any insurance.
Same service costs $873.27 if patient has 'Humana Commercial' insurance plan.",General Hospital,hospital1,19103,Philadelphia,PA,39.9526,-75.1652
TRILOCK GRIDPL,C1713,BOTH,1537.19,Humana,Humana Medicare PPO,1151.5,"This service costs $1537.19 as standard price when patient does not have any insurance.
Same service costs $1151.5 if patient has 'Humana Medicare PPO' insurance plan.",General Hospital,hospital1,19103,Philadelphia,PA,39.9526,-75.1652
TRILOCK GRIDPL,C1713,BOTH,1537.19,,,,Standard charge with no insurance.,General Hospital,hospital1,19103,Philadelphia,PA,39.9526,-75.1652
ACETYLCYSTEINE NON-COMP UNIT,J7608,OUTPATIENT,583.23,,,,"Only standard charge and no price with insurance – meaning this service is provided by the hospital directly, and not through any insurance.",General Hospital,hospital1,19103,Philadelphia,PA,39.9526,-75.1652
ACETYLCYSTEINE NON-COMP UNIT,J7608,INPATIENT,583.23,,,,"Only standard charge and no price with insurance – meaning this service is provided by the hospital directly, and not through any insurance.",General Hospital,hospital1,19103,Philadelphia,PA,39.9526,-75.1652
CHEST X-RAY,71045,BOTH,1745.04,Amerihealth,Amerihealth Medicare,1562.26,"This service costs $1745.04 as standard price when patient does not have any insurance.
Same service costs $1562.26 if patient has 'Amerihealth Medicare' insurance plan.",General Hospital,hospital1,19103,Philadelphia,PA,39.9526,-75.1652
CHEST X-RAY,71045,BOTH,1745.04,,,,Standard charge with no insurance.,General Hospital,hospital1,19103,Philadelphia,PA,39.9526,-75.1652
CHG MRI BRAIN,70551,OUTPATIENT,855.52,,,,"Only standard charge and no price with insurance – meaning this service is provided by the hospital directly, and not through any insurance.",General Hospital,hospital1,19103,Philadelphia,PA,39.9526,-75.1652
1 CC STERILE SYRINGE&NEEDLE,A4206,INPATIENT,1327.73,Highmark,Highmark Medicare,729.22,"This service costs $1327.73 as standard price when patient does not have any insurance.
Same service costs $729.22 if patient has 'Highmark Medicare' insurance plan.",General Hospital,hospital1,19103,Philadelphia,PA,39.9526,-75.1652
1 CC STERILE SYRINGE&NEEDLE,A4206,OUTPATIENT,1327.73,Highmark,Highmark Medicare,729.22,"This service costs $1327.73 as standard price when patient does not have any insurance.
Same service costs $729.22 if patient has 'Highmark Medicare' insurance plan.",General Hospital,hospital1,19103,Philadelphia,PA,39.9526,-75.1652
1 CC STERILE SYRINGE&NEEDLE,A4206,INPATIENT,1327.73,Highmark,Highmark Commercial PROF,1016.88,"This service costs $1327.73 as standard price when patient does not have any insurance.
Same service costs $1016.88 if patient has 'Highmark Commercial PROF' insurance plan.",General Hospital,hospital1,19103,Philadelphia,PA,39.9526,-75.1652
1 CC STERILE SYRINGE&NEEDLE,A4206,OUTPATIENT,1327.73,Highmark,Highmark Commercial PROF,1016.88,"This service costs $1327.73 as standard price when patient does not have any insurance.
Same service costs $1016.88 if patient has 'Highmark Commercial PROF' insurance plan.",General Hospital,hospital1,19103,Philadelphia,PA,39.9526,-75.1652
1 CC STERILE SYRINGE&NEEDLE,A4206,INPATIENT,1327.73,,,,Standard charge with no insurance.,General Hospital,hospital1,19103,Philadelphia,PA,39.9526,-75.1652
1 CC STERILE SYRINGE&NEEDLE,A4206,OUTPATIENT,1327.73,,,,Standard charge with no insurance.,General Hospital,hospital1,19103,Philadelphia,PA,39.9526,-75.1652
1 CC STERILE SYRINGE&NEEDLE,A4206,INPATIENT,1327.73,Amerihealth,Amerihealth Medicaid HC,1097.93,"This service costs $1327.73 as standard price when patient does not have any insurance.
Same service costs $1097.93 if patient has 'Amerihealth Medicaid HC' insurance plan.",General Hospital,hospital1,19103,Philadelphia,PA,39.9526,-75.1652
1 CC STERILE SYRINGE&NEEDLE,A4206,OUTPATIENT,1327.73,Amerihealth,Amerihealth Medicaid HC,1097.93,"This service costs $1327.73 as standard price when patient does not have any insurance.
Same service costs $1097.93 if patient has 'Amerihealth Medicaid HC' insurance plan.",General Hospital,hospital1,19103,Philadelphia,PA,39.9526,-75.1652
1 CC STERILE SYRINGE&NEEDLE,A4206,INPATIENT,1327.73,,,,Standard charge with no insurance.,General Hospital,hospital1,19103,Philadelphia,PA,39.9526,-75.1652
1 CC STERILE SYRINGE&NEEDLE,A4206,OUTPATIENT,1327.73,,,,Standard charge with no insurance.,General Hospital,hospital1,19103,Philadelphia,PA,39.9526,-75.1652
1 CC STERILE SYRINGE&NEEDLE,A4206,INPATIENT,1327.73,Aetna,Aetna Medicare,965.29,"This service costs $1327.73 as standard price when patient does not have any insurance.
Same service costs $965.29 if patient has 'Aetna Medicare' insurance plan.",General Hospital,hospital1,19103,Philadelphia,PA,39.9526,-75.1652
1 CC STERILE SYRINGE&NEEDLE,A4206,OUTPATIENT,1327.73,Aetna,Aetna Medicare,965.29,"This service costs $1327.73 as standard price when patient does not have any insurance.
Same service costs $965.29 if patient has 'Aetna Medicare' insurance plan.",General Hospital,hospital1,19103,Philadelphia,PA,39.9526,-75.1652
1 CC STERILE SYRINGE&NEEDLE,A4206,INPATIENT,1327.73,Aetna,Aetna Commercial,769.47,"This service costs $1327.73 as standard price when patient does not have any insurance.
Same service costs $769.47 if patient has 'Aetna Commercial' insurance plan.",General Hospital,hospital1,19103,Philadelphia,PA,39.9526,-75.1652
1 CC STERILE SYRINGE&NEEDLE,A4206,OUTPATIENT,1327.73,Aetna,Aetna Commercial,769.47,"This service costs $1327.73 as standard price when patient does not have any insurance.
Same service costs $769.47 if patient has 'Aetna Commercial' insurance plan.",General Hospital,hospital1,19103,Philadelphia,PA,39.9526,-75.1652
1 CC STERILE SYRINGE&NEEDLE,A4206,INPATIENT,1327.73,,,,Standard charge with no insurance.,General Hospital,hospital1,19103,Philadelphia,PA,39.9526,-75.1652
1 CC STERILE SYRINGE&NEEDLE,A4206,OUTPATIENT,1327.73,,,,Standard charge with no insurance.,General Hospital,hospital1,19103,Philadelphia,PA,39.9526,-75.1652
CHG MRI BRAIN,70551,OUTPATIENT,141.45,United Healthcare,United Healthcare Commercial,132.68,"This service costs $141.45 as standard price when patient does not have any insurance.
Same service costs $132.68 if patient has 'United Healthcare Commercial' insurance plan.",General Hospital,hospital1,19103,Philadelphia,PA,39.9526,-75.1652
CHG MRI BRAIN,70551,OUTPATIENT,141.45,United Healthcare,United Healthcare CHIP,130.64,"This service costs $141.45 as standard price when patient does not have any insurance.
Same service costs $130.64 if patient has 'United Healthcare CHIP' insurance plan.",General Hospital,hospital1,19103,Philadelphia,PA,39.9526,-75.1652
CHG MRI BRAIN,70551,OUTPATIENT,141.45,,,,Standard charge with no insurance.,General Hospital,hospital1,19103,Philadelphia,PA,39.9526,-75.1652
CHG MRI BRAIN,70551,OUTPATIENT,141.45,Aetna,Aetna Medicare,72.5,"This service costs $141.45 as standard price when patient does not have any insurance.
Same service costs $72.5 if patient has 'Aetna Medicare' insurance plan.",General Hospital,hospital1,19103,Philadelphia,PA,39.9526,-75.1652
CHG MRI BRAIN,70551,OUTPATIENT,141.45,,,,Standard charge with no insurance.,General Hospital,hospital1,19103,Philadelphia,PA,39.9526,-75.1652
2D ECHO,93306,OUTPATIENT,1353.71,United Healthcare,United Healthcare Commercial,1222.92,"This service costs $1353.71 as standard price when patient does not have any insurance.
Same service costs $1222.92 if patient has 'United Healthcare Commercial' insurance plan.",General Hospital,hospital1,19103,Philadelphia,PA,39.9526,-75.1652
2D ECHO,93306,OUTPATIENT,1353.71,United Healthcare,United Healthcare CHIP,1106.77,"This service costs $1353.71 as standard price when patient does not have any insurance.
Same service costs $1106.77 if patient has 'United Healthcare CHIP' insurance plan.",General Hospital,hospital1,19103,Philadelphia,PA,39.9526,-75.1652
2D ECHO,93306,OUTPATIENT,1353.71,,,,Standard charge with no insurance.,General Hospital,hospital1,19103,Philadelphia,PA,39.9526,-75.1652
CHEST X-RAY,71045,BOTH,1003.48,United Healthcare,United Healthcare Commercial,557.93,"This service costs $1003.48 as standard price when patient does not have any insurance.
Same service costs $557.93 if patient has 'United Healthcare Commercial' insurance plan.",General Hospital,hospital1,19103,Philadelphia,PA,39.9526,-75.1652
CHEST X-RAY,71045,BOTH,1003.48,United Healthcare,United Healthcare Medicaid,801.1,"This service costs $1003.48 as standard price when patient does not have any insurance.
Same service costs $801.1 if patient has 'United Healthcare Medicaid' insurance plan.",General Hospital,hospital1,19103,Philadelphia,PA,39.9526,-75.1652
CHEST X-RAY,71045,BOTH,1003.48,,,,Standard charge with no insurance.,General Hospital,hospital1,19103,Philadelphia,PA,39.9526,-75.1652
CHEST X-RAY,71045,BOTH,1003.48,Humana,Humana Medicare PPO,714.05,"This service costs $1003.48 as standard price when patient does not have any insurance.
Same service costs $714.05 if patient has 'Humana Medicare PPO' insurance plan.",General Hospital,hospital1,19103,Philadelphia,PA,39.9526,-75.1652
CHEST X-RAY,71045,BOTH,1003.48,,,,Standard charge with no insurance.,General Hospital,hospital1,19103,Philadelphia,PA,39.9526,-75.1652
CHEST X-RAY,71045,BOTH,1003.48,Aetna,Aetna Commercial,682.49,"This service costs $1003.48 as standard price when patient does not have any insurance.
Same service costs $682.49 if patient has 'Aetna Commercial' insurance plan.",General Hospital,hospital1,19103,Philadelphia,PA,39.9526,-75.1652
CHEST X-RAY,71045,BOTH,1003.48,Aetna,Aetna Medicare,746.25,"This service costs $1003.48 as standard price when patient does not have any insurance.
Same service costs $746.25 if patient has 'Aetna Medicare' insurance plan.",General Hospital,hospital1,19103,Philadelphia,PA,39.9526,-75.1652
CHEST X-RAY,71045,BOTH,1003.48,Aetna,Aetna Medicaid CHIP,572.45,"This service costs $1003.48 as standard price when patient does not have any insurance.
Same service costs $572.45 if patient has 'Aetna Medicaid CHIP' insurance plan.",General Hospital,hospital1,19103,Philadelphia,PA,39.9526,-75.1652
CHEST X-RAY,71045,BOTH,1003.48,,,,Standard charge with no insurance.,General Hospital,hospital1,19103,Philadelphia,PA,39.9526,-75.1652
CHG MRI BRAIN,70551,OUTPATIENT,1960.04,United Healthcare,United Healthcare Medicaid,1105.43,"This service costs $1960.04 as standard price when patient does not have any insurance.
Same service costs $1105.43 if patient has 'United Healthcare Medicaid' insurance plan.",General Hospital,hospital1,19103,Philadelphia,PA,39.9526,-75.1652
CHG MRI BRAIN,70551,OUTPATIENT,1960.04,,,,Standard charge with no insurance.,General Hospital,hospital1,19103,Philadelphia,PA,39.9526,-75.1652
BASIC METABOLIC PANEL,80048,BOTH,637.19,Humana,Humana Medicare HMO,581.82,"This service costs $637.19 as standard price when patient does not have any insurance.
Same service costs $581.82 if patient has 'Humana Medicare HMO' insurance plan.",General Hospital,hospital1,19103,Philadelphia,PA,39.9526,-75.1652
BASIC METABOLIC PANEL,80048,BOTH,637.19,Humana,Humana Medicare PPO,417.37,"This service costs $637.19 as standard price when patient does not have any insurance.
Same service costs $417.37 if patient has 'Humana Medicare PPO' insurance plan.",General Hospital,hospital1,19103,Philadelphia,PA,39.9526,-75.1652
BASIC METABOLIC PANEL,80048,BOTH,637.19,,,,Standard charge with no insurance.,General Hospital,hospital1,19103,Philadelphia,PA,39.9526,-75.1652
BASIC METABOLIC PANEL,80048,BOTH,637.19,Amerihealth,Amerihealth Commercial,351.41,"This service costs $637.19 as standard price when patient does not have any insurance.
Same service costs $351.41 if patient has 'Amerihealth Commercial' insurance plan.",General Hospital,hospital1,19103,Philadelphia,PA,39.9526,-75.1652
BASIC METABOLIC PANEL,80048,BOTH,637.19,Amerihealth,Amerihealth Medicare,517.78,"This service costs $637.19 as standard price when patient does not have any insurance.
Same service costs $517.78 if patient has 'Amerihealth Medicare' insurance plan.",General Hospital,hospital1,19103,Philadelphia,PA,39.9526,-75.1652
BASIC METABOLIC PANEL,80048,BOTH,637.19,,,,Standard charge with no insurance.,General Hospital,hospital1,19103,Philadelphia,PA,39.9526,-75.1652
2D ECHO,93306,OUTPATIENT,1751.85,,,,"Only standard charge and no price with insurance – meaning this service is provided by the hospital directly, and not through any insurance.",General Hospital,hospital1,19103,Philadelphia,PA,39.9526,-75.1652
1 CC STERILE SYRINGE&NEEDLE,A4206,INPATIENT,812.04,Humana,Humana Medicare PPO,764.73,"This service costs $812.04 as standard price when patient does not have any insurance.
Same service costs $764.73 if patient has 'Humana Medicare PPO' insurance plan.",General Hospital,hospital1,19103,Philadelphia,PA,39.9526,-75.1652
1 CC STERILE SYRINGE&NEEDLE,A4206,OUTPATIENT,812.04,Humana,Humana Medicare PPO,764.73,"This service costs $812.04 as standard price when patient does not have any insurance.
Same service costs $764.73 if patient has 'Humana Medicare PPO' insurance plan.",General Hospital,hospital1,19103,Philadelphia,PA,39.9526,-75.1652
1 CC STERILE SYRINGE&NEEDLE,A4206,INPATIENT,812.04,,,,Standard charge with no insurance.,General Hospital,hospital1,19103,Philadelphia,PA,39.9526,-75.1652
1 CC STERILE SYRINGE&NEEDLE,A4206,OUTPATIENT,812.04,,,,Standard charge with no insurance.,General Hospital,hospital1,19103,Philadelphia,PA,39.9526,-75.1652
CHG MRI BRAIN,70551,OUTPATIENT,1664.75,Amerihealth,Amerihealth Medicare,918.26,"This service costs $1664.75 as standard price when patient does not have any insurance.
Same service costs $918.26 if patient has 'Amerihealth Medicare' insurance plan.",General Hospital,hospital1,19103,Philadelphia,PA,39.9526,-75.1652
CHG MRI BRAIN,70551,OUTPATIENT,1664.75,,,,Standard charge with no insurance.,General Hospital,hospital1,19103,Philadelphia,PA,39.9526,-75.1652
CHG MRI BRAIN,70551,OUTPATIENT,1664.75,Highmark,Highmark Commercial PROF,866.88,"This service costs $1664.75 as standard price when patient does not have any insurance.
Same service costs $866.88 if patient has 'Highmark Commercial PROF' insurance plan.",General Hospital,hospital1,19103,Philadelphia,PA,39.9526,-75.1652
CHG MRI BRAIN,70551,OUTPATIENT,1664.75,Highmark,Highmark Medicare,1192.35,"This service costs $1664.75 as standard price when patient does not have any insurance.
Same service costs $1192.35 if patient has 'Highmark Medicare' insurance plan.",General Hospital,hospital1,19103,Philadelphia,PA,39.9526,-75.1652
CHG MRI BRAIN,70551,OUTPATIENT,1664.75,Highmark,Highmark ACA Products PROF,1285.71,"This service costs $1664.75 as standard price when patient does not have any insurance.
Same service costs $1285.71 if patient has 'Highmark ACA Products PROF' insurance plan.",General Hospital,hospital1,19103,Philadelphia,PA,39.9526,-75.1652
CHG MRI BRAIN,70551,OUTPATIENT,1664.75,,,,Standard charge with no insurance.,General Hospital,hospital1,19103,Philadelphia,PA,39.9526,-75.1652
CHG MRI BRAIN,70551,OUTPATIENT,1664.75,Humana,Humana Medicare PPO,1228.87,"This service costs $1664.75 as standard price when patient does not have any insurance.
Same service costs $1228.87 if patient has 'Humana Medicare PPO' insurance plan.",General Hospital,hospital1,19103,Philadelphia,PA,39.9526,-75.1652
CHG MRI BRAIN,70551,OUTPATIENT,1664.75,,,,Standard charge with no insurance.,General Hospital,hospital1,19103,Philadelphia,PA,39.9526,-75.1652
1 CC STERILE SYRINGE&NEEDLE,A4206,INPATIENT,661.84,Humana,Humana Medicare HMO,408.74,"This service costs $661.84 as standard price when patient does not have any insurance.
Same service costs $408.74 if patient has 'Humana Medicare HMO' insurance plan.",General Hospital,hospital1,19103,Philadelphia,PA,39.9526,-75.1652
1 CC STERILE SYRINGE&NEEDLE,A4206,OUTPATIENT,661.84,Humana,Humana Medicare HMO,408.74,"This service costs $661.84 as standard price when patient does not have any insurance.
Same service costs $408.74 if patient has 'Humana Medicare HMO' insurance plan.",General Hospital,hospital1,19103,Philadelphia,PA,39.9526,-75.1652
1 CC STERILE SYRINGE&NEEDLE,A4206,INPATIENT,661.84,Humana,Humana Medicare PPO,471.74,"This service costs $661.84 as standard price when patient does not have any insurance.
Same service costs $471.74 if patient has 'Humana Medicare PPO' insurance plan.",General Hospital,hospital1,19103,Philadelphia,PA,39.9526,-75.1652
1 CC STERILE SYRINGE&NEEDLE,A4206,OUTPATIENT,661.84,Humana,Humana Medicare PPO,471.74,"This service costs $661.84 as standard price when patient does not have any insurance.
Same service costs $471.74 if patient has 'Humana Medicare PPO' insurance plan.",General Hospital,hospital1,19103,Philadelphia,PA,39.9526,-75.1652
1 CC STERILE SYRINGE&NEEDLE,A4206,INPATIENT,661.84,,,,Standard charge with no insurance.,General Hospital,hospital1,19103,Philadelphia,PA,39.9526,-75.1652
1 CC STERILE SYRINGE&NEEDLE,A4206,OUTPATIENT,661.84,,,,Standard charge with no insurance.,General Hospital,hospital1,19103,Philadelphia,PA,39.9526,-75.1652
2D ECHO,93306,OUTPATIENT,1880.49,United Healthcare,United Healthcare Commercial,1320.03,"This service costs $1880.49 as standard price when patient does not have any insurance.
Same service costs $1320.03 if patient has 'United Healthcare Commercial' insurance plan.",Medical Center,hospital2,19106,Philadelphia,PA,39.9496,-75.1467
2D ECHO,93306,OUTPATIENT,1880.49,United Healthcare,United Healthcare CHIP,1158.59,"This service costs $1880.49 as standard price when patient does not have any insurance.
Same service costs $1158.59 if patient has 'United Healthcare CHIP' insurance plan.",Medical Center,hospital2,19106,Philadelphia,PA,39.9496,-75.1467
2D ECHO,93306,OUTPATIENT,1880.49,United Healthcare,United Healthcare Medicaid,1191.97,"This service costs $1880.49 as standard price when patient does not have any insurance.
Same service costs $1191.97 if patient has 'United Healthcare Medicaid' insurance plan.",Medical Center,hospital2,19106,Philadelphia,PA,39.9496,-75.1467
2D ECHO,93306,OUTPATIENT,1880.49,,,,Standard charge with no insurance.,Medical Center,hospital2,19106,Philadelphia,PA,39.9496,-75.1467
COMPLETE BLOOD COUNT,85025,BOTH,1170.59,Aetna,Aetna Commercial,976.11,"This service costs $1170.59 as standard price when patient does not have any insurance.
Same service costs $976.11 if patient has 'Aetna Commercial' insurance plan.",Medical Center,hospital2,19106,Philadelphia,PA,39.9496,-75.1467
COMPLETE BLOOD COUNT,85025,BOTH,1170.59,Aetna,Aetna Medicaid CHIP,934.47,"This service costs $1170.59 as standard price when patient does not have any insurance.
Same service costs $934.47 if patient has 'Aetna Medicaid CHIP' insurance plan.",Medical Center,hospital2,19106,Philadelphia,PA,39.9496,-75.1467
COMPLETE BLOOD COUNT,85025,BOTH,1170.59,Aetna,Aetna Medicare,925.39,"This service costs $1170.59 as standard price when patient does not have any insurance.
Same service costs $925.39 if patient has 'Aetna Medicare' insurance plan.",Medical Center,hospital2,19106,Philadelphia,PA,39.9496,-75.1467
COMPLETE BLOOD COUNT,85025,BOTH,1170.59,,,,Standard charge with no insurance.,Medical Center,hospital2,19106,Philadelphia,PA,39.9496,-75.1467
BASIC METABOLIC PANEL,80048,BOTH,1417.99,Aetna,Aetna Medicaid CHIP,1050.39,"This service costs $1417.99 as standard price when patient does not have any insurance.
Same service costs $1050.39 if patient has 'Aetna Medicaid CHIP' insurance plan.",Medical Center,hospital2,19106,Philadelphia,PA,39.9496,-75.1467
BASIC METABOLIC PANEL,80048,BOTH,1417.99,Aetna,Aetna Commercial,1187.39,"This service costs $1417.99 as standard price when patient does not have any insurance.
Same service costs $1187.39 if patient has 'Aetna Commercial' insurance plan.",Medical Center,hospital2,19106,Philadelphia,PA,39.9496,-75.1467
BASIC METABOLIC PANEL,80048,BOTH,1417.99,,,,Standard charge with no insurance.,Medical Center,hospital2,19106,Philadelphia,PA,39.9496,-75.1467
BASIC METABOLIC PANEL,80048,BOTH,1417.99,Amerihealth,Amerihealth Commercial,1083.55,"This service costs $1417.99 as standard price when patient does not have any insurance.
Same service costs $1083.55 if patient has 'Amerihealth Commercial' insurance plan.",Medical Center,hospital2,19106,Philadelphia,PA,39.9496,-75.1467
BASIC METABOLIC PANEL,80048,BOTH,1417.99,Amerihealth,Amerihealth Medicaid HC,1042.82,"This service costs $1417.99 as standard price when patient does not have any insurance.
Same service costs $1042.82 if patient has 'Amerihealth Medicaid HC' insurance plan.",Medical Center,hospital2,19106,Philadelphia,PA,39.9496,-75.1467
BASIC METABOLIC PANEL,80048,BOTH,1417.99,,,,Standard charge with no insurance.,Medical Center,hospital2,19106,Philadelphia,PA,39.9496,-75.1467
1 CC STERILE SYRINGE&NEEDLE,A4206,INPATIENT,1262.71,United Healthcare,United Healthcare Commercial,892.85,"This service costs $1262.71 as standard price when patient does not have any insurance.
Same service costs $892.85 if patient has 'United Healthcare Commercial' insurance plan.",Medical Center,hospital2,19106,Philadelphia,PA,39.9496,-75.1467
1 CC STERILE SYRINGE&NEEDLE,A4206,OUTPATIENT,1262.71,United Healthcare,United Healthcare Commercial,892.85,"This service costs $1262.71 as standard price when patient does not have any insurance.
Same service costs $892.85 if patient has 'United Healthcare Commercial' insurance plan.",Medical Center,hospital2,19106,Philadelphia,PA,39.9496,-75.1467
1 CC STERILE SYRINGE&NEEDLE,A4206,INPATIENT,1262.71,United Healthcare,United Healthcare Medicaid,983.74,"This service costs $1262.71 as standard price when patient does not have any insurance.
Same service costs $983.74 if patient has 'United Healthcare Medicaid' insurance plan.",Medical Center,hospital2,19106,Philadelphia,PA,39.9496,-75.1467
1 CC STERILE SYRINGE&NEEDLE,A4206,OUTPATIENT,1262.71,United Healthcare,United Healthcare Medicaid,983.74,"This service costs $1262.71 as standard price when patient does not have any insurance.
Same service costs $983.74 if patient has 'United Healthcare Medicaid' insurance plan.",Medical Center,hospital2,19106,Philadelphia,PA,39.9496,-75.1467
1 CC STERILE SYRINGE&NEEDLE,A4206,INPATIENT,1262.71,United Healthcare,United Healthcare CHIP,658.63,"This service costs $1262.71 as standard price when patient does not have any insurance.
Same service costs $658.63 if patient has 'United Healthcare CHIP' insurance plan.",Medical Center,hospital2,19106,Philadelphia,PA,39.9496,-75.1467
1 CC STERILE SYRINGE&NEEDLE,A4206,OUTPATIENT,1262.71,United Healthcare,United Healthcare CHIP,658.63,"This service costs $1262.71 as standard price when patient does not have any insurance.
Same service costs $658.63 if patient has 'United Healthcare CHIP' insurance plan.",Medical Center,hospital2,19106,Philadelphia,PA,39.9496,-75.1467
1 CC STERILE SYRINGE&NEEDLE,A4206,INPATIENT,1262.71,,,,Standard charge with no insurance.,Medical Center,hospital2,19106,Philadelphia,PA,39.9496,-75.1467
1 CC STERILE SYRINGE&NEEDLE,A4206,OUTPATIENT,1262.71,,,,Standard charge with no insurance.,Medical Center,hospital2,19106,Philadelphia,PA,39.9496,-75.1467
TRILOCK GRIDPL,C1713,BOTH,1841.84,Amerihealth,Amerihealth Medicaid HC,1418.06,"This service costs $1841.84 as standard price when patient does not have any insurance.
Same service costs $1418.06 if patient has 'Amerihealth Medicaid HC' insurance plan.",Medical Center,hospital2,19106,Philadelphia,PA,39.9496,-75.1467
TRILOCK GRIDPL,C1713,BOTH,1841.84,Amerihealth,Amerihealth Medicare,1287.23,"This service costs $1841.84 as standard price when patient does not have any insurance.
Same service costs $1287.23 if patient has 'Amerihealth Medicare' insurance plan.",Medical Center,hospital2,19106,Philadelphia,PA,39.9496,-75.1467
TRILOCK GRIDPL,C1713,BOTH,1841.84,Amerihealth,Amerihealth Commercial,1014.76,"This service costs $1841.84 as standard price when patient does not have any insurance.
Same service costs $1014.76 if patient has 'Amerihealth Commercial' insurance plan.",Medical Center,hospital2,19106,Philadelphia,PA,39.9496,-75.1467
TRILOCK GRIDPL,C1713,BOTH,1841.84,,,,Standard charge with no insurance.,Medical Center,hospital2,19106,Philadelphia,PA,39.9496,-75.1467
TRILOCK GRIDPL,C1713,BOTH,1841.84,Humana,Humana Medicare PPO,1355.12,"This service costs $1841.84 as standard price when patient does not have any insurance.
Same service costs $1355.12 if patient has 'Humana Medicare PPO' insurance plan.",Medical Center,hospital2,19106,Philadelphia,PA,39.9496,-75.1467
TRILOCK GRIDPL,C1713,BOTH,1841.84,,,,Standard charge with no insurance.,Medical Center,hospital2,19106,Philadelphia,PA,39.9496,-75.1467
TRILOCK GRIDPL,C1713,BOTH,1841.84,Aetna,Aetna Commercial,1549.46,"This service costs $1841.84 as standard price when patient does not have any insurance.
Same service costs $1549.46 if patient has 'Aetna Commercial' insurance plan.",Medical Center,hospital2,19106,Philadelphia,PA,39.9496,-75.1467
TRILOCK GRIDPL,C1713,BOTH,1841.84,Aetna,Aetna Medicare,1498.63,"This service costs $1841.84 as standard price when patient does not have any insurance.
Same service costs $1498.63 if patient has 'Aetna Medicare' insurance plan.",Medical Center,hospital2,19106,Philadelphia,PA,39.9496,-75.1467
TRILOCK GRIDPL,C1713,BOTH,1841.84,Aetna,Aetna Medicaid CHIP,1476.89,"This service costs $1841.84 as standard price when patient does not have any insurance.
Same service costs $1476.89 if patient has 'Aetna Medicaid CHIP' insurance plan.",Medical Center,hospital2,19106,Philadelphia,PA,39.9496,-75.1467
TRILOCK GRIDPL,C1713,BOTH,1841.84,,,,Standard charge with no insurance.,Medical Center,hospital2,19106,Philadelphia,PA,39.9496,-75.1467
ABDOMINAL CT SCAN,74150,BOTH,1106.91,,,,"Only standard charge and no price with insurance – meaning this service is provided by the hospital directly, and not through any insurance.",Medical Center,hospital2,19106,Philadelphia,PA,39.9496,-75.1467
TRILOCK SCAPHOID PLATE,C1713,BOTH,1793.42,,,,"Only standard charge and no price with insurance – meaning this service is provided by the hospital directly, and not through any insurance.",Medical Center,hospital2,19106,Philadelphia,PA,39.9496,-75.1467
ACETYLCYSTEINE NON-COMP UNIT,J7608,OUTPATIENT,783.46,United Healthcare,United Healthcare Commercial,531.11,"This service costs $783.46 as standard price when patient does not have any insurance.
Same service costs $531.11 if patient has 'United Healthcare Commercial' insurance plan.",Medical Center,hospital2,19106,Philadelphia,PA,39.9496,-75.1467
ACETYLCYSTEINE NON-COMP UNIT,J7608,INPATIENT,783.46,United Healthcare,United Healthcare Commercial,531.11,"This service costs $783.46 as standard price when patient does not have any insurance.
Same service costs $531.11 if patient has 'United Healthcare Commercial' insurance plan.",Medical Center,hospital2,19106,Philadelphia,PA,39.9496,-75.1467
ACETYLCYSTEINE NON-COMP UNIT,J7608,OUTPATIENT,783.46,United Healthcare,United Healthcare CHIP,409.95,"This service costs $783.46 as standard price when patient does not have any insurance.
Same service costs $409.95 if patient has 'United Healthcare CHIP' insurance plan.",Medical Center,hospital2,19106,Philadelphia,PA,39.9496,-75.1467
ACETYLCYSTEINE NON-COMP UNIT,J7608,INPATIENT,783.46,United Healthcare,United Healthcare CHIP,409.95,"This service costs $783.46 as standard price when patient does not have any insurance.
Same service costs $409.95 if patient has 'United Healthcare CHIP' insurance plan.",Medical Center,hospital2,19106,Philadelphia,PA,39.9496,-75.1467
ACETYLCYSTEINE NON-COMP UNIT,J7608,OUTPATIENT,783.46,,,,Standard charge with no insurance.,Medical Center,hospital2,19106,Philadelphia,PA,39.9496,-75.1467
ACETYLCYSTEINE NON-COMP UNIT,J7608,INPATIENT,783.46,,,,Standard charge with no insurance.,Medical Center,hospital2,19106,Philadelphia,PA,39.9496,-75.1467
ACETYLCYSTEINE NON-COMP UNIT,J7608,OUTPATIENT,783.46,Amerihealth,Amerihealth Commercial,539.32,"This service costs $783.46 as standard price when patient does not have any insurance.
Same service costs $539.32 if patient has 'Amerihealth Commercial' insurance plan.",Medical Center,hospital2,19106,Philadelphia,PA,39.9496,-75.1467
ACETYLCYSTEINE NON-COMP UNIT,J7608,INPATIENT,783.46,Amerihealth,Amerihealth Commercial,539.32,"This service costs $783.46 as standard price when patient does not have any insurance.
Same service costs $539.32 if patient has 'Amerihealth Commercial' insurance plan.",Medical Center,hospital2,19106,Philadelphia,PA,39.9496,-75.1467
ACETYLCYSTEINE NON-COMP UNIT,J7608,OUTPATIENT,783.46,Amerihealth,Amerihealth Medicare,517.9,"This service costs $783.46 as standard price when patient does not have any insurance.
Same service costs $517.9 if patient has 'Amerihealth Medicare' insurance plan.",Medical Center,hospital2,19106,Philadelphia,PA,39.9496,-75.1467
ACETYLCYSTEINE NON-COMP UNIT,J7608,INPATIENT,783.46,Amerihealth,Amerihealth Medicare,517.9,"This service costs $783.46 as standard price when patient does not have any insurance.
Same service costs $517.9 if patient has 'Amerihealth Medicare' insurance plan.",Medical Center,hospital2,19106,Philadelphia,PA,39.9496,-75.1467
ACETYLCYSTEINE NON-COMP UNIT,J7608,OUTPATIENT,783.46,,,,Standard charge with no insurance.,Medical Center,hospital2,19106,Philadelphia,PA,39.9496,-75.1467
ACETYLCYSTEINE NON-COMP UNIT,J7608,INPATIENT,783.46,,,,Standard charge with no insurance.,Medical Center,hospital2,19106,Philadelphia,PA,39.9496,-75.1467
CHG MRI BRAIN,70551,OUTPATIENT,443.35,,,,"Only standard charge and no price with insurance – meaning this service is provided by the hospital directly, and not through any insurance.",Medical Center,hospital2,19106,Philadelphia,PA,39.9496,-75.1467
CHEST X-RAY,71045,BOTH,716.16,Highmark,Highmark Commercial PROF,671.21,"This service costs $716.16 as standard price when patient does not have any insurance.
Same service costs $671.21 if patient has 'Highmark Commercial PROF' insurance plan.",Medical Center,hospital2,19106,Philadelphia,PA,39.9496,-75.1467
CHEST X-RAY,71045,BOTH,716.16,Highmark,Highmark ACA Products PROF,449.55,"This service costs $716.16 as standard price when patient does not have any insurance.
Same service costs $449.55 if patient has 'Highmark ACA Products PROF' insurance plan.",Medical Center,hospital2,19106,Philadelphia,PA,39.9496,-75.1467
CHEST X-RAY,71045,BOTH,716.16,Highmark,Highmark Medicare,371.6,"This service costs $716.16 as standard price when patient does not have any insurance.
Same service costs $371.6 if patient has 'Highmark Medicare' insurance plan.",Medical Center,hospital2,19106,Philadelphia,PA,39.9496,-75.1467
CHEST X-RAY,71045,BOTH,716.16,,,,Standard charge with no insurance.,Medical Center,hospital2,19106,Philadelphia,PA,39.9496,-75.1467
CHEST X-RAY,71045,BOTH,716.16,United Healthcare,United Healthcare CHIP,420.13,"This service costs $716.16 as standard price when patient does not have any insurance.
Same service costs $420.13 if patient has 'United Healthcare CHIP' insurance plan.",Medical Center,hospital2,19106,Philadelphia,PA,39.9496,-75.1467
CHEST X-RAY,71045,BOTH,716.16,United Healthcare,United Healthcare Medicaid,386.67,"This service costs $716.16 as standard price when patient does not have any insurance.
Same service costs $386.67 if patient has 'United Healthcare Medicaid' insurance plan.",Medical Center,hospital2,19106,Philadelphia,PA,39.9496,-75.1467
CHEST X-RAY,71045,BOTH,716.16,,,,Standard charge with no insurance.,Medical Center,hospital2,19106,Philadelphia,PA,39.9496,-75.1467
CHEST X-RAY,71045,BOTH,716.16,Amerihealth,Amerihealth Medicaid HC,518.41,"This service costs $716.16 as standard price when patient does not have any insurance.
Same service costs $518.41 if patient has 'Amerihealth Medicaid HC' insurance plan.",Medical Center,hospital2,19106,Philadelphia,PA,39.9496,-75.1467
CHEST X-RAY,71045,BOTH,716.16,Amerihealth,Amerihealth Commercial,568.6,"This service costs $716.16 as standard price when patient does not have any insurance.
Same service costs $568.6 if patient has 'Amerihealth Commercial' insurance plan.",Medical Center,hospital2,19106,Philadelphia,PA,39.9496,-75.1467
CHEST X-RAY,71045,BOTH,716.16,,,,Standard charge with no insurance.,Medical Center,hospital2,19106,Philadelphia,PA,39.9496,-75.1467
ABDOMINAL CT SCAN,74150,BOTH,971.29,,,,"Only standard charge and no price with insurance – meaning this service is provided by the hospital directly, and not through any insurance.",Medical Center,hospital2,19106,Philadelphia,PA,39.9496,-75.1467
TRILOCK SCAPHOID PLATE,C1713,BOTH,1132.51,United Healthcare,United Healthcare Medicaid,1000.67,"This service costs $1132.51 as standard price when patient does not have any insurance.
Same service costs $1000.67 if patient has 'United Healthcare Medicaid' insurance plan.",Medical Center,hospital2,19106,Philadelphia,PA,39.9496,-75.1467
TRILOCK SCAPHOID PLATE,C1713,BOTH,1132.51,United Healthcare,United Healthcare CHIP,908.72,"This service costs $1132.51 as standard price when patient does not have any insurance.
Same service costs $908.72 if patient has 'United Healthcare CHIP' insurance plan.",Medical Center,hospital2,19106,Philadelphia,PA,39.9496,-75.1467
TRILOCK SCAPHOID PLATE,C1713,BOTH,1132.51,,,,Standard charge with no insurance.,Medical Center,hospital2,19106,Philadelphia,PA,39.9496,-75.1467
TRILOCK SCAPHOID PLATE,C1713,BOTH,1132.51,Humana,Humana Medicare HMO,1072.86,"This service costs $1132.51 as standard price when patient does not have any insurance.
Same service costs $1072.86 if patient has 'Humana Medicare HMO' insurance plan.",Medical Center,hospital2,19106,Philadelphia,PA,39.9496,-75.1467
TRILOCK SCAPHOID PLATE,C1713,BOTH,1132.51,Humana,Humana Commercial,835.2,"This service costs $1132.51 as standard price when patient does not have any insurance.
Same service costs $835.2 if patient has 'Humana Commercial' insurance plan.",Medical Center,hospital2,19106,Philadelphia,PA,39.9496,-75.1467
TRILOCK SCAPHOID PLATE,C1713,BOTH,1132.51,Humana,Humana Medicare PPO,956.41,"This service costs $1132.51 as standard price when patient does not have any insurance.
Same service costs $956.41 if patient has 'Humana Medicare PPO' insurance plan.",Medical Center,hospital2,19106,Philadelphia,PA,39.9496,-75.1467
TRILOCK SCAPHOID PLATE,C1713,BOTH,1132.51,,,,Standard charge with no insurance.,Medical Center,hospital2,19106,Philadelphia,PA,39.9496,-75.1467
ACETYLCYSTEINE NON-COMP UNIT,J7608,OUTPATIENT,164.54,,,,"Only standard charge and no price with insurance – meaning this service is provided by the hospital directly, and not through any insurance.",Medical Center,hospital2,19106,Philadelphia,PA,39.9496,-75.1467
ACETYLCYSTEINE NON-COMP UNIT,J7608,INPATIENT,164.54,,,,"Only standard charge and no price with insurance – meaning this service is provided by the hospital directly, and not through any insurance.",Medical Center,hospital2,19106,Philadelphia,PA,39.9496,-75.1467
CHG MRI BRAIN,70551,OUTPATIENT,549.32,Amerihealth,Amerihealth Medicare,380.35,"This service costs $549.32 as standard price when patient does not have any insurance.
Same service costs $380.35 if patient has 'Amerihealth Medicare' insurance plan.",Medical Center,hospital2,19106,Philadelphia,PA,39.9496,-75.1467
CHG MRI BRAIN,70551,OUTPATIENT,549.32,Amerihealth,Amerihealth Commercial,437.23,"This service costs $549.32 as standard price when patient does not have any insurance.
Same service costs $437.23 if patient has 'Amerihealth Commercial' insurance plan.",Medical Center,hospital2,19106,Philadelphia,PA,39.9496,-75.1467
CHG MRI BRAIN,70551,OUTPATIENT,549.32,,,,Standard charge with no insurance.,Medical Center,hospital2,19106,Philadelphia,PA,39.9496,-75.1467
CHG MRI BRAIN,70551,OUTPATIENT,549.32,Highmark,Highmark Medicare,497.52,"This service costs $549.32 as standard price when patient does not have any insurance.
Same service costs $497.52 if patient has 'Highmark Medicare' insurance plan.",Medical Center,hospital2,19106,Philadelphia,PA,39.9496,-75.1467
CHG MRI BRAIN,70551,OUTPATIENT,549.32,Highmark,Highmark Commercial PROF,424.33,"This service costs $549.32 as standard price when patient does not have any insurance.
Same service costs $424.33 if patient has 'Highmark Commercial PROF' insurance plan.",Medical Center,hospital2,19106,Philadelphia,PA,39.9496,-75.1467
CHG MRI BRAIN,70551,OUTPATIENT,549.32,,,,Standard charge with no insurance.,Medical Center,hospital2,19106,Philadelphia,PA,39.9496,-75.1467
COMPLETE BLOOD COUNT,85025,BOTH,1203.61,Highmark,Highmark ACA Products PROF,940.82,"This service costs $1203.61 as standard price when patient does not have any insurance.
Same service costs $940.82 if patient has 'Highmark ACA Products PROF' insurance plan.",Medical Center,hospital2,19106,Philadelphia,PA,39.9496,-75.1467
COMPLETE BLOOD COUNT,85025,BOTH,1203.61,,,,Standard charge with no insurance.,Medical Center,hospital2,19106,Philadelphia,PA,39.9496,-75.1467
COMPLETE BLOOD COUNT,85025,BOTH,1203.61,Amerihealth,Amerihealth Medicare,755.57,"This service costs $1203.61 as standard price when patient does not have any insurance.
Same service costs $755.57 if patient has 'Amerihealth Medicare' insurance plan.",Medical Center,hospital2,19106,Philadelphia,PA,39.9496,-75.1467
COMPLETE BLOOD COUNT,85025,BOTH,1203.61,,,,Standard charge with no insurance.,Medical Center,hospital2,19106,Philadelphia,PA,39.9496,-75.1467
1 CC STERILE SYRINGE&NEEDLE,A4206,INPATIENT,1122.79,,,,"Only standard charge and no price with insurance – meaning this service is provided by the hospital directly, and not through any insurance.",Medical Center,hospital2,19106,Philadelphia,PA,39.9496,-75.1467
1 CC STERILE SYRINGE&NEEDLE,A4206,OUTPATIENT,1122.79,,,,"Only standard charge and no price with insurance – meaning this service is provided by the hospital directly, and not through any insurance.",Medical Center,hospital2,19106,Philadelphia,PA,39.9496,-75.1467
BASIC METABOLIC PANEL,80048,BOTH,1002.67,,,,"Only standard charge and no price with insurance – meaning this service is provided by the hospital directly, and not through any insurance.",Medical Center,hospital2,19106,Philadelphia,PA,39.9496,-75.1467
ACETYLCYSTEINE NON-COMP UNIT,J7608,OUTPATIENT,1483.45,Aetna,Aetna Medicare,1325.31,"This service costs $1483.45 as standard price when patient does not have any insurance.
Same service costs $1325.31 if patient has 'Aetna Medicare' insurance plan.",Medical Center,hospital2,19106,Philadelphia,PA,39.9496,-75.1467
ACETYLCYSTEINE NON-COMP UNIT,J7608,INPATIENT,1483.45,Aetna,Aetna Medicare,1325.31,"This service costs $1483.45 as standard price when patient does not have any insurance.
Same service costs $1325.31 if patient has 'Aetna Medicare' insurance plan.",Medical Center,hospital2,19106,Philadelphia,PA,39.9496,-75.1467
ACETYLCYSTEINE NON-COMP UNIT,J7608,OUTPATIENT,1483.45,,,,Standard charge with no insurance.,Medical Center,hospital2,19106,Philadelphia,PA,39.9496,-75.1467
ACETYLCYSTEINE NON-COMP UNIT,J7608,INPATIENT,1483.45,,,,Standard charge with no insurance.,Medical Center,hospital2,19106,Philadelphia,PA,39.9496,-75.1467
ACETYLCYSTEINE NON-COMP UNIT,J7608,OUTPATIENT,1483.45,Humana,Humana Medicare HMO,1139.8,"This service costs $1483.45 as standard price when patient does not have any insurance.
Same service costs $1139.8 if patient has 'Humana Medicare HMO' insurance plan.",Medical Center,hospital2,19106,Philadelphia,PA,39.9496,-75.1467
ACETYLCYSTEINE NON-COMP UNIT,J7608,INPATIENT,1483.45,Humana,Humana Medicare HMO,1139.8,"This service costs $1483.45 as standard price when patient does not have any insurance.
Same service costs $1139.8 if patient has 'Humana Medicare HMO' insurance plan.",Medical Center,hospital2,19106,Philadelphia,PA,39.9496,-75.1467
ACETYLCYSTEINE NON-COMP UNIT,J7608,OUTPATIENT,1483.45,Humana,Humana Commercial,1399.12,"This service costs $1483.45 as standard price when patient does not have any insurance.
Same service costs $1399.12 if patient has 'Humana Commercial' insurance plan.",Medical Center,hospital2,19106,Philadelphia,PA,39.9496,-75.1467
ACETYLCYSTEINE NON-COMP UNIT,J7608,INPATIENT,1483.45,Humana,Humana Commercial,1399.12,"This service costs $1483.45 as standard price when patient does not have any insurance.
Same service costs $1399.12 if patient has 'Humana Commercial' insurance plan.",Medical Center,hospital2,19106,Philadelphia,PA,39.9496,-75.1467
ACETYLCYSTEINE NON-COMP UNIT,J7608,OUTPATIENT,1483.45,,,,Standard charge with no insurance.,Medical Center,hospital2,19106,Philadelphia,PA,39.9496,-75.1467
ACETYLCYSTEINE NON-COMP UNIT,J7608,INPATIENT,1483.45,,,,Standard charge with no insurance.,Medical Center,hospital2,19106,Philadelphia,PA,39.9496,-75.1467
ACETYLCYSTEINE NON-COMP UNIT,J7608,OUTPATIENT,1483.45,Amerihealth,Amerihealth Medicare,869.95,"This service costs $1483.45 as standard price when patient does not have any insurance.
Same service costs $869.95 if patient has 'Amerihealth Medicare' insurance plan.",Medical Center,hospital2,19106,Philadelphia,PA,39.9496,-75.1467
ACETYLCYSTEINE NON-COMP UNIT,J7608,INPATIENT,1483.45,Amerihealth,Amerihealth Medicare,869.95,"This service costs $1483.45 as standard price when patient does not have any insurance.
Same service costs $869.95 if patient has 'Amerihealth Medicare' insurance plan.",Medical Center,hospital2,19106,Philadelphia,PA,39.9496,-75.1467
ACETYLCYSTEINE NON-COMP UNIT,J7608,OUTPATIENT,1483.45,Amerihealth,Amerihealth Medicaid HC,899.98,"This service costs $1483.45 as standard price when patient does not have any insurance.
Same service costs $899.98 if patient has 'Amerihealth Medicaid HC' insurance plan.",Medical Center,hospital2,19106,Philadelphia,PA,39.9496,-75.1467
ACETYLCYSTEINE NON-COMP UNIT,J7608,INPATIENT,1483.45,Amerihealth,Amerihealth Medicaid HC,899.98,"This service costs $1483.45 as standard price when patient does not have any insurance.
Same service costs $899.98 if patient has 'Amerihealth Medicaid HC' insurance plan.",Medical Center,hospital2,19106,Philadelphia,PA,39.9496,-75.1467
ACETYLCYSTEINE NON-COMP UNIT,J7608,OUTPATIENT,1483.45,,,,Standard charge with no insurance.,Medical Center,hospital2,19106,Philadelphia,PA,39.9496,-75.1467
ACETYLCYSTEINE NON-COMP UNIT,J7608,INPATIENT,1483.45,,,,Standard charge with no insurance.,Medical Center,hospital2,19106,Philadelphia,PA,39.9496,-75.1467
TRILOCK SCAPHOID PLATE,C1713,BOTH,226.63,Humana,Humana Commercial,161.58,"This service costs $226.63 as standard price when patient does not have any insurance.
Same service costs $161.58 if patient has 'Humana Commercial' insurance plan.",Medical Center,hospital2,19106,Philadelphia,PA,39.9496,-75.1467
TRILOCK SCAPHOID PLATE,C1713,BOTH,226.63,,,,Standard charge with no insurance.,Medical Center,hospital2,19106,Philadelphia,PA,39.9496,-75.1467
CHEST X-RAY,71045,BOTH,350.72,Humana,Humana Medicare HMO,190.37,"This service costs $350.72 as standard price when patient does not have any insurance.
Same service costs $190.37 if patient has 'Humana Medicare HMO' insurance plan.",Medical Center,hospital2,19106,Philadelphia,PA,39.9496,-75.1467
CHEST X-RAY,71045,BOTH,350.72,,,,Standard charge with no insurance.,Medical Center,hospital2,19106,Philadelphia,PA,39.9496,-75.1467
CHEST X-RAY,71045,BOTH,350.72,Highmark,Highmark Medicare,312.64,"This service costs $350.72 as standard price when patient does not have any insurance.
Same service costs $312.64 if patient has 'Highmark Medicare' insurance plan.",Medical Center,hospital2,19106,Philadelphia,PA,39.9496,-75.1467
CHEST X-RAY,71045,BOTH,350.72,Highmark,Highmark Commercial PROF,277.72,"This service costs $350.72 as standard price when patient does not have any insurance.
Same service costs $277.72 if patient has 'Highmark Commercial PROF' insurance plan.",Medical Center,hospital2,19106,Philadelphia,PA,39.9496,-75.1467
CHEST X-RAY,71045,BOTH,350.72,Highmark,Highmark ACA Products PROF,320.47,"This service costs $350.72 as standard price when patient does not have any insurance.
Same service costs $320.47 if patient has 'Highmark ACA Products PROF' insurance plan.",Medical Center,hospital2,19106,Philadelphia,PA,39.9496,-75.1467
CHEST X-RAY,71045,BOTH,350.72,,,,Standard charge with no insurance.,Medical Center,hospital2,19106,Philadelphia,PA,39.9496,-75.1467
TRILOCK SCAPHOID PLATE,C1713,BOTH,304.28,Aetna,Aetna Medicaid CHIP,252.17,"This service costs $304.28 as standard price when patient does not have any insurance.
Same service costs $252.17 if patient has 'Aetna Medicaid CHIP' insurance plan.",Medical Center,hospital2,19106,Philadelphia,PA,39.9496,-75.1467
TRILOCK SCAPHOID PLATE,C1713,BOTH,304.28,Aetna,Aetna Medicare,252.49,"This service costs $304.28 as standard price when patient does not have any insurance.
Same service costs $252.49 if patient has 'Aetna Medicare' insurance plan.",Medical Center,hospital2,19106,Philadelphia,PA,39.9496,-75.1467
TRILOCK SCAPHOID PLATE,C1713,BOTH,304.28,Aetna,Aetna Commercial,259.49,"This service costs $304.28 as standard price when patient does not have any insurance.
Same service costs $259.49 if patient has 'Aetna Commercial' insurance plan.",Medical Center,hospital2,19106,Philadelphia,PA,39.9496,-75.1467
TRILOCK SCAPHOID PLATE,C1713,BOTH,304.28,,,,Standard charge with no insurance.,Medical Center,hospital2,19106,Philadelphia,PA,39.9496,-75.1467
2D ECHO,93306,OUTPATIENT,1980.48,,,,"Only standard charge and no price with insurance – meaning this service is provided by the hospital directly, and not through any insurance.",Medical Center,hospital2,19106,Philadelphia,PA,39.9496,-75.1467
ABDOMINAL CT SCAN,74150,BOTH,1694.16,United Healthcare,United Healthcare CHIP,1415.54,"This service costs $1694.16 as standard price when patient does not have any insurance.
Same service costs $1415.54 if patient has 'United Healthcare CHIP' insurance plan.",Medical Center,hospital2,19106,Philadelphia,PA,39.9496,-75.1467
ABDOMINAL CT SCAN,74150,BOTH,1694.16,,,,Standard charge with no insurance.,Medical Center,hospital2,19106,Philadelphia,PA,39.9496,-75.1467
ACETYLCYSTEINE NON-COMP UNIT,J7608,OUTPATIENT,590.43,Highmark,Highmark Medicare,423.52,"This service costs $590.43 as standard price when patient does not have any insurance.
Same service costs $423.52 if patient has 'Highmark Medicare' insurance plan.",Medical Center,hospital2,19106,Philadelphia,PA,39.9496,-75.1467
ACETYLCYSTEINE NON-COMP UNIT,J7608,INPATIENT,590.43,Highmark,Highmark Medicare,423.52,"This service costs $590.43 as standard price when patient does not have any insurance.
Same service costs $423.52 if patient has 'Highmark Medicare' insurance plan.",Medical Center,hospital2,19106,Philadelphia,PA,39.9496,-75.1467
ACETYLCYSTEINE NON-COMP UNIT,J7608,OUTPATIENT,590.43,Highmark,Highmark Commercial PROF,465.21,"This service costs $590.43 as standard price when patient does not have any insurance.
Same service costs $465.21 if patient has 'Highmark Commercial PROF' insurance plan.",Medical Center,hospital2,19106,Philadelphia,PA,39.9496,-75.1467
ACETYLCYSTEINE NON-COMP UNIT,J7608,INPATIENT,590.43,Highmark,Highmark Commercial PROF,465.21,"This service costs $590.43 as standard price when patient does not have any insurance.
Same service costs $465.21 if patient has 'Highmark Commercial PROF' insurance plan.",Medical Center,hospital2,19106,Philadelphia,PA,39.9496,-75.1467
ACETYLCYSTEINE NON-COMP UNIT,J7608,OUTPATIENT,590.43,Highmark,Highmark ACA Products PROF,297.19,"This service costs $590.43 as standard price when patient does not have any insurance.
Same service costs $297.19 if patient has 'Highmark ACA Products PROF' insurance plan.",Medical Center,hospital2,19106,Philadelphia,PA,39.9496,-75.1467
ACETYLCYSTEINE NON-COMP UNIT,J7608,INPATIENT,590.43,Highmark,Highmark ACA Products PROF,297.19,"This service costs $590.43 as standard price when patient does not have any insurance.
Same service costs $297.19 if patient has 'Highmark ACA Products PROF' insurance plan.",Medical Center,hospital2,19106,Philadelphia,PA,39.9496,-75.1467
ACETYLCYSTEINE NON-COMP UNIT,J7608,OUTPATIENT,590.43,,,,Standard charge with no insurance.,Medical Center,hospital2,19106,Philadelphia,PA,39.9496,-75.1467
ACETYLCYSTEINE NON-COMP UNIT,J7608,INPATIENT,590.43,,,,Standard charge with no insurance.,Medical Center,hospital2,19106,Philadelphia,PA,39.9496,-75.1467
TRILOCK GRIDPL,C1713,BOTH,790.84,United Healthcare,United Healthcare CHIP,502.55,"This service costs $790.84 as standard price when patient does not have any insurance.
Same service costs $502.55 if patient has 'United Healthcare CHIP' insurance plan.",Medical Center,hospital2,19106,Philadelphia,PA,39.9496,-75.1467
TRILOCK GRIDPL,C1713,BOTH,790.84,United Healthcare,United Healthcare Medicaid,703.14,"This service costs $790.84 as standard price when patient does not have any insurance.
Same service costs $703.14 if patient has 'United Healthcare Medicaid' insurance plan.",Medical Center,hospital2,19106,Philadelphia,PA,39.9496,-75.1467
TRILOCK GRIDPL,C1713,BOTH,790.84,,,,Standard charge with no insurance.,Medical Center,hospital2,19106,Philadelphia,PA,39.9496,-75.1467
BASIC METABOLIC PANEL,80048,BOTH,531.72,Highmark,Highmark Medicare,424.86,"This service costs $531.72 as standard price when patient does not have any insurance.
Same service costs $424.86 if patient has 'Highmark Medicare' insurance plan.",Medical Center,hospital2,19106,Philadelphia,PA,39.9496,-75.1467
BASIC METABOLIC PANEL,80048,BOTH,531.72,,,,Standard charge with no insurance.,Medical Center,hospital2,19106,Philadelphia,PA,39.9496,-75.1467
BASIC METABOLIC PANEL,80048,BOTH,531.72,Amerihealth,Amerihealth Medicare,327.87,"This service costs $531.72 as standard price when patient does not have any insurance.
Same service costs $327.87 if patient has 'Amerihealth Medicare' insurance plan.",Medical Center,hospital2,19106,Philadelphia,PA,39.9496,-75.1467
BASIC METABOLIC PANEL,80048,BOTH,531.72,Amerihealth,Amerihealth Medicaid HC,436.6,"This service costs $531.72 as standard price when patient does not have any insurance.
Same service costs $436.6 if patient has 'Amerihealth Medicaid HC' insurance plan.",Medical Center,hospital2,19106,Philadelphia,PA,39.9496,-75.1467
BASIC METABOLIC PANEL,80048,BOTH,531.72,,,,Standard charge with no insurance.,Medical Center,hospital2,19106,Philadelphia,PA,39.9496,-75.1467
BASIC METABOLIC PANEL,80048,BOTH,531.72,Humana,Humana Medicare PPO,313.6,"This service costs $531.72 as standard price when patient does not have any insurance.
Same service costs $313.6 if patient has 'Humana Medicare PPO' insurance plan.",Medical Center,hospital2,19106,Philadelphia,PA,39.9496,-75.1467
BASIC METABOLIC PANEL,80048,BOTH,531.72,,,,Standard charge with no insurance.,Medical Center,hospital2,19106,Philadelphia,PA,39.9496,-75.1467
BASIC METABOLIC PANEL,80048,BOTH,1161.29,Amerihealth,Amerihealth Commercial,983.4,"This service costs $1161.29 as standard price when patient does not have any insurance.
Same service costs $983.4 if patient has 'Amerihealth Commercial' insurance plan.",Medical Center,hospital2,19106,Philadelphia,PA,39.9496,-75.1467
BASIC METABOLIC PANEL,80048,BOTH,1161.29,Amerihealth,Amerihealth Medicaid HC,941.45,"This service costs $1161.29 as standard price when patient does not have any insurance.
Same service costs $941.45 if patient has 'Amerihealth Medicaid HC' insurance plan.",Medical Center,hospital2,19106,Philadelphia,PA,39.9496,-75.1467
BASIC METABOLIC PANEL,80048,BOTH,1161.29,,,,Standard charge with no insurance.,Medical Center,hospital2,19106,Philadelphia,PA,39.9496,-75.1467
BASIC METABOLIC PANEL,80048,BOTH,1161.29,Highmark,Highmark Medicare,1061.26,"This service costs $1161.29 as standard price when patient does not have any insurance.
Same service costs $1061.26 if patient has 'Highmark Medicare' insurance plan.",Medical Center,hospital2,19106,Philadelphia,PA,39.9496,-75.1467
BASIC METABOLIC PANEL,80048,BOTH,1161.29,Highmark,Highmark Commercial PROF,945.25,"This service costs $1161.29 as standard price when patient does not have any insurance.
Same service costs $945.25 if patient has 'Highmark Commercial PROF' insurance plan.",Medical Center,hospital2,19106,Philadelphia,PA,39.9496,-75.1467
BASIC METABOLIC PANEL,80048,BOTH,1161.29,Highmark,Highmark ACA Products PROF,632.53,"This service costs $1161.29 as standard price when patient does not have any insurance.
Same service costs $632.53 if patient has 'Highmark ACA Products PROF' insurance plan.",Medical Center,hospital2,19106,Philadelphia,PA,39.9496,-75.1467
BASIC METABOLIC PANEL,80048,BOTH,1161.29,,,,Standard charge with no insurance.,Medical Center,hospital2,19106,Philadelphia,PA,39.9496,-75.1467
BASIC METABOLIC PANEL,80048,BOTH,1161.29,United Healthcare,United Healthcare Medicaid,909.17,"This service costs $1161.29 as standard price when patient does not have any insurance.
Same service costs $909.17 if patient has 'United Healthcare Medicaid' insurance plan.",Medical Center,hospital2,19106,Philadelphia,PA,39.9496,-75.1467
BASIC METABOLIC PANEL,80048,BOTH,1161.29,United Healthcare,United Healthcare Commercial,1076.88,"This service costs $1161.29 as standard price when patient does not have any insurance.
Same service costs $1076.88 if patient has 'United Healthcare Commercial' insurance plan.",Medical Center,hospital2,19106,Philadelphia,PA,39.9496,-75.1467
BASIC METABOLIC PANEL,80048,BOTH,1161.29,United Healthcare,United Healthcare CHIP,634.01,"This service costs $1161.29 as standard price when patient does not have any insurance.
Same service costs $634.01 if patient has 'United Healthcare CHIP' insurance plan.",Medical Center,hospital2,19106,Philadelphia,PA,39.9496,-75.1467
BASIC METABOLIC PANEL,80048,BOTH,1161.29,,,,Standard charge with no insurance.,Medical Center,hospital2,19106,Philadelphia,PA,39.9496,-75.1467
TRILOCK SCAPHOID PLATE,C1713,BOTH,845.8,,,,"Only standard charge and no price with insurance – meaning this service is provided by the hospital directly, and not through any insurance.",Medical Center,hospital2,19106,Philadelphia,PA,39.9496,-75.1467
TRILOCK SCAPHOID PLATE,C1713,BOTH,1189.22,Humana,Humana Commercial,684.38,"This service costs $1189.22 as standard price when patient does not have any insurance.
Same service costs $684.38 if patient has 'Humana Commercial' insurance plan.",Medical Center,hospital2,19106,Philadelphia,PA,39.9496,-75.1467
TRILOCK SCAPHOID PLATE,C1713,BOTH,1189.22,Humana,Humana Medicare HMO,925.96,"This service costs $1189.22 as standard price when patient does not have any insurance.
Same service costs $925.96 if patient has 'Humana Medicare HMO' insurance plan.",Medical Center,hospital2,19106,Philadelphia,PA,39.9496,-75.1467
TRILOCK SCAPHOID PLATE,C1713,BOTH,1189.22,,,,Standard charge with no insurance.,Medical Center,hospital2,19106,Philadelphia,PA,39.9496,-75.1467
TRILOCK SCAPHOID PLATE,C1713,BOTH,1189.22,Highmark,Highmark ACA Products PROF,700.85,"This service costs $1189.22 as standard price when patient does not have any insurance.
Same service costs $700.85 if patient has 'Highmark ACA Products PROF' insurance plan.",Medical Center,hospital2,19106,Philadelphia,PA,39.9496,-75.1467
TRILOCK SCAPHOID PLATE,C1713,BOTH,1189.22,Highmark,Highmark Commercial PROF,1043.22,"This service costs $1189.22 as standard price when patient does not have any insurance.
Same service costs $1043.22 if patient has 'Highmark Commercial PROF' insurance plan.",Medical Center,hospital2,19106,Philadelphia,PA,39.9496,-75.1467
TRILOCK SCAPHOID PLATE,C1713,BOTH,1189.22,Highmark,Highmark Medicare,1024.86,"This service costs $1189.22 as standard price when patient does not have any insurance.
Same service costs $1024.86 if patient has 'Highmark Medicare' insurance plan.",Medical Center,hospital2,19106,Philadelphia,PA,39.9496,-75.1467
TRILOCK SCAPHOID PLATE,C1713,BOTH,1189.22,,,,Standard charge with no insurance.,Medical Center,hospital2,19106,Philadelphia,PA,39.9496,-75.1467
TRILOCK SCAPHOID PLATE,C1713,BOTH,1189.22,United Healthcare,United Healthcare Commercial,852.67,"This service costs $1189.22 as standard price when patient does not have any insurance.
Same service costs $852.67 if patient has 'United Healthcare Commercial' insurance plan.",Medical Center,hospital2,19106,Philadelphia,PA,39.9496,-75.1467
TRILOCK SCAPHOID PLATE,C1713,BOTH,1189.22,,,,Standard charge with no insurance.,Medical Center,hospital2,19106,Philadelphia,PA,39.9496,-75.1467
1 CC STERILE SYRINGE&NEEDLE,A4206,INPATIENT,399.23,Aetna,Aetna Medicaid CHIP,288.68,"This service costs $399.23 as standard price when patient does not have any insurance.
Same service costs $288.68 if patient has 'Aetna Medicaid CHIP' insurance plan.",Medical Center,hospital2,19106,Philadelphia,PA,39.9496,-75.1467
1 CC STERILE SYRINGE&NEEDLE,A4206,OUTPATIENT,399.23,Aetna,Aetna Medicaid CHIP,288.68,"This service costs $399.23 as standard price when patient does not have any insurance.
Same service costs $288.68 if patient has 'Aetna Medicaid CHIP' insurance plan.",Medical Center,hospital2,19106,Philadelphia,PA,39.9496,-75.1467
1 CC STERILE SYRINGE&NEEDLE,A4206,INPATIENT,399.23,,,,Standard charge with no insurance.,Medical Center,hospital2,19106,Philadelphia,PA,39.9496,-75.1467
1 CC STERILE SYRINGE&NEEDLE,A4206,OUTPATIENT,399.23,,,,Standard charge with no insurance.,Medical Center,hospital2,19106,Philadelphia,PA,39.9496,-75.1467
CHEST X-RAY,71045,BOTH,1956.88,,,,"Only standard charge and no price with insurance – meaning this service is provided by the hospital directly, and not through any insurance.",Medical Center,hospital2,19106,Philadelphia,PA,39.9496,-75.1467
TRILOCK GRIDPL,C1713,BOTH,1868.12,Amerihealth,Amerihealth Medicaid HC,1224.98,"This service costs $1868.12 as standard price when patient does not have any insurance.
Same service costs $1224.98 if patient has 'Amerihealth Medicaid HC' insurance plan.",Medical Center,hospital2,19106,Philadelphia,PA,39.9496,-75.1467
TRILOCK GRIDPL,C1713,BOTH,1868.12,Amerihealth,Amerihealth Commercial,1603.44,"This service costs $1868.12 as standard price when patient does not have any insurance.
Same service costs $1603.44 if patient has 'Amerihealth Commercial' insurance plan.",Medical Center,hospital2,19106,Philadelphia,PA,39.9496,-75.1467
TRILOCK GRIDPL,C1713,BOTH,1868.12,Amerihealth,Amerihealth Medicare,1767.05,"This service costs $1868.12 as standard price when patient does not have any insurance.
Same service costs $1767.05 if patient has 'Amerihealth Medicare' insurance plan.",Medical Center,hospital2,19106,Philadelphia,PA,39.9496,-75.1467
TRILOCK GRIDPL,C1713,BOTH,1868.12,,,,Standard charge with no insurance.,Medical Center,hospital2,19106,Philadelphia,PA,39.9496,-75.1467
CHG MRI BRAIN,70551,OUTPATIENT,515.34,Humana,Humana Commercial,456.04,"This service costs $515.34 as standard price when patient does not have any insurance.
Same service costs $456.04 if patient has 'Humana Commercial' insurance plan.",Medical Center,hospital2,19106,Philadelphia,PA,39.9496,-75.1467
CHG MRI BRAIN,70551,OUTPATIENT,515.34,Humana,Humana Medicare PPO,459.89,"This service costs $515.34 as standard price when patient does not have any insurance.
Same service costs $459.89 if patient has 'Humana Medicare PPO' insurance plan.",Medical Center,hospital2,19106,Philadelphia,PA,39.9496,-75.1467
CHG MRI BRAIN,70551,OUTPATIENT,515.34,Humana,Humana Medicare HMO,474.11,"This service costs $515.34 as standard price when patient does not have any insurance.
Same service costs $474.11 if patient has 'Humana Medicare HMO' insurance plan.",Medical Center,hospital2,19106,Philadelphia,PA,39.9496,-75.1467
CHG MRI BRAIN,70551,OUTPATIENT,515.34,,,,Standard charge with no insurance.,Medical Center,hospital2,19106,Philadelphia,PA,39.9496,-75.1467
CHG MRI BRAIN,70551,OUTPATIENT,515.34,Highmark,Highmark Commercial PROF,341.42,"This service costs $515.34 as standard price when patient does not have any insurance.
Same service costs $341.42 if patient has 'Highmark Commercial PROF' insurance plan.",Medical Center,hospital2,19106,Philadelphia,PA,39.9496,-75.1467
CHG MRI BRAIN,70551,OUTPATIENT,515.34,,,,Standard charge with no insurance.,Medical Center,hospital2,19106,Philadelphia,PA,39.9496,-75.1467
CHG MRI BRAIN,70551,OUTPATIENT,515.34,Aetna,Aetna Commercial,364.61,"This service costs $515.34 as standard price when patient does not have any insurance.
Same service costs $364.61 if patient has 'Aetna Commercial' insurance plan.",Medical Center,hospital2,19106,Philadelphia,PA,39.9496,-75.1467
CHG MRI BRAIN,70551,OUTPATIENT,515.34,Aetna,Aetna Medicare,418.21,"This service costs $515.34 as standard price when patient does not have any insurance.
Same service costs $418.21 if patient has 'Aetna Medicare' insurance plan.",Medical Center,hospital2,19106,Philadelphia,PA,39.9496,-75.1467
CHG MRI BRAIN,70551,OUTPATIENT,515.34,Aetna,Aetna Medicaid CHIP,295.66,"This service costs $515.34 as standard price when patient does not have any insurance.
Same service costs $295.66 if patient has 'Aetna Medicaid CHIP' insurance plan.",Medical Center,hospital2,19106,Philadelphia,PA,39.9496,-75.1467
CHG MRI BRAIN,70551,OUTPATIENT,515.34,,,,Standard charge with no insurance.,Medical Center,hospital2,19106,Philadelphia,PA,39.9496,-75.1467
2D ECHO,93306,OUTPATIENT,684.14,Humana,Humana Medicare PPO,599.4,"This service costs $684.14 as standard price when patient does not have any insurance.
Same service costs $599.4 if patient has 'Humana Medicare PPO' insurance plan.",Medical Center,hospital2,19106,Philadelphia,PA,39.9496,-75.1467
2D ECHO,93306,OUTPATIENT,684.14,,,,Standard charge with no insurance.,Medical Center,hospital2,19106,Philadelphia,PA,39.9496,-75.1467
2D ECHO,93306,OUTPATIENT,1530.81,Humana,Humana Medicare PPO,840.6,"This service costs $1530.81 as standard price when patient does not have any insurance.
Same service costs $840.6 if patient has 'Humana Medicare PPO' insurance plan.",Medical Center,hospital2,19106,Philadelphia,PA,39.9496,-75.1467
2D ECHO,93306,OUTPATIENT,1530.81,Humana,Humana Commercial,1345.28,"This service costs $1530.81 as standard price when patient does not have any insurance.
Same service costs $1345.28 if patient has 'Humana Commercial' insurance plan.",Medical Center,hospital2,19106,Philadelphia,PA,39.9496,-75.1467
2D ECHO,93306,OUTPATIENT,1530.81,,,,Standard charge with no insurance.,Medical Center,hospital2,19106,Philadelphia,PA,39.9496,-75.1467
2D ECHO,93306,OUTPATIENT,1530.81,Amerihealth,Amerihealth Commercial,893.0,"This service costs $1530.81 as standard price when patient does not have any insurance.
Same service costs $893.0 if patient has 'Amerihealth Commercial' insurance plan.",Medical Center,hospital2,19106,Philadelphia,PA,39.9496,-75.1467
2D ECHO,93306,OUTPATIENT,1530.81,Amerihealth,Amerihealth Medicaid HC,1393.46,"This service costs $1530.81 as standard price when patient does not have any insurance.
Same service costs $1393.46 if patient has 'Amerihealth Medicaid HC' insurance plan.",Medical Center,hospital2,19106,Philadelphia,PA,39.9496,-75.1467
2D ECHO,93306,OUTPATIENT,1530.81,,,,Standard charge with no insurance.,Medical Center,hospital2,19106,Philadelphia,PA,39.9496,-75.1467
BASIC METABOLIC PANEL,80048,BOTH,1498.24,,,,"Only standard charge and no price with insurance – meaning this service is provided by the hospital directly, and not through any insurance.",Medical Center,hospital2,19106,Philadelphia,PA,39.9496,-75.1467
CHEST X-RAY,71045,BOTH,1545.94,Humana,Humana Medicare PPO,1052.01,"This service costs $1545.94 as standard price when patient does not have any insurance.
Same service costs $1052.01 if patient has 'Humana Medicare PPO' insurance plan.",Medical Center,hospital2,19106,Philadelphia,PA,39.9496,-75.1467
CHEST X-RAY,71045,BOTH,1545.94,Humana,Humana Commercial,786.03,"This service costs $1545.94 as standard price when patient does not have any insurance.
Same service costs $786.03 if patient has 'Humana Commercial' insurance plan.",Medical Center,hospital2,19106,Philadelphia,PA,39.9496,-75.1467
CHEST X-RAY,71045,BOTH,1545.94,,,,Standard charge with no insurance.,Medical Center,hospital2,19106,Philadelphia,PA,39.9496,-75.1467
CHEST X-RAY,71045,BOTH,1545.94,Amerihealth,Amerihealth Medicare,881.7,"This service costs $1545.94 as standard price when patient does not have any insurance.
Same service costs $881.7 if patient has 'Amerihealth Medicare' insurance plan.",Medical Center,hospital2,19106,Philadelphia,PA,39.9496,-75.1467
CHEST X-RAY,71045,BOTH,1545.94,Amerihealth,Amerihealth Medicaid HC,1255.33,"This service costs $1545.94 as standard price when patient does not have any insurance.
Same service costs $1255.33 if patient has 'Amerihealth Medicaid HC' insurance plan.",Medical Center,hospital2,19106,Philadelphia,PA,39.9496,-75.1467
CHEST X-RAY,71045,BOTH,1545.94,Amerihealth,Amerihealth Commercial,1367.18,"This service costs $1545.94 as standard price when patient does not have any insurance.
Same service costs $1367.18 if patient has 'Amerihealth Commercial' insurance plan.",Medical Center,hospital2,19106,Philadelphia,PA,39.9496,-75.1467
CHEST X-RAY,71045,BOTH,1545.94,,,,Standard charge with no insurance.,Medical Center,hospital2,19106,Philadelphia,PA,39.9496,-75.1467
CHEST X-RAY,71045,BOTH,1545.94,Aetna,Aetna Medicaid CHIP,1080.96,"This service costs $1545.94 as standard price when patient does not have any insurance.
Same service costs $1080.96 if patient has 'Aetna Medicaid CHIP' insurance plan.",Medical Center,hospital2,19106,Philadelphia,PA,39.9496,-75.1467
CHEST X-RAY,71045,BOTH,1545.94,Aetna,Aetna Commercial,1197.24,"This service costs $1545.94 as standard price when patient does not have any insurance.
Same service costs $1197.24 if patient has 'Aetna Commercial' insurance plan.",Medical Center,hospital2,19106,Philadelphia,PA,39.9496,-75.1467
CHEST X-RAY,71045,BOTH,1545.94,Aetna,Aetna Medicare,1304.78,"This service costs $1545.94 as standard price when patient does not have any insurance.
Same service costs $1304.78 if patient has 'Aetna Medicare' insurance plan.",Medical Center,hospital2,19106,Philadelphia,PA,39.9496,-75.1467
CHEST X-RAY,71045,BOTH,1545.94,,,,Standard charge with no insurance.,Medical Center,hospital2,19106,Philadelphia,PA,39.9496,-75.1467
CHG MRI BRAIN,70551,OUTPATIENT,593.29,Aetna,Aetna Medicare,551.1,"This service costs $593.29 as standard price when patient does not have any insurance.
Same service costs $551.1 if patient has 'Aetna Medicare' insurance plan.",Medical Center,hospital2,19106,Philadelphia,PA,39.9496,-75.1467
CHG MRI BRAIN,70551,OUTPATIENT,593.29,Aetna,Aetna Commercial,436.82,"This service costs $593.29 as standard price when patient does not have any insurance.
Same service costs $436.82 if patient has 'Aetna Commercial' insurance plan.",Medical Center,hospital2,19106,Philadelphia,PA,39.9496,-75.1467
CHG MRI BRAIN,70551,OUTPATIENT,593.29,Aetna,Aetna Medicaid CHIP,448.36,"This service costs $593.29 as standard price when patient does not have any insurance.
Same service costs $448.36 if patient has 'Aetna Medicaid CHIP' insurance plan.",Medical Center,hospital2,19106,Philadelphia,PA,39.9496,-75.1467
CHG MRI BRAIN,70551,OUTPATIENT,593.29,,,,Standard charge with no insurance.,Medical Center,hospital2,19106,Philadelphia,PA,39.9496,-75.1467
TRILOCK GRIDPL,C1713,BOTH,1596.36,,,,"Only standard charge and no price with insurance – meaning this service is provided by the hospital directly, and not through any insurance.",Medical Center,hospital2,19106,Philadelphia,PA,39.9496,-75.1467
CHG MRI BRAIN,70551,OUTPATIENT,1708.42,Amerihealth,Amerihealth Commercial,1605.43,"This service costs $1708.42 as standard price when patient does not have any insurance.
Same service costs $1605.43 if patient has 'Amerihealth Commercial' insurance plan.",Medical Center,hospital2,19106,Philadelphia,PA,39.9496,-75.1467
CHG MRI BRAIN,70551,OUTPATIENT,1708.42,Amerihealth,Amerihealth Medicaid HC,1152.86,"This service costs $1708.42 as standard price when patient does not have any insurance.
Same service costs $1152.86 if patient has 'Amerihealth Medicaid HC' insurance plan.",Medical Center,hospital2,19106,Philadelphia,PA,39.9496,-75.1467
CHG MRI BRAIN,70551,OUTPATIENT,1708.42,Amerihealth,Amerihealth Medicare,1400.04,"This service costs $1708.42 as standard price when patient does not have any insurance.
Same service costs $1400.04 if patient has 'Amerihealth Medicare' insurance plan.",Medical Center,hospital2,19106,Philadelphia,PA,39.9496,-75.1467
CHG MRI BRAIN,70551,OUTPATIENT,1708.42,,,,Standard charge with no insurance.,Medical Center,hospital2,19106,Philadelphia,PA,39.9496,-75.1467
CHG MRI BRAIN,70551,OUTPATIENT,1708.42,Humana,Humana Medicare HMO,1089.02,"This service costs $1708.42 as standard price when patient does not have any insurance.
Same service costs $1089.02 if patient has 'Humana Medicare HMO' insurance plan.",Medical Center,hospital2,19106,Philadelphia,PA,39.9496,-75.1467
CHG MRI BRAIN,70551,OUTPATIENT,1708.42,,,,Standard charge with no insurance.,Medical Center,hospital2,19106,Philadelphia,PA,39.9496,-75.1467
CHG MRI BRAIN,70551,OUTPATIENT,1708.42,United Healthcare,United Healthcare Medicaid,1035.82,"This service costs $1708.42 as standard price when patient does not have any insurance.
Same service costs $1035.82 if patient has 'United Healthcare Medicaid' insurance plan.",Medical Center,hospital2,19106,Philadelphia,PA,39.9496,-75.1467
CHG MRI BRAIN,70551,OUTPATIENT,1708.42,United Healthcare,United Healthcare Commercial,1211.08,"This service costs $1708.42 as standard price when patient does not have any insurance.
Same service costs $1211.08 if patient has 'United Healthcare Commercial' insurance plan.",Medical Center,hospital2,19106,Philadelphia,PA,39.9496,-75.1467
CHG MRI BRAIN,70551,OUTPATIENT,1708.42,,,,Standard charge with no insurance.,Medical Center,hospital2,19106,Philadelphia,PA,39.9496,-75.1467
2D ECHO,93306,OUTPATIENT,1296.36,United Healthcare,United Healthcare Commercial,1085.2,"This service costs $1296.36 as standard price when patient does not have any insurance.
Same service costs $1085.2 if patient has 'United Healthcare Commercial' insurance plan.",Medical Center,hospital2,19106,Philadelphia,PA,39.9496,-75.1467
2D ECHO,93306,OUTPATIENT,1296.36,United Healthcare,United Healthcare CHIP,826.81,"This service costs $1296.36 as standard price when patient does not have any insurance.
Same service costs $826.81 if patient has 'United Healthcare CHIP' insurance plan.",Medical Center,hospital2,19106,Philadelphia,PA,39.9496,-75.1467
2D ECHO,93306,OUTPATIENT,1296.36,,,,Standard charge with no insurance.,Medical Center,hospital2,19106,Philadelphia,PA,39.9496,-75.1467
2D ECHO,93306,OUTPATIENT,1296.36,Humana,Humana Medicare PPO,1064.24,"This service costs $1296.36 as standard price when patient does not have any insurance.
Same service costs $1064.24 if patient has 'Humana Medicare PPO' insurance plan.",Medical Center,hospital2,19106,Philadelphia,PA,39.9496,-75.1467
2D ECHO,93306,OUTPATIENT,1296.36,Humana,Humana Commercial,1118.65,"This service costs $1296.36 as standard price when patient does not have any insurance.
Same service costs $1118.65 if patient has 'Humana Commercial' insurance plan.",Medical Center,hospital2,19106,Philadelphia,PA,39.9496,-75.1467
2D ECHO,93306,OUTPATIENT,1296.36,,,,Standard charge with no insurance.,Medical Center,hospital2,19106,Philadelphia,PA,39.9496,-75.1467
BASIC METABOLIC PANEL,80048,BOTH,1574.89,Humana,Humana Medicare PPO,948.98,"This service costs $1574.89 as standard price when patient does not have any insurance.
Same service costs $948.98 if patient has 'Humana Medicare PPO' insurance plan.",Medical Center,hospital2,19106,Philadelphia,PA,39.9496,-75.1467
BASIC METABOLIC PANEL,80048,BOTH,1574.89,Humana,Humana Medicare HMO,1085.48,"This service costs $1574.89 as standard price when patient does not have any insurance.
Same service costs $1085.48 if patient has 'Humana Medicare HMO' insurance plan.",Medical Center,hospital2,19106,Philadelphia,PA,39.9496,-75.1467
BASIC METABOLIC PANEL,80048,BOTH,1574.89,,,,Standard charge with no insurance.,Medical Center,hospital2,19106,Philadelphia,PA,39.9496,-75.1467
BASIC METABOLIC PANEL,80048,BOTH,1574.89,Aetna,Aetna Commercial,1389.67,"This service costs $1574.89 as standard price when patient does not have any insurance.
Same service costs $1389.67 if patient has 'Aetna Commercial' insurance plan.",Medical Center,hospital2,19106,Philadelphia,PA,39.9496,-75.1467
BASIC METABOLIC PANEL,80048,BOTH,1574.89,Aetna,Aetna Medicaid CHIP,1040.6,"This service costs $1574.89 as standard price when patient does not have any insurance.
Same service costs $1040.6 if patient has 'Aetna Medicaid CHIP' insurance plan.",Medical Center,hospital2,19106,Philadelphia,PA,39.9496,-75.1467
BASIC METABOLIC PANEL,80048,BOTH,1574.89,,,,Standard charge with no insurance.,Medical Center,hospital2,19106,Philadelphia,PA,39.9496,-75.1467
ACETYLCYSTEINE NON-COMP UNIT,J7608,OUTPATIENT,1305.59,Amerihealth,Amerihealth Commercial,875.92,"This service costs $1305.59 as standard price when patient does not have any insurance.
Same service costs $875.92 if patient has 'Amerihealth Commercial' insurance plan.",Medical Center,hospital2,19106,Philadelphia,PA,39.9496,-75.1467
ACETYLCYSTEINE NON-COMP UNIT,J7608,INPATIENT,1305.59,Amerihealth,Amerihealth Commercial,875.92,"This service costs $1305.59 as standard price when patient does not have any insurance.
Same service costs $875.92 if patient has 'Amerihealth Commercial' insurance plan.",Medical Center,hospital2,19106,Philadelphia,PA,39.9496,-75.1467
ACETYLCYSTEINE NON-COMP UNIT,J7608,OUTPATIENT,1305.59,,,,Standard charge with no insurance.,Medical Center,hospital2,19106,Philadelphia,PA,39.9496,-75.1467
ACETYLCYSTEINE NON-COMP UNIT,J7608,INPATIENT,1305.59,,,,Standard charge with no insurance.,Medical Center,hospital2,19106,Philadelphia,PA,39.9496,-75.1467
TRILOCK GRIDPL,C1713,BOTH,1348.12,Aetna,Aetna Medicaid CHIP,1102.74,"This service costs $1348.12 as standard price when patient does not have any insurance.
Same service costs $1102.74 if patient has 'Aetna Medicaid CHIP' insurance plan.",Medical Center,hospital2,19106,Philadelphia,PA,39.9496,-75.1467
TRILOCK GRIDPL,C1713,BOTH,1348.12,,,,Standard charge with no insurance.,Medical Center,hospital2,19106,Philadelphia,PA,39.9496,-75.1467
TRILOCK SCAPHOID PLATE,C1713,BOTH,866.7,Amerihealth,Amerihealth Commercial,611.11,"This service costs $866.7 as standard price when patient does not have any insurance.
Same service costs $611.11 if patient has 'Amerihealth Commercial' insurance plan.",Medical Center,hospital2,19106,Philadelphia,PA,39.9496,-75.1467
TRILOCK SCAPHOID PLATE,C1713,BOTH,866.7,Amerihealth,Amerihealth Medicare,712.39,"This service costs $866.7 as standard price when patient does not have any insurance.
Same service costs $712.39 if patient has 'Amerihealth Medicare' insurance plan.",Medical Center,hospital2,19106,Philadelphia,PA,39.9496,-75.1467
TRILOCK SCAPHOID PLATE,C1713,BOTH,866.7,Amerihealth,Amerihealth Medicaid HC,597.63,"This service costs $866.7 as standard price when patient does not have any insurance.
Same service costs $597.63 if patient has 'Amerihealth Medicaid HC' insurance plan.",Medical Center,hospital2,19106,Philadelphia,PA,39.9496,-75.1467
TRILOCK SCAPHOID PLATE,C1713,BOTH,866.7,,,,Standard charge with no insurance.,Medical Center,hospital2,19106,Philadelphia,PA,39.9496,-75.1467
TRILOCK SCAPHOID PLATE,C1713,BOTH,866.7,Highmark,Highmark ACA Products PROF,586.6,"This service costs $866.7 as standard price when patient does not have any insurance.
Same service costs $586.6 if patient has 'Highmark ACA Products PROF' insurance plan.",Medical Center,hospital2,19106,Philadelphia,PA,39.9496,-75.1467
TRILOCK SCAPHOID PLATE,C1713,BOTH,866.7,Highmark,Highmark Commercial PROF,462.33,"This service costs $866.7 as standard price when patient does not have any insurance.
Same service costs $462.33 if patient has 'Highmark Commercial PROF' insurance plan.",Medical Center,hospital2,19106,Philadelphia,PA,39.9496,-75.1467
TRILOCK SCAPHOID PLATE,C1713,BOTH,866.7,Highmark,Highmark Medicare,679.34,"This service costs $866.7 as standard price when patient does not have any insurance.
Same service costs $679.34 if patient has 'Highmark Medicare' insurance plan.",Medical Center,hospital2,19106,Philadelphia,PA,39.9496,-75.1467
TRILOCK SCAPHOID PLATE,C1713,BOTH,866.7,,,,Standard charge with no insurance.,Medical Center,hospital2,19106,Philadelphia,PA,39.9496,-75.1467
TRILOCK SCAPHOID PLATE,C1713,BOTH,866.7,Aetna,Aetna Medicaid CHIP,651.6,"This service costs $866.7 as standard price when patient does not have any insurance.
Same service costs $651.6 if patient has 'Aetna Medicaid CHIP' insurance plan.",Medical Center,hospital2,19106,Philadelphia,PA,39.9496,-75.1467
TRILOCK SCAPHOID PLATE,C1713,BOTH,866.7,,,,Standard charge with no insurance.,Medical Center,hospital2,19106,Philadelphia,PA,39.9496,-75.1467
TRILOCK SCAPHOID PLATE,C1713,BOTH,1136.66,Highmark,Highmark ACA Products PROF,870.25,"This service costs $1136.66 as standard price when patient does not have any insurance.
Same service costs $870.25 if patient has 'Highmark ACA Products PROF' insurance plan.",Medical Center,hospital2,19106,Philadelphia,PA,39.9496,-75.1467
TRILOCK SCAPHOID PLATE,C1713,BOTH,1136.66,Highmark,Highmark Medicare,684.31,"This service costs $1136.66 as standard price when patient does not have any insurance.
Same service costs $684.31 if patient has 'Highmark Medicare' insurance plan.",Medical Center,hospital2,19106,Philadelphia,PA,39.9496,-75.1467
TRILOCK SCAPHOID PLATE,C1713,BOTH,1136.66,,,,Standard charge with no insurance.,Medical Center,hospital2,19106,Philadelphia,PA,39.9496,-75.1467
TRILOCK SCAPHOID PLATE,C1713,BOTH,1136.66,Aetna,Aetna Commercial,616.25,"This service costs $1136.66 as standard price when patient does not have any insurance.
Same service costs $616.25 if patient has 'Aetna Commercial' insurance plan.",Medical Center,hospital2,19106,Philadelphia,PA,39.9496,-75.1467
TRILOCK SCAPHOID PLATE,C1713,BOTH,1136.66,Aetna,Aetna Medicaid CHIP,660.61,"This service costs $1136.66 as standard price when patient does not have any insurance.
Same service costs $660.61 if patient has 'Aetna Medicaid CHIP' insurance plan.",Medical Center,hospital2,19106,Philadelphia,PA,39.9496,-75.1467
TRILOCK SCAPHOID PLATE,C1713,BOTH,1136.66,Aetna,Aetna Medicare,1034.01,"This service costs $1136.66 as standard price when patient does not have any insurance.
Same service costs $1034.01 if patient has 'Aetna Medicare' insurance plan.",Medical Center,hospital2,19106,Philadelphia,PA,39.9496,-75.1467
TRILOCK SCAPHOID PLATE,C1713,BOTH,1136.66,,,,Standard charge with no insurance.,Medical Center,hospital2,19106,Philadelphia,PA,39.9496,-75.1467
CHEST X-RAY,71045,BOTH,179.9,Humana,Humana Commercial,145.91,"This service costs $179.9 as standard price when patient does not have any insurance.
Same service costs $145.91 if patient has 'Humana Commercial' insurance plan.",Medical Center,hospital2,19106,Philadelphia,PA,39.9496,-75.1467
CHEST X-RAY,71045,BOTH,179.9,Humana,Humana Medicare HMO,168.96,"This service costs $179.9 as standard price when patient does not have any insurance.
Same service costs $168.96 if patient has 'Humana Medicare HMO' insurance plan.",Medical Center,hospital2,19106,Philadelphia,PA,39.9496,-75.1467
CHEST X-RAY,71045,BOTH,179.9,Humana,Humana Medicare PPO,129.1,"This service costs $179.9 as standard price when patient does not have any insurance.
Same service costs $129.1 if patient has 'Humana Medicare PPO' insurance plan.",Medical Center,hospital2,19106,Philadelphia,PA,39.9496,-75.1467
CHEST X-RAY,71045,BOTH,179.9,,,,Standard charge with no insurance.,Medical Center,hospital2,19106,Philadelphia,PA,39.9496,-75.1467
CHEST X-RAY,71045,BOTH,179.9,Amerihealth,Amerihealth Medicaid HC,149.34,"This service costs $179.9 as standard price when patient does not have any insurance.
Same service costs $149.34 if patient has 'Amerihealth Medicaid HC' insurance plan.",Medical Center,hospital2,19106,Philadelphia,PA,39.9496,-75.1467
CHEST X-RAY,71045,BOTH,179.9,,,,Standard charge with no insurance.,Medical Center,hospital2,19106,Philadelphia,PA,39.9496,-75.1467
COMPLETE BLOOD COUNT,85025,BOTH,511.76,United Healthcare,United Healthcare Medicaid,280.1,"This service costs $511.76 as standard price when patient does not have any insurance.
Same service costs $280.1 if patient has 'United Healthcare Medicaid' insurance plan.",Medical Center,hospital2,19106,Philadelphia,PA,39.9496,-75.1467
COMPLETE BLOOD COUNT,85025,BOTH,511.76,United Healthcare,United Healthcare Commercial,307.6,"This service costs $511.76 as standard price when patient does not have any insurance.
Same service costs $307.6 if patient has 'United Healthcare Commercial' insurance plan.",Medical Center,hospital2,19106,Philadelphia,PA,39.9496,-75.1467
COMPLETE BLOOD COUNT,85025,BOTH,511.76,,,,Standard charge with no insurance.,Medical Center,hospital2,19106,Philadelphia,PA,39.9496,-75.1467
BASIC METABOLIC PANEL,80048,BOTH,560.51,United Healthcare,United Healthcare Commercial,517.67,"This service costs $560.51 as standard price when patient does not have any insurance.
Same service costs $517.67 if patient has 'United Healthcare Commercial' insurance plan.",Medical Center,hospital2,19106,Philadelphia,PA,39.9496,-75.1467
BASIC METABOLIC PANEL,80048,BOTH,560.51,United Healthcare,United Healthcare Medicaid,430.22,"This service costs $560.51 as standard price when patient does not have any insurance.
Same service costs $430.22 if patient has 'United Healthcare Medicaid' insurance plan.",Medical Center,hospital2,19106,Philadelphia,PA,39.9496,-75.1467
BASIC METABOLIC PANEL,80048,BOTH,560.51,,,,Standard charge with no insurance.,Medical Center,hospital2,19106,Philadelphia,PA,39.9496,-75.1467
BASIC METABOLIC PANEL,80048,BOTH,1762.47,Amerihealth,Amerihealth Medicaid HC,1406.04,"This service costs $1762.47 as standard price when patient does not have any insurance.
Same service costs $1406.04 if patient has 'Amerihealth Medicaid HC' insurance plan.",Medical Center,hospital2,19106,Philadelphia,PA,39.9496,-75.1467
BASIC METABOLIC PANEL,80048,BOTH,1762.47,,,,Standard charge with no insurance.,Medical Center,hospital2,19106,Philadelphia,PA,39.9496,-75.1467
BASIC METABOLIC PANEL,80048,BOTH,1762.47,United Healthcare,United Healthcare Commercial,1657.38,"This service costs $1762.47 as standard price when patient does not have any insurance.
Same service costs $1657.38 if patient has 'United Healthcare Commercial' insurance plan.",Medical Center,hospital2,19106,Philadelphia,PA,39.9496,-75.1467
BASIC METABOLIC PANEL,80048,BOTH,1762.47,United Healthcare,United Healthcare CHIP,1106.19,"This service costs $1762.47 as standard price when patient does not have any insurance.
Same service costs $1106.19 if patient has 'United Healthcare CHIP' insurance plan.",Medical Center,hospital2,19106,Philadelphia,PA,39.9496,-75.1467
BASIC METABOLIC PANEL,80048,BOTH,1762.47,,,,Standard charge with no insurance.,Medical Center,hospital2,19106,Philadelphia,PA,39.9496,-75.1467
BASIC METABOLIC PANEL,80048,BOTH,1762.47,Highmark,Highmark ACA Products PROF,1609.81,"This service costs $1762.47 as standard price when patient does not have any insurance.
Same service costs $1609.81 if patient has 'Highmark ACA Products PROF' insurance plan.",Medical Center,hospital2,19106,Philadelphia,PA,39.9496,-75.1467
BASIC METABOLIC PANEL,80048,BOTH,1762.47,Highmark,Highmark Medicare,1143.6,"This service costs $1762.47 as standard price when patient does not have any insurance.
Same service costs $1143.6 if patient has 'Highmark Medicare' insurance plan.",Medical Center,hospital2,19106,Philadelphia,PA,39.9496,-75.1467
BASIC METABOLIC PANEL,80048,BOTH,1762.47,,,,Standard charge with no insurance.,Medical Center,hospital2,19106,Philadelphia,PA,39.9496,-75.1467
CHG MRI BRAIN,70551,OUTPATIENT,219.8,United Healthcare,United Healthcare Commercial,110.81,"This service costs $219.8 as standard price when patient does not have any insurance.
Same service costs $110.81 if patient has 'United Healthcare Commercial' insurance plan.",Community Hospital,hospital3,19107,Philadelphia,PA,39.9483,-75.1594
CHG MRI BRAIN,70551,OUTPATIENT,219.8,,,,Standard charge with no insurance.,Community Hospital,hospital3,19107,Philadelphia,PA,39.9483,-75.1594
CHG MRI BRAIN,70551,OUTPATIENT,219.8,Amerihealth,Amerihealth Medicaid HC,138.51,"This service costs $219.8 as standard price when patient does not have any insurance.
Same service costs $138.51 if patient has 'Amerihealth Medicaid HC' insurance plan.",Community Hospital,hospital3,19107,Philadelphia,PA,39.9483,-75.1594
CHG MRI BRAIN,70551,OUTPATIENT,219.8,Amerihealth,Amerihealth Commercial,131.79,"This service costs $219.8 as standard price when patient does not have any insurance.
Same service costs $131.79 if patient has 'Amerihealth Commercial' insurance plan.",Community Hospital,hospital3,19107,Philadelphia,PA,39.9483,-75.1594
CHG MRI BRAIN,70551,OUTPATIENT,219.8,Amerihealth,Amerihealth Medicare,120.0,"This service costs $219.8 as standard price when patient does not have any insurance.
Same service costs $120.0 if patient has 'Amerihealth Medicare' insurance plan.",Community Hospital,hospital3,19107,Philadelphia,PA,39.9483,-75.1594
CHG MRI BRAIN,70551,OUTPATIENT,219.8,,,,Standard charge with no insurance.,Community Hospital,hospital3,19107,Philadelphia,PA,39.9483,-75.1594
1 CC STERILE SYRINGE&NEEDLE,A4206,INPATIENT,255.29,Humana,Humana Medicare PPO,155.12,"This service costs $255.29 as standard price when patient does not have any insurance.
Same service costs $155.12 if patient has 'Humana Medicare PPO' insurance plan.",Community Hospital,hospital3,19107,Philadelphia,PA,39.9483,-75.1594
1 CC STERILE SYRINGE&NEEDLE,A4206,OUTPATIENT,255.29,Humana,Humana Medicare PPO,155.12,"This service costs $255.29 as standard price when patient does not have any insurance.
Same service costs $155.12 if patient has 'Humana Medicare PPO' insurance plan.",Community Hospital,hospital3,19107,Philadelphia,PA,39.9483,-75.1594
1 CC STERILE SYRINGE&NEEDLE,A4206,INPATIENT,255.29,Humana,Humana Medicare HMO,210.06,"This service costs $255.29 as standard price when patient does not have any insurance.
Same service costs $210.06 if patient has 'Humana Medicare HMO' insurance plan.",Community Hospital,hospital3,19107,Philadelphia,PA,39.9483,-75.1594
1 CC STERILE SYRINGE&NEEDLE,A4206,OUTPATIENT,255.29,Humana,Humana Medicare HMO,210.06,"This service costs $255.29 as standard price when patient does not have any insurance.
Same service costs $210.06 if patient has 'Humana Medicare HMO' insurance plan.",Community Hospital,hospital3,19107,Philadelphia,PA,39.9483,-75.1594
1 CC STERILE SYRINGE&NEEDLE,A4206,INPATIENT,255.29,,,,Standard charge with no insurance.,Community Hospital,hospital3,19107,Philadelphia,PA,39.9483,-75.1594
1 CC STERILE SYRINGE&NEEDLE,A4206,OUTPATIENT,255.29,,,,Standard charge with no insurance.,Community Hospital,hospital3,19107,Philadelphia,PA,39.9483,-75.1594
1 CC STERILE SYRINGE&NEEDLE,A4206,INPATIENT,255.29,United Healthcare,United Healthcare Medicaid,132.48,"This service costs $255.29 as standard price when patient does not have any insurance.
Same service costs $132.48 if patient has 'United Healthcare Medicaid' insurance plan.",Community Hospital,hospital3,19107,Philadelphia,PA,39.9483,-75.1594
1 CC STERILE SYRINGE&NEEDLE,A4206,OUTPATIENT,255.29,United Healthcare,United Healthcare Medicaid,132.48,"This service costs $255.29 as standard price when patient does not have any insurance.
Same service costs $132.48 if patient has 'United Healthcare Medicaid' insurance plan.",Community Hospital,hospital3,19107,Philadelphia,PA,39.9483,-75.1594
1 CC STERILE SYRINGE&NEEDLE,A4206,INPATIENT,255.29,United Healthcare,United Healthcare Commercial,241.58,"This service costs $255.29 as standard price when patient does not have any insurance.
Same service costs $241.58 if patient has 'United Healthcare Commercial' insurance plan.",Community Hospital,hospital3,19107,Philadelphia,PA,39.9483,-75.1594
1 CC STERILE SYRINGE&NEEDLE,A4206,OUTPATIENT,255.29,United Healthcare,United Healthcare Commercial,241.58,"This service costs $255.29 as standard price when patient does not have any insurance.
Same service costs $241.58 if patient has 'United Healthcare Commercial' insurance plan.",Community Hospital,hospital3,19107,Philadelphia,PA,39.9483,-75.1594
1 CC STERILE SYRINGE&NEEDLE,A4206,INPATIENT,255.29,United Healthcare,United Healthcare CHIP,133.68,"This service costs $255.29 as standard price when patient does not have any insurance.
Same service costs $133.68 if patient has 'United Healthcare CHIP' insurance plan.",Community Hospital,hospital3,19107,Philadelphia,PA,39.9483,-75.1594
1 CC STERILE SYRINGE&NEEDLE,A4206,OUTPATIENT,255.29,United Healthcare,United Healthcare CHIP,133.68,"This service costs $255.29 as standard price when patient does not have any insurance.
Same service costs $133.68 if patient has 'United Healthcare CHIP' insurance plan.",Community Hospital,hospital3,19107,Philadelphia,PA,39.9483,-75.1594
1 CC STERILE SYRINGE&NEEDLE,A4206,INPATIENT,255.29,,,,Standard charge with no insurance.,Community Hospital,hospital3,19107,Philadelphia,PA,39.9483,-75.1594
1 CC STERILE SYRINGE&NEEDLE,A4206,OUTPATIENT,255.29,,,,Standard charge with no insurance.,Community Hospital,hospital3,19107,Philadelphia,PA,39.9483,-75.1594
1 CC STERILE SYRINGE&NEEDLE,A4206,INPATIENT,255.29,Amerihealth,Amerihealth Medicaid HC,229.24,"This service costs $255.29 as standard price when patient does not have any insurance.
Same service costs $229.24 if patient has 'Amerihealth Medicaid HC' insurance plan.",Community Hospital,hospital3,19107,Philadelphia,PA,39.9483,-75.1594
1 CC STERILE SYRINGE&NEEDLE,A4206,OUTPATIENT,255.29,Amerihealth,Amerihealth Medicaid HC,229.24,"This service costs $255.29 as standard price when patient does not have any insurance.
Same service costs $229.24 if patient has 'Amerihealth Medicaid HC' insurance plan.",Community Hospital,hospital3,19107,Philadelphia,PA,39.9483,-75.1594
1 CC STERILE SYRINGE&NEEDLE,A4206,INPATIENT,255.29,,,,Standard charge with no insurance.,Community Hospital,hospital3,19107,Philadelphia,PA,39.9483,-75.1594
1 CC STERILE SYRINGE&NEEDLE,A4206,OUTPATIENT,255.29,,,,Standard charge with no insurance.,Community Hospital,hospital3,19107,Philadelphia,PA,39.9483,-75.1594
TRILOCK GRIDPL,C1713,BOTH,1430.17,,,,"Only standard charge and no price with insurance – meaning this service is provided by the hospital directly, and not through any insurance.",Community Hospital,hospital3,19107,Philadelphia,PA,39.9483,-75.1594
CHEST X-RAY,71045,BOTH,172.21,Aetna,Aetna Medicaid CHIP,92.51,"This service costs $172.21 as standard price when patient does not have any insurance.
Same service costs $92.51 if patient has 'Aetna Medicaid CHIP' insurance plan.",Community Hospital,hospital3,19107,Philadelphia,PA,39.9483,-75.1594
CHEST X-RAY,71045,BOTH,172.21,Aetna,Aetna Commercial,111.98,"This service costs $172.21 as standard price when patient does not have any insurance.
Same service costs $111.98 if patient has 'Aetna Commercial' insurance plan.",Community Hospital,hospital3,19107,Philadelphia,PA,39.9483,-75.1594
CHEST X-RAY,71045,BOTH,172.21,,,,Standard charge with no insurance.,Community Hospital,hospital3,19107,Philadelphia,PA,39.9483,-75.1594
CHEST X-RAY,71045,BOTH,172.21,Highmark,Highmark Commercial PROF,96.49,"This service costs $172.21 as standard price when patient does not have any insurance.
Same service costs $96.49 if patient has 'Highmark Commercial PROF' insurance plan.",Community Hospital,hospital3,19107,Philadelphia,PA,39.9483,-75.1594
CHEST X-RAY,71045,BOTH,172.21,,,,Standard charge with no insurance.,Community Hospital,hospital3,19107,Philadelphia,PA,39.9483,-75.1594
TRILOCK SCAPHOID PLATE,C1713,BOTH,1947.62,,,,"Only standard charge and no price with insurance – meaning this service is provided by the hospital directly, and not through any insurance.",Community Hospital,hospital3,19107,Philadelphia,PA,39.9483,-75.1594
ACETYLCYSTEINE NON-COMP UNIT,J7608,OUTPATIENT,1491.91,,,,"Only standard charge and no price with insurance – meaning this service is provided by the hospital directly, and not through any insurance.",Community Hospital,hospital3,19107,Philadelphia,PA,39.9483,-75.1594
ACETYLCYSTEINE NON-COMP UNIT,J7608,INPATIENT,1491.91,,,,"Only standard charge and no price with insurance – meaning this service is provided by the hospital directly, and not through any insurance.",Community Hospital,hospital3,19107,Philadelphia,PA,39.9483,-75.1594
ABDOMINAL CT SCAN,74150,BOTH,1754.23,Highmark,Highmark Commercial PROF,1033.13,"This service costs $1754.23 as standard price when patient does not have any insurance.
Same service costs $1033.13 if patient has 'Highmark Commercial PROF' insurance plan.",Community Hospital,hospital3,19107,Philadelphia,PA,39.9483,-75.1594
ABDOMINAL CT SCAN,74150,BOTH,1754.23,Highmark,Highmark ACA Products PROF,885.31,"This service costs $1754.23 as standard price when patient does not have any insurance.
Same service costs $885.31 if patient has 'Highmark ACA Products PROF' insurance plan.",Community Hospital,hospital3,19107,Philadelphia,PA,39.9483,-75.1594
ABDOMINAL CT SCAN,74150,BOTH,1754.23,Highmark,Highmark Medicare,1014.61,"This service costs $1754.23 as standard price when patient does not have any insurance.
Same service costs $1014.61 if patient has 'Highmark Medicare' insurance plan.",Community Hospital,hospital3,19107,Philadelphia,PA,39.9483,-75.1594
ABDOMINAL CT SCAN,74150,BOTH,1754.23,,,,Standard charge with no insurance.,Community Hospital,hospital3,19107,Philadelphia,PA,39.9483,-75.1594
COMPLETE BLOOD COUNT,85025,BOTH,1742.46,Humana,Humana Commercial,1418.85,"This service costs $1742.46 as standard price when patient does not have any insurance.
Same service costs $1418.85 if patient has 'Humana Commercial' insurance plan.",Community Hospital,hospital3,19107,Philadelphia,PA,39.9483,-75.1594
COMPLETE BLOOD COUNT,85025,BOTH,1742.46,Humana,Humana Medicare PPO,1046.92,"This service costs $1742.46 as standard price when patient does not have any insurance.
Same service costs $1046.92 if patient has 'Humana Medicare PPO' insurance plan.",Community Hospital,hospital3,19107,Philadelphia,PA,39.9483,-75.1594
COMPLETE BLOOD COUNT,85025,BOTH,1742.46,,,,Standard charge with no insurance.,Community Hospital,hospital3,19107,Philadelphia,PA,39.9483,-75.1594
COMPLETE BLOOD COUNT,85025,BOTH,1742.46,Aetna,Aetna Commercial,1592.58,"This service costs $1742.46 as standard price when patient does not have any insurance.
Same service costs $1592.58 if patient has 'Aetna Commercial' insurance plan.",Community Hospital,hospital3,19107,Philadelphia,PA,39.9483,-75.1594
COMPLETE BLOOD COUNT,85025,BOTH,1742.46,,,,Standard charge with no insurance.,Community Hospital,hospital3,19107,Philadelphia,PA,39.9483,-75.1594
BASIC METABOLIC PANEL,80048,BOTH,1014.44,United Healthcare,United Healthcare CHIP,946.47,"This service costs $1014.44 as standard price when patient does not have any insurance.
Same service costs $946.47 if patient has 'United Healthcare CHIP' insurance plan.",Community Hospital,hospital3,19107,Philadelphia,PA,39.9483,-75.1594
BASIC METABOLIC PANEL,80048,BOTH,1014.44,United Healthcare,United Healthcare Commercial,652.77,"This service costs $1014.44 as standard price when patient does not have any insurance.
Same service costs $652.77 if patient has 'United Healthcare Commercial' insurance plan.",Community Hospital,hospital3,19107,Philadelphia,PA,39.9483,-75.1594
BASIC METABOLIC PANEL,80048,BOTH,1014.44,United Healthcare,United Healthcare Medicaid,705.65,"This service costs $1014.44 as standard price when patient does not have any insurance.
Same service costs $705.65 if patient has 'United Healthcare Medicaid' insurance plan.",Community Hospital,hospital3,19107,Philadelphia,PA,39.9483,-75.1594
BASIC METABOLIC PANEL,80048,BOTH,1014.44,,,,Standard charge with no insurance.,Community Hospital,hospital3,19107,Philadelphia,PA,39.9483,-75.1594
2D ECHO,93306,OUTPATIENT,407.68,Amerihealth,Amerihealth Medicare,227.66,"This service costs $407.68 as standard price when patient does not have any insurance.
Same service costs $227.66 if patient has 'Amerihealth Medicare' insurance plan.",Community Hospital,hospital3,19107,Philadelphia,PA,39.9483,-75.1594
2D ECHO,93306,OUTPATIENT,407.68,,,,Standard charge with no insurance.,Community Hospital,hospital3,19107,Philadelphia,PA,39.9483,-75.1594
2D ECHO,93306,OUTPATIENT,308.13,Highmark,Highmark Medicare,252.26,"This service costs $308.13 as standard price when patient does not have any insurance.
Same service costs $252.26 if patient has 'Highmark Medicare' insurance plan.",Community Hospital,hospital3,19107,Philadelphia,PA,39.9483,-75.1594
2D ECHO,93306,OUTPATIENT,308.13,Highmark,Highmark Commercial PROF,210.26,"This service costs $308.13 as standard price when patient does not have any insurance.
Same service costs $210.26 if patient has 'Highmark Commercial PROF' insurance plan.",Community Hospital,hospital3,19107,Philadelphia,PA,39.9483,-75.1594
2D ECHO,93306,OUTPATIENT,308.13,Highmark,Highmark ACA Products PROF,218.7,"This service costs $308.13 as standard price when patient does not have any insurance.
Same service costs $218.7 if patient has 'Highmark ACA Products PROF' insurance plan.",Community Hospital,hospital3,19107,Philadelphia,PA,39.9483,-75.1594
2D ECHO,93306,OUTPATIENT,308.13,,,,Standard charge with no insurance.,Community Hospital,hospital3,19107,Philadelphia,PA,39.9483,-75.1594
2D ECHO,93306,OUTPATIENT,308.13,Aetna,Aetna Medicare,235.77,"This service costs $308.13 as standard price when patient does not have any insurance.
Same service costs $235.77 if patient has 'Aetna Medicare' insurance plan.",Community Hospital,hospital3,19107,Philadelphia,PA,39.9483,-75.1594
2D ECHO,93306,OUTPATIENT,308.13,,,,Standard charge with no insurance.,Community Hospital,hospital3,19107,Philadelphia,PA,39.9483,-75.1594
2D ECHO,93306,OUTPATIENT,308.13,United Healthcare,United Healthcare Medicaid,237.23,"This service costs $308.13 as standard price when patient does not have any insurance.
Same service costs $237.23 if patient has 'United Healthcare Medicaid' insurance plan.",Community Hospital,hospital3,19107,Philadelphia,PA,39.9483,-75.1594
2D ECHO,93306,OUTPATIENT,308.13,,,,Standard charge with no insurance.,Community Hospital,hospital3,19107,Philadelphia,PA,39.9483,-75.1594
CHEST X-RAY,71045,BOTH,1859.76,Humana,Humana Commercial,1380.56,"This service costs $1859.76 as standard price when patient does not have any insurance.
Same service costs $1380.56 if patient has 'Humana Commercial' insurance plan.",Community Hospital,hospital3,19107,Philadelphia,PA,39.9483,-75.1594
CHEST X-RAY,71045,BOTH,1859.76,Humana,Humana Medicare PPO,1588.52,"This service costs $1859.76 as standard price when patient does not have any insurance.
Same service costs $1588.52 if patient has 'Humana Medicare PPO' insurance plan.",Community Hospital,hospital3,19107,Philadelphia,PA,39.9483,-75.1594
CHEST X-RAY,71045,BOTH,1859.76,,,,Standard charge with no insurance.,Community Hospital,hospital3,19107,Philadelphia,PA,39.9483,-75.1594
CHEST X-RAY,71045,BOTH,1859.76,Highmark,Highmark Commercial PROF,1738.29,"This service costs $1859.76 as standard price when patient does not have any insurance.
Same service costs $1738.29 if patient has 'Highmark Commercial PROF' insurance plan.",Community Hospital,hospital3,19107,Philadelphia,PA,39.9483,-75.1594
CHEST X-RAY,71045,BOTH,1859.76,Highmark,Highmark Medicare,1203.33,"This service costs $1859.76 as standard price when patient does not have any insurance.
Same service costs $1203.33 if patient has 'Highmark Medicare' insurance plan.",Community Hospital,hospital3,19107,Philadelphia,PA,39.9483,-75.1594
CHEST X-RAY,71045,BOTH,1859.76,,,,Standard charge with no insurance.,Community Hospital,hospital3,19107,Philadelphia,PA,39.9483,-75.1594
ABDOMINAL CT SCAN,74150,BOTH,669.44,United Healthcare,United Healthcare Medicaid,442.98,"This service costs $669.44 as standard price when patient does not have any insurance.
Same service costs $442.98 if patient has 'United Healthcare Medicaid' insurance plan.",Community Hospital,hospital3,19107,Philadelphia,PA,39.9483,-75.1594
ABDOMINAL CT SCAN,74150,BOTH,669.44,United Healthcare,United Healthcare Commercial,620.73,"This service costs $669.44 as standard price when patient does not have any insurance.
Same service costs $620.73 if patient has 'United Healthcare Commercial' insurance plan.",Community Hospital,hospital3,19107,Philadelphia,PA,39.9483,-75.1594
ABDOMINAL CT SCAN,74150,BOTH,669.44,,,,Standard charge with no insurance.,Community Hospital,hospital3,19107,Philadelphia,PA,39.9483,-75.1594
ACETYLCYSTEINE NON-COMP UNIT,J7608,OUTPATIENT,1689.74,Humana,Humana Commercial,1520.98,"This service costs $1689.74 as standard price when patient does not have any insurance.
Same service costs $1520.98 if patient has 'Humana Commercial' insurance plan.",Community Hospital,hospital3,19107,Philadelphia,PA,39.9483,-75.1594
ACETYLCYSTEINE NON-COMP UNIT,J7608,INPATIENT,1689.74,Humana,Humana Commercial,1520.98,"This service costs $1689.74 as standard price when patient does not have any insurance.
Same service costs $1520.98 if patient has 'Humana Commercial' insurance plan.",Community Hospital,hospital3,19107,Philadelphia,PA,39.9483,-75.1594
ACETYLCYSTEINE NON-COMP UNIT,J7608,OUTPATIENT,1689.74,,,,Standard charge with no insurance.,Community Hospital,hospital3,19107,Philadelphia,PA,39.9483,-75.1594
ACETYLCYSTEINE NON-COMP UNIT,J7608,INPATIENT,1689.74,,,,Standard charge with no insurance.,Community Hospital,hospital3,19107,Philadelphia,PA,39.9483,-75.1594
ACETYLCYSTEINE NON-COMP UNIT,J7608,OUTPATIENT,1689.74,Highmark,Highmark Commercial PROF,1437.63,"This service costs $1689.74 as standard price when patient does not have any insurance.
Same service costs $1437.63 if patient has 'Highmark Commercial PROF' insurance plan.",Community Hospital,hospital3,19107,Philadelphia,PA,39.9483,-75.1594
ACETYLCYSTEINE NON-COMP UNIT,J7608,INPATIENT,1689.74,Highmark,Highmark Commercial PROF,1437.63,"This service costs $1689.74 as standard price when patient does not have any insurance.
Same service costs $1437.63 if patient has 'Highmark Commercial PROF' insurance plan.",Community Hospital,hospital3,19107,Philadelphia,PA,39.9483,-75.1594
ACETYLCYSTEINE NON-COMP UNIT,J7608,OUTPATIENT,1689.74,Highmark,Highmark Medicare,1204.7,"This service costs $1689.74 as standard price when patient does not have any insurance.
Same service costs $1204.7 if patient has 'Highmark Medicare' insurance plan.",Community Hospital,hospital3,19107,Philadelphia,PA,39.9483,-75.1594
ACETYLCYSTEINE NON-COMP UNIT,J7608,INPATIENT,1689.74,Highmark,Highmark Medicare,1204.7,"This service costs $1689.74 as standard price when patient does not have any insurance.
Same service costs $1204.7 if patient has 'Highmark Medicare' insurance plan.",Community Hospital,hospital3,19107,Philadelphia,PA,39.9483,-75.1594
ACETYLCYSTEINE NON-COMP UNIT,J7608,OUTPATIENT,1689.74,,,,Standard charge with no insurance.,Community Hospital,hospital3,19107,Philadelphia,PA,39.9483,-75.1594
ACETYLCYSTEINE NON-COMP UNIT,J7608,INPATIENT,1689.74,,,,Standard charge with no insurance.,Community Hospital,hospital3,19107,Philadelphia,PA,39.9483,-75.1594
ACETYLCYSTEINE NON-COMP UNIT,J7608,OUTPATIENT,1689.74,Aetna,Aetna Commercial,930.86,"This service costs $1689.74 as standard price when patient does not have any insurance.
Same service costs $930.86 if patient has 'Aetna Commercial' insurance plan.",Community Hospital,hospital3,19107,Philadelphia,PA,39.9483,-75.1594
ACETYLCYSTEINE NON-COMP UNIT,J7608,INPATIENT,1689.74,Aetna,Aetna Commercial,930.86,"This service costs $1689.74 as standard price when patient does not have any insurance.
Same service costs $930.86 if patient has 'Aetna Commercial' insurance plan.",Community Hospital,hospital3,19107,Philadelphia,PA,39.9483,-75.1594
ACETYLCYSTEINE NON-COMP UNIT,J7608,OUTPATIENT,1689.74,,,,Standard charge with no insurance.,Community Hospital,hospital3,19107,Philadelphia,PA,39.9483,-75.1594
ACETYLCYSTEINE NON-COMP UNIT,J7608,INPATIENT,1689.74,,,,Standard charge with no insurance.,Community Hospital,hospital3,19107,Philadelphia,PA,39.9483,-75.1594
2D ECHO,93306,OUTPATIENT,379.7,Aetna,Aetna Medicare,224.59,"This service costs $379.7 as standard price when patient does not have any insurance.
Same service costs $224.59 if patient has 'Aetna Medicare' insurance plan.",Community Hospital,hospital3,19107,Philadelphia,PA,39.9483,-75.1594
2D ECHO,93306,OUTPATIENT,379.7,Aetna,Aetna Commercial,343.87,"This service costs $379.7 as standard price when patient does not have any insurance.
Same service costs $343.87 if patient has 'Aetna Commercial' insurance plan.",Community Hospital,hospital3,19107,Philadelphia,PA,39.9483,-75.1594
2D ECHO,93306,OUTPATIENT,379.7,,,,Standard charge with no insurance.,Community Hospital,hospital3,19107,Philadelphia,PA,39.9483,-75.1594
2D ECHO,93306,OUTPATIENT,379.7,United Healthcare,United Healthcare Commercial,201.14,"This service costs $379.7 as standard price when patient does not have any insurance.
Same service costs $201.14 if patient has 'United Healthcare Commercial' insurance plan.",Community Hospital,hospital3,19107,Philadelphia,PA,39.9483,-75.1594
2D ECHO,93306,OUTPATIENT,379.7,,,,Standard charge with no insurance.,Community Hospital,hospital3,19107,Philadelphia,PA,39.9483,-75.1594
CHG MRI BRAIN,70551,OUTPATIENT,292.58,Aetna,Aetna Medicare,264.33,"This service costs $292.58 as standard price when patient does not have any insurance.
Same service costs $264.33 if patient has 'Aetna Medicare' insurance plan.",Community Hospital,hospital3,19107,Philadelphia,PA,39.9483,-75.1594
CHG MRI BRAIN,70551,OUTPATIENT,292.58,Aetna,Aetna Commercial,244.55,"This service costs $292.58 as standard price when patient does not have any insurance.
Same service costs $244.55 if patient has 'Aetna Commercial' insurance plan.",Community Hospital,hospital3,19107,Philadelphia,PA,39.9483,-75.1594
CHG MRI BRAIN,70551,OUTPATIENT,292.58,Aetna,Aetna Medicaid CHIP,270.37,"This service costs $292.58 as standard price when patient does not have any insurance.
Same service costs $270.37 if patient has 'Aetna Medicaid CHIP' insurance plan.",Community Hospital,hospital3,19107,Philadelphia,PA,39.9483,-75.1594
CHG MRI BRAIN,70551,OUTPATIENT,292.58,,,,Standard charge with no insurance.,Community Hospital,hospital3,19107,Philadelphia,PA,39.9483,-75.1594
CHG MRI BRAIN,70551,OUTPATIENT,292.58,Amerihealth,Amerihealth Medicare,188.96,"This service costs $292.58 as standard price when patient does not have any insurance.
Same service costs $188.96 if patient has 'Amerihealth Medicare' insurance plan.",Community Hospital,hospital3,19107,Philadelphia,PA,39.9483,-75.1594
CHG MRI BRAIN,70551,OUTPATIENT,292.58,Amerihealth,Amerihealth Medicaid HC,225.53,"This service costs $292.58 as standard price when patient does not have any insurance.
Same service costs $225.53 if patient has 'Amerihealth Medicaid HC' insurance plan.",Community Hospital,hospital3,19107,Philadelphia,PA,39.9483,-75.1594
CHG MRI BRAIN,70551,OUTPATIENT,292.58,Amerihealth,Amerihealth Commercial,261.15,"This service costs $292.58 as standard price when patient does not have any insurance.
Same service costs $261.15 if patient has 'Amerihealth Commercial' insurance plan.",Community Hospital,hospital3,19107,Philadelphia,PA,39.9483,-75.1594
CHG MRI BRAIN,70551,OUTPATIENT,292.58,,,,Standard charge with no insurance.,Community Hospital,hospital3,19107,Philadelphia,PA,39.9483,-75.1594
CHG MRI BRAIN,70551,OUTPATIENT,1110.91,Highmark,Highmark Commercial PROF,698.7,"This service costs $1110.91 as standard price when patient does not have any insurance.
Same service costs $698.7 if patient has 'Highmark Commercial PROF' insurance plan.",Community Hospital,hospital3,19107,Philadelphia,PA,39.9483,-75.1594
CHG MRI BRAIN,70551,OUTPATIENT,1110.91,,,,Standard charge with no insurance.,Community Hospital,hospital3,19107,Philadelphia,PA,39.9483,-75.1594
CHG MRI BRAIN,70551,OUTPATIENT,1110.91,Aetna,Aetna Medicaid CHIP,923.61,"This service costs $1110.91 as standard price when patient does not have any insurance.
Same service costs $923.61 if patient has 'Aetna Medicaid CHIP' insurance plan.",Community Hospital,hospital3,19107,Philadelphia,PA,39.9483,-75.1594
CHG MRI BRAIN,70551,OUTPATIENT,1110.91,,,,Standard charge with no insurance.,Community Hospital,hospital3,19107,Philadelphia,PA,39.9483,-75.1594
CHG MRI BRAIN,70551,OUTPATIENT,1110.91,Humana,Humana Medicare PPO,807.92,"This service costs $1110.91 as standard price when patient does not have any insurance.
Same service costs $807.92 if patient has 'Humana Medicare PPO' insurance plan.",Community Hospital,hospital3,19107,Philadelphia,PA,39.9483,-75.1594
CHG MRI BRAIN,70551,OUTPATIENT,1110.91,Humana,Humana Commercial,570.66,"This service costs $1110.91 as standard price when patient does not have any insurance.
Same service costs $570.66 if patient has 'Humana Commercial' insurance plan.",Community Hospital,hospital3,19107,Philadelphia,PA,39.9483,-75.1594
CHG MRI BRAIN,70551,OUTPATIENT,1110.91,,,,Standard charge with no insurance.,Community Hospital,hospital3,19107,Philadelphia,PA,39.9483,-75.1594
1 CC STERILE SYRINGE&NEEDLE,A4206,INPATIENT,1443.03,Amerihealth,Amerihealth Medicaid HC,994.75,"This service costs $1443.03 as standard price when patient does not have any insurance.
Same service costs $994.75 if patient has 'Amerihealth Medicaid HC' insurance plan.",Community Hospital,hospital3,19107,Philadelphia,PA,39.9483,-75.1594
1 CC STERILE SYRINGE&NEEDLE,A4206,OUTPATIENT,1443.03,Amerihealth,Amerihealth Medicaid HC,994.75,"This service costs $1443.03 as standard price when patient does not have any insurance.
Same service costs $994.75 if patient has 'Amerihealth Medicaid HC' insurance plan.",Community Hospital,hospital3,19107,Philadelphia,PA,39.9483,-75.1594
1 CC STERILE SYRINGE&NEEDLE,A4206,INPATIENT,1443.03,Amerihealth,Amerihealth Commercial,1142.42,"This service costs $1443.03 as standard price when patient does not have any insurance.
Same service costs $1142.42 if patient has 'Amerihealth Commercial' insurance plan.",Community Hospital,hospital3,19107,Philadelphia,PA,39.9483,-75.1594
1 CC STERILE SYRINGE&NEEDLE,A4206,OUTPATIENT,1443.03,Amerihealth,Amerihealth Commercial,1142.42,"This service costs $1443.03 as standard price when patient does not have any insurance.
Same service costs $1142.42 if patient has 'Amerihealth Commercial' insurance plan.",Community Hospital,hospital3,19107,Philadelphia,PA,39.9483,-75.1594
1 CC STERILE SYRINGE&NEEDLE,A4206,INPATIENT,1443.03,Amerihealth,Amerihealth Medicare,1143.76,"This service costs $1443.03 as standard price when patient does not have any insurance.
Same service costs $1143.76 if patient has 'Amerihealth Medicare' insurance plan.",Community Hospital,hospital3,19107,Philadelphia,PA,39.9483,-75.1594
1 CC STERILE SYRINGE&NEEDLE,A4206,OUTPATIENT,1443.03,Amerihealth,Amerihealth Medicare,1143.76,"This service costs $1443.03 as standard price when patient does not have any insurance.
Same service costs $1143.76 if patient has 'Amerihealth Medicare' insurance plan.",Community Hospital,hospital3,19107,Philadelphia,PA,39.9483,-75.1594
1 CC STERILE SYRINGE&NEEDLE,A4206,INPATIENT,1443.03,,,,Standard charge with no insurance.,Community Hospital,hospital3,19107,Philadelphia,PA,39.9483,-75.1594
1 CC STERILE SYRINGE&NEEDLE,A4206,OUTPATIENT,1443.03,,,,Standard charge with no insurance.,Community Hospital,hospital3,19107,Philadelphia,PA,39.9483,-75.1594
1 CC STERILE SYRINGE&NEEDLE,A4206,INPATIENT,1443.03,United Healthcare,United Healthcare CHIP,814.35,"This service costs $1443.03 as standard price when patient does not have any insurance.
Same service costs $814.35 if patient has 'United Healthcare CHIP' insurance plan.",Community Hospital,hospital3,19107,Philadelphia,PA,39.9483,-75.1594
1 CC STERILE SYRINGE&NEEDLE,A4206,OUTPATIENT,1443.03,United Healthcare,United Healthcare CHIP,814.35,"This service costs $1443.03 as standard price when patient does not have any insurance.
Same service costs $814.35 if patient has 'United Healthcare CHIP' insurance plan.",Community Hospital,hospital3,19107,Philadelphia,PA,39.9483,-75.1594
1 CC STERILE SYRINGE&NEEDLE,A4206,INPATIENT,1443.03,United Healthcare,United Healthcare Medicaid,847.35,"This service costs $1443.03 as standard price when patient does not have any insurance.
Same service costs $847.35 if patient has 'United Healthcare Medicaid' insurance plan.",Community Hospital,hospital3,19107,Philadelphia,PA,39.9483,-75.1594
1 CC STERILE SYRINGE&NEEDLE,A4206,OUTPATIENT,1443.03,United Healthcare,United Healthcare Medicaid,847.35,"This service costs $1443.03 as standard price when patient does not have any insurance.
Same service costs $847.35 if patient has 'United Healthcare Medicaid' insurance plan.",Community Hospital,hospital3,19107,Philadelphia,PA,39.9483,-75.1594
1 CC STERILE SYRINGE&NEEDLE,A4206,INPATIENT,1443.03,,,,Standard charge with no insurance.,Community Hospital,hospital3,19107,Philadelphia,PA,39.9483,-75.1594
1 CC STERILE SYRINGE&NEEDLE,A4206,OUTPATIENT,1443.03,,,,Standard charge with no insurance.,Community Hospital,hospital3,19107,Philadelphia,PA,39.9483,-75.1594
1 CC STERILE SYRINGE&NEEDLE,A4206,INPATIENT,1443.03,Highmark,Highmark ACA Products PROF,1139.01,"This service costs $1443.03 as standard price when patient does not have any insurance.
Same service costs $1139.01 if patient has 'Highmark ACA Products PROF' insurance plan.",Community Hospital,hospital3,19107,Philadelphia,PA,39.9483,-75.1594
1 CC STERILE SYRINGE&NEEDLE,A4206,OUTPATIENT,1443.03,Highmark,Highmark ACA Products PROF,1139.01,"This service costs $1443.03 as standard price when patient does not have any insurance.
Same service costs $1139.01 if patient has 'Highmark ACA Products PROF' insurance plan.",Community Hospital,hospital3,19107,Philadelphia,PA,39.9483,-75.1594
1 CC STERILE SYRINGE&NEEDLE,A4206,INPATIENT,1443.03,Highmark,Highmark Commercial PROF,1072.47,"This service costs $1443.03 as standard price when patient does not have any insurance.
Same service costs $1072.47 if patient has 'Highmark Commercial PROF' insurance plan.",Community Hospital,hospital3,19107,Philadelphia,PA,39.9483,-75.1594
1 CC STERILE SYRINGE&NEEDLE,A4206,OUTPATIENT,1443.03,Highmark,Highmark Commercial PROF,1072.47,"This service costs $1443.03 as standard price when patient does not have any insurance.
Same service costs $1072.47 if patient has 'Highmark Commercial PROF' insurance plan.",Community Hospital,hospital3,19107,Philadelphia,PA,39.9483,-75.1594
1 CC STERILE SYRINGE&NEEDLE,A4206,INPATIENT,1443.03,Highmark,Highmark Medicare,1153.32,"This service costs $1443.03 as standard price when patient does not have any insurance.
Same service costs $1153.32 if patient has 'Highmark Medicare' insurance plan.",Community Hospital,hospital3,19107,Philadelphia,PA,39.9483,-75.1594
1 CC STERILE SYRINGE&NEEDLE,A4206,OUTPATIENT,1443.03,Highmark,Highmark Medicare,1153.32,"This service costs $1443.03 as standard price when patient does not have any insurance.
Same service costs $1153.32 if patient has 'Highmark Medicare' insurance plan.",Community Hospital,hospital3,19107,Philadelphia,PA,39.9483,-75.1594
1 CC STERILE SYRINGE&NEEDLE,A4206,INPATIENT,1443.03,,,,Standard charge with no insurance.,Community Hospital,hospital3,19107,Philadelphia,PA,39.9483,-75.1594
1 CC STERILE SYRINGE&NEEDLE,A4206,OUTPATIENT,1443.03,,,,Standard charge with no insurance.,Community Hospital,hospital3,19107,Philadelphia,PA,39.9483,-75.1594
TRILOCK SCAPHOID PLATE,C1713,BOTH,1324.6,United Healthcare,United Healthcare CHIP,1015.24,"This service costs $1324.6 as standard price when patient does not have any insurance.
Same service costs $1015.24 if patient has 'United Healthcare CHIP' insurance plan.",Community Hospital,hospital3,19107,Philadelphia,PA,39.9483,-75.1594
TRILOCK SCAPHOID PLATE,C1713,BOTH,1324.6,United Healthcare,United Healthcare Commercial,727.32,"This service costs $1324.6 as standard price when patient does not have any insurance.
Same service costs $727.32 if patient has 'United Healthcare Commercial' insurance plan.",Community Hospital,hospital3,19107,Philadelphia,PA,39.9483,-75.1594
TRILOCK SCAPHOID PLATE,C1713,BOTH,1324.6,United Healthcare,United Healthcare Medicaid,677.94,"This service costs $1324.6 as standard price when patient does not have any insurance.
Same service costs $677.94 if patient has 'United Healthcare Medicaid' insurance plan.",Community Hospital,hospital3,19107,Philadelphia,PA,39.9483,-75.1594
TRILOCK SCAPHOID PLATE,C1713,BOTH,1324.6,,,,Standard charge with no insurance.,Community Hospital,hospital3,19107,Philadelphia,PA,39.9483,-75.1594
TRILOCK SCAPHOID PLATE,C1713,BOTH,1324.6,Aetna,Aetna Medicare,688.35,"This service costs $1324.6 as standard price when patient does not have any insurance.
Same service costs $688.35 if patient has 'Aetna Medicare' insurance plan.",Community Hospital,hospital3,19107,Philadelphia,PA,39.9483,-75.1594
TRILOCK SCAPHOID PLATE,C1713,BOTH,1324.6,Aetna,Aetna Medicaid CHIP,931.42,"This service costs $1324.6 as standard price when patient does not have any insurance.
Same service costs $931.42 if patient has 'Aetna Medicaid CHIP' insurance plan.",Community Hospital,hospital3,19107,Philadelphia,PA,39.9483,-75.1594
TRILOCK SCAPHOID PLATE,C1713,BOTH,1324.6,Aetna,Aetna Commercial,1226.3,"This service costs $1324.6 as standard price when patient does not have any insurance.
Same service costs $1226.3 if patient has 'Aetna Commercial' insurance plan.",Community Hospital,hospital3,19107,Philadelphia,PA,39.9483,-75.1594
TRILOCK SCAPHOID PLATE,C1713,BOTH,1324.6,,,,Standard charge with no insurance.,Community Hospital,hospital3,19107,Philadelphia,PA,39.9483,-75.1594
TRILOCK SCAPHOID PLATE,C1713,BOTH,1324.6,Humana,Humana Medicare PPO,799.51,"This service costs $1324.6 as standard price when patient does not have any insurance.
Same service costs $799.51 if patient has 'Humana Medicare PPO' insurance plan.",Community Hospital,hospital3,19107,Philadelphia,PA,39.9483,-75.1594
TRILOCK SCAPHOID PLATE,C1713,BOTH,1324.6,,,,Standard charge with no insurance.,Community Hospital,hospital3,19107,Philadelphia,PA,39.9483,-75.1594
TRILOCK SCAPHOID PLATE,C1713,BOTH,1788.2,Aetna,Aetna Medicaid CHIP,1455.75,"This service costs $1788.2 as standard price when patient does not have any insurance.
Same service costs $1455.75 if patient has 'Aetna Medicaid CHIP' insurance plan.",Community Hospital,hospital3,19107,Philadelphia,PA,39.9483,-75.1594
TRILOCK SCAPHOID PLATE,C1713,BOTH,1788.2,Aetna,Aetna Commercial,1048.81,"This service costs $1788.2 as standard price when patient does not have any insurance.
Same service costs $1048.81 if patient has 'Aetna Commercial' insurance plan.",Community Hospital,hospital3,19107,Philadelphia,PA,39.9483,-75.1594
TRILOCK SCAPHOID PLATE,C1713,BOTH,1788.2,,,,Standard charge with no insurance.,Community Hospital,hospital3,19107,Philadelphia,PA,39.9483,-75.1594
TRILOCK SCAPHOID PLATE,C1713,BOTH,1674.22,Aetna,Aetna Medicare,1337.4,"This service costs $1674.22 as standard price when patient does not have any insurance.
Same service costs $1337.4 if patient has 'Aetna Medicare' insurance plan.",Community Hospital,hospital3,19107,Philadelphia,PA,39.9483,-75.1594
TRILOCK SCAPHOID PLATE,C1713,BOTH,1674.22,,,,Standard charge with no insurance.,Community Hospital,hospital3,19107,Philadelphia,PA,39.9483,-75.1594
TRILOCK SCAPHOID PLATE,C1713,BOTH,1674.22,Highmark,Highmark Medicare,1405.18,"This service costs $1674.22 as standard price when patient does not have any insurance.
Same service costs $1405.18 if patient has 'Highmark Medicare' insurance plan.",Community Hospital,hospital3,19107,Philadelphia,PA,39.9483,-75.1594
TRILOCK SCAPHOID PLATE,C1713,BOTH,1674.22,,,,Standard charge with no insurance.,Community Hospital,hospital3,19107,Philadelphia,PA,39.9483,-75.1594
1 CC STERILE SYRINGE&NEEDLE,A4206,INPATIENT,1350.2,United Healthcare,United Healthcare Medicaid,777.57,"This service costs $1350.2 as standard price when patient does not have any insurance.
Same service costs $777.57 if patient has 'United Healthcare Medicaid' insurance plan.",Community Hospital,hospital3,19107,Philadelphia,PA,39.9483,-75.1594
1 CC STERILE SYRINGE&NEEDLE,A4206,OUTPATIENT,1350.2,United Healthcare,United Healthcare Medicaid,777.57,"This service costs $1350.2 as standard price when patient does not have any insurance.
Same service costs $777.57 if patient has 'United Healthcare Medicaid' insurance plan.",Community Hospital,hospital3,19107,Philadelphia,PA,39.9483,-75.1594
1 CC STERILE SYRINGE&NEEDLE,A4206,INPATIENT,1350.2,United Healthcare,United Healthcare Commercial,1229.76,"This service costs $1350.2 as standard price when patient does not have any insurance.
Same service costs $1229.76 if patient has 'United Healthcare Commercial' insurance plan.",Community Hospital,hospital3,19107,Philadelphia,PA,39.9483,-75.1594
1 CC STERILE SYRINGE&NEEDLE,A4206,OUTPATIENT,1350.2,United Healthcare,United Healthcare Commercial,1229.76,"This service costs $1350.2 as standard price when patient does not have any insurance.
Same service costs $1229.76 if patient has 'United Healthcare Commercial' insurance plan.",Community Hospital,hospital3,19107,Philadelphia,PA,39.9483,-75.1594
1 CC STERILE SYRINGE&NEEDLE,A4206,INPATIENT,1350.2,,,,Standard charge with no insurance.,Community Hospital,hospital3,19107,Philadelphia,PA,39.9483,-75.1594
1 CC STERILE SYRINGE&NEEDLE,A4206,OUTPATIENT,1350.2,,,,Standard charge with no insurance.,Community Hospital,hospital3,19107,Philadelphia,PA,39.9483,-75.1594
1 CC STERILE SYRINGE&NEEDLE,A4206,INPATIENT,1350.2,Humana,Humana Medicare PPO,1278.67,"This service costs $1350.2 as standard price when patient does not have any insurance.
Same service costs $1278.67 if patient has 'Humana Medicare PPO' insurance plan.",Community Hospital,hospital3,19107,Philadelphia,PA,39.9483,-75.1594
1 CC STERILE SYRINGE&NEEDLE,A4206,OUTPATIENT,1350.2,Humana,Humana Medicare PPO,1278.67,"This service costs $1350.2 as standard price when patient does not have any insurance.
Same service costs $1278.67 if patient has 'Humana Medicare PPO' insurance plan.",Community Hospital,hospital3,19107,Philadelphia,PA,39.9483,-75.1594
1 CC STERILE SYRINGE&NEEDLE,A4206,INPATIENT,1350.2,Humana,Humana Medicare HMO,1141.49,"This service costs $1350.2 as standard price when patient does not have any insurance.
Same service costs $1141.49 if patient has 'Humana Medicare HMO' insurance plan.",Community Hospital,hospital3,19107,Philadelphia,PA,39.9483,-75.1594
1 CC STERILE SYRINGE&NEEDLE,A4206,OUTPATIENT,1350.2,Humana,Humana Medicare HMO,1141.49,"This service costs $1350.2 as standard price when patient does not have any insurance.
Same service costs $1141.49 if patient has 'Humana Medicare HMO' insurance plan.",Community Hospital,hospital3,19107,Philadelphia,PA,39.9483,-75.1594
1 CC STERILE SYRINGE&NEEDLE,A4206,INPATIENT,1350.2,Humana,Humana Commercial,893.26,"This service costs $1350.2 as standard price when patient does not have any insurance.
Same service costs $893.26 if patient has 'Humana Commercial' insurance plan.",Community Hospital,hospital3,19107,Philadelphia,PA,39.9483,-75.1594
1 CC STERILE SYRINGE&NEEDLE,A4206,OUTPATIENT,1350.2,Humana,Humana Commercial,893.26,"This service costs $1350.2 as standard price when patient does not have any insurance.
Same service costs $893.26 if patient has 'Humana Commercial' insurance plan.",Community Hospital,hospital3,19107,Philadelphia,PA,39.9483,-75.1594
1 CC STERILE SYRINGE&NEEDLE,A4206,INPATIENT,1350.2,,,,Standard charge with no insurance.,Community Hospital,hospital3,19107,Philadelphia,PA,39.9483,-75.1594
1 CC STERILE SYRINGE&NEEDLE,A4206,OUTPATIENT,1350.2,,,,Standard charge with no insurance.,Community Hospital,hospital3,19107,Philadelphia,PA,39.9483,-75.1594
ABDOMINAL CT SCAN,74150,BOTH,1192.46,Humana,Humana Medicare PPO,900.96,"This service costs $1192.46 as standard price when patient does not have any insurance.
Same service costs $900.96 if patient has 'Humana Medicare PPO' insurance plan.",Community Hospital,hospital3,19107,Philadelphia,PA,39.9483,-75.1594
ABDOMINAL CT SCAN,74150,BOTH,1192.46,Humana,Humana Medicare HMO,776.36,"This service costs $1192.46 as standard price when patient does not have any insurance.
Same service costs $776.36 if patient has 'Humana Medicare HMO' insurance plan.",Community Hospital,hospital3,19107,Philadelphia,PA,39.9483,-75.1594
ABDOMINAL CT SCAN,74150,BOTH,1192.46,,,,Standard charge with no insurance.,Community Hospital,hospital3,19107,Philadelphia,PA,39.9483,-75.1594
ABDOMINAL CT SCAN,74150,BOTH,1192.46,Aetna,Aetna Commercial,1102.19,"This service costs $1192.46 as standard price when patient does not have any insurance.
Same service costs $1102.19 if patient has 'Aetna Commercial' insurance plan.",Community Hospital,hospital3,19107,Philadelphia,PA,39.9483,-75.1594
ABDOMINAL CT SCAN,74150,BOTH,1192.46,,,,Standard charge with no insurance.,Community Hospital,hospital3,19107,Philadelphia,PA,39.9483,-75.1594
ABDOMINAL CT SCAN,74150,BOTH,1192.46,Amerihealth,Amerihealth Commercial,991.65,"This service costs $1192.46 as standard price when patient does not have any insurance.
Same service costs $991.65 if patient has 'Amerihealth Commercial' insurance plan.",Community Hospital,hospital3,19107,Philadelphia,PA,39.9483,-75.1594
ABDOMINAL CT SCAN,74150,BOTH,1192.46,Amerihealth,Amerihealth Medicaid HC,743.3,"This service costs $1192.46 as standard price when patient does not have any insurance.
Same service costs $743.3 if patient has 'Amerihealth Medicaid HC' insurance plan.",Community Hospital,hospital3,19107,Philadelphia,PA,39.9483,-75.1594
ABDOMINAL CT SCAN,74150,BOTH,1192.46,,,,Standard charge with no insurance.,Community Hospital,hospital3,19107,Philadelphia,PA,39.9483,-75.1594
1 CC STERILE SYRINGE&NEEDLE,A4206,INPATIENT,1705.38,Amerihealth,Amerihealth Medicaid HC,994.33,"This service costs $1705.38 as standard price when patient does not have any insurance.
Same service costs $994.33 if patient has 'Amerihealth Medicaid HC' insurance plan.",Community Hospital,hospital3,19107,Philadelphia,PA,39.9483,-75.1594
1 CC STERILE SYRINGE&NEEDLE,A4206,OUTPATIENT,1705.38,Amerihealth,Amerihealth Medicaid HC,994.33,"This service costs $1705.38 as standard price when patient does not have any insurance.
Same service costs $994.33 if patient has 'Amerihealth Medicaid HC' insurance plan.",Community Hospital,hospital3,19107,Philadelphia,PA,39.9483,-75.1594
1 CC STERILE SYRINGE&NEEDLE,A4206,INPATIENT,1705.38,Amerihealth,Amerihealth Commercial,1310.26,"This service costs $1705.38 as standard price when patient does not have any insurance.
Same service costs $1310.26 if patient has 'Amerihealth Commercial' insurance plan.",Community Hospital,hospital3,19107,Philadelphia,PA,39.9483,-75.1594
1 CC STERILE SYRINGE&NEEDLE,A4206,OUTPATIENT,1705.38,Amerihealth,Amerihealth Commercial,1310.26,"This service costs $1705.38 as standard price when patient does not have any insurance.
Same service costs $1310.26 if patient has 'Amerihealth Commercial' insurance plan.",Community Hospital,hospital3,19107,Philadelphia,PA,39.9483,-75.1594
1 CC STERILE SYRINGE&NEEDLE,A4206,INPATIENT,1705.38,Amerihealth,Amerihealth Medicare,1014.85,"This service costs $1705.38 as standard price when patient does not have any insurance.
Same service costs $1014.85 if patient has 'Amerihealth Medicare' insurance plan.",Community Hospital,hospital3,19107,Philadelphia,PA,39.9483,-75.1594
1 CC STERILE SYRINGE&NEEDLE,A4206,OUTPATIENT,1705.38,Amerihealth,Amerihealth Medicare,1014.85,"This service costs $1705.38 as standard price when patient does not have any insurance.
Same service costs $1014.85 if patient has 'Amerihealth Medicare' insurance plan.",Community Hospital,hospital3,19107,Philadelphia,PA,39.9483,-75.1594
1 CC STERILE SYRINGE&NEEDLE,A4206,INPATIENT,1705.38,,,,Standard charge with no insurance.,Community Hospital,hospital3,19107,Philadelphia,PA,39.9483,-75.1594
1 CC STERILE SYRINGE&NEEDLE,A4206,OUTPATIENT,1705.38,,,,Standard charge with no insurance.,Community Hospital,hospital3,19107,Philadelphia,PA,39.9483,-75.1594
1 CC STERILE SYRINGE&NEEDLE,A4206,INPATIENT,1705.38,United Healthcare,United Healthcare CHIP,1135.16,"This service costs $1705.38 as standard price when patient does not have any insurance.
Same service costs $1135.16 if patient has 'United Healthcare CHIP' insurance plan.",Community Hospital,hospital3,19107,Philadelphia,PA,39.9483,-75.1594
1 CC STERILE SYRINGE&NEEDLE,A4206,OUTPATIENT,1705.38,United Healthcare,United Healthcare CHIP,1135.16,"This service costs $1705.38 as standard price when patient does not have any insurance.
Same service costs $1135.16 if patient has 'United Healthcare CHIP' insurance plan.",Community Hospital,hospital3,19107,Philadelphia,PA,39.9483,-75.1594
1 CC STERILE SYRINGE&NEEDLE,A4206,INPATIENT,1705.38,United Healthcare,United Healthcare Medicaid,1191.6,"This service costs $1705.38 as standard price when patient does not have any insurance.
Same service costs $1191.6 if patient has 'United Healthcare Medicaid' insurance plan.",Community Hospital,hospital3,19107,Philadelphia,PA,39.9483,-75.1594
1 CC STERILE SYRINGE&NEEDLE,A4206,OUTPATIENT,1705.38,United Healthcare,United Healthcare Medicaid,1191.6,"This service costs $1705.38 as standard price when patient does not have any insurance.
Same service costs $1191.6 if patient has 'United Healthcare Medicaid' insurance plan.",Community Hospital,hospital3,19107,Philadelphia,PA,39.9483,-75.1594
1 CC STERILE SYRINGE&NEEDLE,A4206,INPATIENT,1705.38,United Healthcare,United Healthcare Commercial,1302.5,"This service costs $1705.38 as standard price when patient does not have any insurance.
Same service costs $1302.5 if patient has 'United Healthcare Commercial' insurance plan.",Community Hospital,hospital3,19107,Philadelphia,PA,39.9483,-75.1594
1 CC STERILE SYRINGE&NEEDLE,A4206,OUTPATIENT,1705.38,United Healthcare,United Healthcare Commercial,1302.5,"This service costs $1705.38 as standard price when patient does not have any insurance.
Same service costs $1302.5 if patient has 'United Healthcare Commercial' insurance plan.",Community Hospital,hospital3,19107,Philadelphia,PA,39.9483,-75.1594
1 CC STERILE SYRINGE&NEEDLE,A4206,INPATIENT,1705.38,,,,Standard charge with no insurance.,Community Hospital,hospital3,19107,Philadelphia,PA,39.9483,-75.1594
1 CC STERILE SYRINGE&NEEDLE,A4206,OUTPATIENT,1705.38,,,,Standard charge with no insurance.,Community Hospital,hospital3,19107,Philadelphia,PA,39.9483,-75.1594
BASIC METABOLIC PANEL,80048,BOTH,1951.81,Humana,Humana Commercial,1301.38,"This service costs $1951.81 as standard price when patient does not have any insurance.
Same service costs $1301.38 if patient has 'Humana Commercial' insurance plan.",Community Hospital,hospital3,19107,Philadelphia,PA,39.9483,-75.1594
BASIC METABOLIC PANEL,80048,BOTH,1951.81,Humana,Humana Medicare PPO,1802.67,"This service costs $1951.81 as standard price when patient does not have any insurance.
Same service costs $1802.67 if patient has 'Humana Medicare PPO' insurance plan.",Community Hospital,hospital3,19107,Philadelphia,PA,39.9483,-75.1594
BASIC METABOLIC PANEL,80048,BOTH,1951.81,Humana,Humana Medicare HMO,1403.96,"This service costs $1951.81 as standard price when patient does not have any insurance.
Same service costs $1403.96 if patient has 'Humana Medicare HMO' insurance plan.",Community Hospital,hospital3,19107,Philadelphia,PA,39.9483,-75.1594
BASIC METABOLIC PANEL,80048,BOTH,1951.81,,,,Standard charge with no insurance.,Community Hospital,hospital3,19107,Philadelphia,PA,39.9483,-75.1594
1 CC STERILE SYRINGE&NEEDLE,A4206,INPATIENT,1615.33,,,,"Only standard charge and no price with insurance – meaning this service is provided by the hospital directly, and not through any insurance.",Community Hospital,hospital3,19107,Philadelphia,PA,39.9483,-75.1594
1 CC STERILE SYRINGE&NEEDLE,A4206,OUTPATIENT,1615.33,,,,"Only standard charge and no price with insurance – meaning this service is provided by the hospital directly, and not through any insurance.",Community Hospital,hospital3,19107,Philadelphia,PA,39.9483,-75.1594
ACETYLCYSTEINE NON-COMP UNIT,J7608,OUTPATIENT,668.35,United Healthcare,United Healthcare Commercial,367.88,"This service costs $668.35 as standard price when patient does not have any insurance.
Same service costs $367.88 if patient has 'United Healthcare Commercial' insurance plan.",Community Hospital,hospital3,19107,Philadelphia,PA,39.9483,-75.1594
ACETYLCYSTEINE NON-COMP UNIT,J7608,INPATIENT,668.35,United Healthcare,United Healthcare Commercial,367.88,"This service costs $668.35 as standard price when patient does not have any insurance.
Same service costs $367.88 if patient has 'United Healthcare Commercial' insurance plan.",Community Hospital,hospital3,19107,Philadelphia,PA,39.9483,-75.1594
ACETYLCYSTEINE NON-COMP UNIT,J7608,OUTPATIENT,668.35,,,,Standard charge with no insurance.,Community Hospital,hospital3,19107,Philadelphia,PA,39.9483,-75.1594
ACETYLCYSTEINE NON-COMP UNIT,J7608,INPATIENT,668.35,,,,Standard charge with no insurance.,Community Hospital,hospital3,19107,Philadelphia,PA,39.9483,-75.1594
ACETYLCYSTEINE NON-COMP UNIT,J7608,OUTPATIENT,668.35,Highmark,Highmark ACA Products PROF,372.88,"This service costs $668.35 as standard price when patient does not have any insurance.
Same service costs $372.88 if patient has 'Highmark ACA Products PROF' insurance plan.",Community Hospital,hospital3,19107,Philadelphia,PA,39.9483,-75.1594
ACETYLCYSTEINE NON-COMP UNIT,J7608,INPATIENT,668.35,Highmark,Highmark ACA Products PROF,372.88,"This service costs $668.35 as standard price when patient does not have any insurance.
Same service costs $372.88 if patient has 'Highmark ACA Products PROF' insurance plan.",Community Hospital,hospital3,19107,Philadelphia,PA,39.9483,-75.1594
ACETYLCYSTEINE NON-COMP UNIT,J7608,OUTPATIENT,668.35,,,,Standard charge with no insurance.,Community Hospital,hospital3,19107,Philadelphia,PA,39.9483,-75.1594
ACETYLCYSTEINE NON-COMP UNIT,J7608,INPATIENT,668.35,,,,Standard charge with no insurance.,Community Hospital,hospital3,19107,Philadelphia,PA,39.9483,-75.1594
ACETYLCYSTEINE NON-COMP UNIT,J7608,OUTPATIENT,668.35,Amerihealth,Amerihealth Commercial,439.51,"This service costs $668.35 as standard price when patient does not have any insurance.
Same service costs $439.51 if patient has 'Amerihealth Commercial' insurance plan.",Community Hospital,hospital3,19107,Philadelphia,PA,39.9483,-75.1594
ACETYLCYSTEINE NON-COMP UNIT,J7608,INPATIENT,668.35,Amerihealth,Amerihealth Commercial,439.51,"This service costs $668.35 as standard price when patient does not have any insurance.
Same service costs $439.51 if patient has 'Amerihealth Commercial' insurance plan.",Community Hospital,hospital3,19107,Philadelphia,PA,39.9483,-75.1594
ACETYLCYSTEINE NON-COMP UNIT,J7608,OUTPATIENT,668.35,Amerihealth,Amerihealth Medicaid HC,488.9,"This service costs $668.35 as standard price when patient does not have any insurance.
Same service costs $488.9 if patient has 'Amerihealth Medicaid HC' insurance plan.",Community Hospital,hospital3,19107,Philadelphia,PA,39.9483,-75.1594
ACETYLCYSTEINE NON-COMP UNIT,J7608,INPATIENT,668.35,Amerihealth,Amerihealth Medicaid HC,488.9,"This service costs $668.35 as standard price when patient does not have any insurance.
Same service costs $488.9 if patient has 'Amerihealth Medicaid HC' insurance plan.",Community Hospital,hospital3,19107,Philadelphia,PA,39.9483,-75.1594
ACETYLCYSTEINE NON-COMP UNIT,J7608,OUTPATIENT,668.35,Amerihealth,Amerihealth Medicare,621.36,"This service costs $668.35 as standard price when patient does not have any insurance.
Same service costs $621.36 if patient has 'Amerihealth Medicare' insurance plan.",Community Hospital,hospital3,19107,Philadelphia,PA,39.9483,-75.1594
ACETYLCYSTEINE NON-COMP UNIT,J7608,INPATIENT,668.35,Amerihealth,Amerihealth Medicare,621.36,"This service costs $668.35 as standard price when patient does not have any insurance.
Same service costs $621.36 if patient has 'Amerihealth Medicare' insurance plan.",Community Hospital,hospital3,19107,Philadelphia,PA,39.9483,-75.1594
ACETYLCYSTEINE NON-COMP UNIT,J7608,OUTPATIENT,668.35,,,,Standard charge with no insurance.,Community Hospital,hospital3,19107,Philadelphia,PA,39.9483,-75.1594
ACETYLCYSTEINE NON-COMP UNIT,J7608,INPATIENT,668.35,,,,Standard charge with no insurance.,Community Hospital,hospital3,19107,Philadelphia,PA,39.9483,-75.1594
BASIC METABOLIC PANEL,80048,BOTH,1463.27,United Healthcare,United Healthcare Medicaid,1187.96,"This service costs $1463.27 as standard price when patient does not have any insurance.
Same service costs $1187.96 if patient has 'United Healthcare Medicaid' insurance plan.",Community Hospital,hospital3,19107,Philadelphia,PA,39.9483,-75.1594
BASIC METABOLIC PANEL,80048,BOTH,1463.27,United Healthcare,United Healthcare CHIP,1111.12,"This service costs $1463.27 as standard price when patient does not have any insurance.
Same service costs $1111.12 if patient has 'United Healthcare CHIP' insurance plan.",Community Hospital,hospital3,19107,Philadelphia,PA,39.9483,-75.1594
BASIC METABOLIC PANEL,80048,BOTH,1463.27,,,,Standard charge with no insurance.,Community Hospital,hospital3,19107,Philadelphia,PA,39.9483,-75.1594
ABDOMINAL CT SCAN,74150,BOTH,626.08,Amerihealth,Amerihealth Commercial,373.25,"This service costs $626.08 as standard price when patient does not have any insurance.
Same service costs $373.25 if patient has 'Amerihealth Commercial' insurance plan.",Community Hospital,hospital3,19107,Philadelphia,PA,39.9483,-75.1594
ABDOMINAL CT SCAN,74150,BOTH,626.08,Amerihealth,Amerihealth Medicaid HC,423.91,"This service costs $626.08 as standard price when patient does not have any insurance.
Same service costs $423.91 if patient has 'Amerihealth Medicaid HC' insurance plan.",Community Hospital,hospital3,19107,Philadelphia,PA,39.9483,-75.1594
ABDOMINAL CT SCAN,74150,BOTH,626.08,,,,Standard charge with no insurance.,Community Hospital,hospital3,19107,Philadelphia,PA,39.9483,-75.1594
ABDOMINAL CT SCAN,74150,BOTH,626.08,Aetna,Aetna Medicaid CHIP,414.61,"This service costs $626.08 as standard price when patient does not have any insurance.
Same service costs $414.61 if patient has 'Aetna Medicaid CHIP' insurance plan.",Community Hospital,hospital3,19107,Philadelphia,PA,39.9483,-75.1594
ABDOMINAL CT SCAN,74150,BOTH,626.08,Aetna,Aetna Medicare,519.98,"This service costs $626.08 as standard price when patient does not have any insurance.
Same service costs $519.98 if patient has 'Aetna Medicare' insurance plan.",Community Hospital,hospital3,19107,Philadelphia,PA,39.9483,-75.1594
ABDOMINAL CT SCAN,74150,BOTH,626.08,,,,Standard charge with no insurance.,Community Hospital,hospital3,19107,Philadelphia,PA,39.9483,-75.1594
CHEST X-RAY,71045,BOTH,1477.57,,,,"Only standard charge and no price with insurance – meaning this service is provided by the hospital directly, and not through any insurance.",Community Hospital,hospital3,19107,Philadelphia,PA,39.9483,-75.1594
CHG MRI BRAIN,70551,OUTPATIENT,289.58,Amerihealth,Amerihealth Medicare,208.87,"This service costs $289.58 as standard price when patient does not have any insurance.
Same service costs $208.87 if patient has 'Amerihealth Medicare' insurance plan.",Community Hospital,hospital3,19107,Philadelphia,PA,39.9483,-75.1594
CHG MRI BRAIN,70551,OUTPATIENT,289.58,Amerihealth,Amerihealth Medicaid HC,218.85,"This service costs $289.58 as standard price when patient does not have any insurance.
Same service costs $218.85 if patient has 'Amerihealth Medicaid HC' insurance plan.",Community Hospital,hospital3,19107,Philadelphia,PA,39.9483,-75.1594
CHG MRI BRAIN,70551,OUTPATIENT,289.58,Amerihealth,Amerihealth Commercial,169.21,"This service costs $289.58 as standard price when patient does not have any insurance.
Same service costs $169.21 if patient has 'Amerihealth Commercial' insurance plan.",Community Hospital,hospital3,19107,Philadelphia,PA,39.9483,-75.1594
CHG MRI BRAIN,70551,OUTPATIENT,289.58,,,,Standard charge with no insurance.,Community Hospital,hospital3,19107,Philadelphia,PA,39.9483,-75.1594
ABDOMINAL CT SCAN,74150,BOTH,884.62,Aetna,Aetna Medicaid CHIP,666.43,"This service costs $884.62 as standard price when patient does not have any insurance.
Same service costs $666.43 if patient has 'Aetna Medicaid CHIP' insurance plan.",Community Hospital,hospital3,19107,Philadelphia,PA,39.9483,-75.1594
ABDOMINAL CT SCAN,74150,BOTH,884.62,,,,Standard charge with no insurance.,Community Hospital,hospital3,19107,Philadelphia,PA,39.9483,-75.1594
ABDOMINAL CT SCAN,74150,BOTH,884.62,United Healthcare,United Healthcare CHIP,716.53,"This service costs $884.62 as standard price when patient does not have any insurance.
Same service costs $716.53 if patient has 'United Healthcare CHIP' insurance plan.",Community Hospital,hospital3,19107,Philadelphia,PA,39.9483,-75.1594
ABDOMINAL CT SCAN,74150,BOTH,884.62,United Healthcare,United Healthcare Commercial,792.07,"This service costs $884.62 as standard price when patient does not have any insurance.
Same service costs $792.07 if patient has 'United Healthcare Commercial' insurance plan.",Community Hospital,hospital3,19107,Philadelphia,PA,39.9483,-75.1594
ABDOMINAL CT SCAN,74150,BOTH,884.62,,,,Standard charge with no insurance.,Community Hospital,hospital3,19107,Philadelphia,PA,39.9483,-75.1594
ABDOMINAL CT SCAN,74150,BOTH,884.62,Highmark,Highmark Medicare,765.38,"This service costs $884.62 as standard price when patient does not have any insurance.
Same service costs $765.38 if patient has 'Highmark Medicare' insurance plan.",Community Hospital,hospital3,19107,Philadelphia,PA,39.9483,-75.1594
ABDOMINAL CT SCAN,74150,BOTH,884.62,,,,Standard charge with no insurance.,Community Hospital,hospital3,19107,Philadelphia,PA,39.9483,-75.1594
ABDOMINAL CT SCAN,74150,BOTH,1124.59,United Healthcare,United Healthcare CHIP,938.25,"This service costs $1124.59 as standard price when patient does not have any insurance.
Same service costs $938.25 if patient has 'United Healthcare CHIP' insurance plan.",Community Hospital,hospital3,19107,Philadelphia,PA,39.9483,-75.1594
ABDOMINAL CT SCAN,74150,BOTH,1124.59,United Healthcare,United Healthcare Medicaid,791.42,"This service costs $1124.59 as standard price when patient does not have any insurance.
Same service costs $791.42 if patient has 'United Healthcare Medicaid' insurance plan.",Community Hospital,hospital3,19107,Philadelphia,PA,39.9483,-75.1594
ABDOMINAL CT SCAN,74150,BOTH,1124.59,United Healthcare,United Healthcare Commercial,794.96,"This service costs $1124.59 as standard price when patient does not have any insurance.
Same service costs $794.96 if patient has 'United Healthcare Commercial' insurance plan.",Community Hospital,hospital3,19107,Philadelphia,PA,39.9483,-75.1594
ABDOMINAL CT SCAN,74150,BOTH,1124.59,,,,Standard charge with no insurance.,Community Hospital,hospital3,19107,Philadelphia,PA,39.9483,-75.1594
2D ECHO,93306,OUTPATIENT,274.99,Aetna,Aetna Commercial,166.64,"This service costs $274.99 as standard price when patient does not have any insurance.
Same service costs $166.64 if patient has 'Aetna Commercial' insurance plan.",Community Hospital,hospital3,19107,Philadelphia,PA,39.9483,-75.1594
2D ECHO,93306,OUTPATIENT,274.99,,,,Standard charge with no insurance.,Community Hospital,hospital3,19107,Philadelphia,PA,39.9483,-75.1594
TRILOCK GRIDPL,C1713,BOTH,269.11,Highmark,Highmark ACA Products PROF,210.78,"This service costs $269.11 as standard price when patient does not have any insurance.
Same service costs $210.78 if patient has 'Highmark ACA Products PROF' insurance plan.",Community Hospital,hospital3,19107,Philadelphia,PA,39.9483,-75.1594
TRILOCK GRIDPL,C1713,BOTH,269.11,Highmark,Highmark Medicare,208.14,"This service costs $269.11 as standard price when patient does not have any insurance.
Same service costs $208.14 if patient has 'Highmark Medicare' insurance plan.",Community Hospital,hospital3,19107,Philadelphia,PA,39.9483,-75.1594
TRILOCK GRIDPL,C1713,BOTH,269.11,Highmark,Highmark Commercial PROF,198.83,"This service costs $269.11 as standard price when patient does not have any insurance.
Same service costs $198.83 if patient has 'Highmark Commercial PROF' insurance plan.",Community Hospital,hospital3,19107,Philadelphia,PA,39.9483,-75.1594
TRILOCK GRIDPL,C1713,BOTH,269.11,,,,Standard charge with no insurance.,Community Hospital,hospital3,19107,Philadelphia,PA,39.9483,-75.1594
TRILOCK GRIDPL,C1713,BOTH,269.11,United Healthcare,United Healthcare Medicaid,152.94,"This service costs $269.11 as standard price when patient does not have any insurance.
Same service costs $152.94 if patient has 'United Healthcare Medicaid' insurance plan.",Community Hospital,hospital3,19107,Philadelphia,PA,39.9483,-75.1594
TRILOCK GRIDPL,C1713,BOTH,269.11,,,,Standard charge with no insurance.,Community Hospital,hospital3,19107,Philadelphia,PA,39.9483,-75.1594
BASIC METABOLIC PANEL,80048,BOTH,1828.74,United Healthcare,United Healthcare CHIP,1380.03,"This service costs $1828.74 as standard price when patient does not have any insurance.
Same service costs $1380.03 if patient has 'United Healthcare CHIP' insurance plan.",Community Hospital,hospital3,19107,Philadelphia,PA,39.9483,-75.1594
BASIC METABOLIC PANEL,80048,BOTH,1828.74,United Healthcare,United Healthcare Medicaid,948.54,"This service costs $1828.74 as standard price when patient does not have any insurance.
Same service costs $948.54 if patient has 'United Healthcare Medicaid' insurance plan.",Community Hospital,hospital3,19107,Philadelphia,PA,39.9483,-75.1594
BASIC METABOLIC PANEL,80048,BOTH,1828.74,United Healthcare,United Healthcare Commercial,1664.53,"This service costs $1828.74 as standard price when patient does not have any insurance.
Same service costs $1664.53 if patient has 'United Healthcare Commercial' insurance plan.",Community Hospital,hospital3,19107,Philadelphia,PA,39.9483,-75.1594
BASIC METABOLIC PANEL,80048,BOTH,1828.74,,,,Standard charge with no insurance.,Community Hospital,hospital3,19107,Philadelphia,PA,39.9483,-75.1594
BASIC METABOLIC PANEL,80048,BOTH,1828.74,Highmark,Highmark ACA Products PROF,1485.09,"This service costs $1828.74 as standard price when patient does not have any insurance.
Same service costs $1485.09 if patient has 'Highmark ACA Products PROF' insurance plan.",Community Hospital,hospital3,19107,Philadelphia,PA,39.9483,-75.1594
BASIC METABOLIC PANEL,80048,BOTH,1828.74,Highmark,Highmark Commercial PROF,1419.62,"This service costs $1828.74 as standard price when patient does not have any insurance.
Same service costs $1419.62 if patient has 'Highmark Commercial PROF' insurance plan.",Community Hospital,hospital3,19107,Philadelphia,PA,39.9483,-75.1594
BASIC METABOLIC PANEL,80048,BOTH,1828.74,Highmark,Highmark Medicare,1400.24,"This service costs $1828.74 as standard price when patient does not have any insurance.
Same service costs $1400.24 if patient has 'Highmark Medicare' insurance plan.",Community Hospital,hospital3,19107,Philadelphia,PA,39.9483,-75.1594
BASIC METABOLIC PANEL,80048,BOTH,1828.74,,,,Standard charge with no insurance.,Community Hospital,hospital3,19107,Philadelphia,PA,39.9483,-75.1594
TRILOCK SCAPHOID PLATE,C1713,BOTH,1240.34,,,,"Only standard charge and no price with insurance – meaning this service is provided by the hospital directly, and not through any insurance.",Community Hospital,hospital3,19107,Philadelphia,PA,39.9483,-75.1594
CHG MRI BRAIN,70551,OUTPATIENT,149.01,Humana,Humana Commercial,127.06,"This service costs $149.01 as standard price when patient does not have any insurance.
Same service costs $127.06 if patient has 'Humana Commercial' insurance plan.",Community Hospital,hospital3,19107,Philadelphia,PA,39.9483,-75.1594
CHG MRI BRAIN,70551,OUTPATIENT,149.01,Humana,Humana Medicare HMO,88.47,"This service costs $149.01 as standard price when patient does not have any insurance.
Same service costs $88.47 if patient has 'Humana Medicare HMO' insurance plan.",Community Hospital,hospital3,19107,Philadelphia,PA,39.9483,-75.1594
CHG MRI BRAIN,70551,OUTPATIENT,149.01,Humana,Humana Medicare PPO,126.17,"This service costs $149.01 as standard price when patient does not have any insurance.
Same service costs $126.17 if patient has 'Humana Medicare PPO' insurance plan.",Community Hospital,hospital3,19107,Philadelphia,PA,39.9483,-75.1594
CHG MRI BRAIN,70551,OUTPATIENT,149.01,,,,Standard charge with no insurance.,Community Hospital,hospital3,19107,Philadelphia,PA,39.9483,-75.1594
ACETYLCYSTEINE NON-COMP UNIT,J7608,OUTPATIENT,389.8,,,,"Only standard charge and no price with insurance – meaning this service is provided by the hospital directly, and not through any insurance.",Community Hospital,hospital3,19107,Philadelphia,PA,39.9483,-75.1594
ACETYLCYSTEINE NON-COMP UNIT,J7608,INPATIENT,389.8,,,,"Only standard charge and no price with insurance – meaning this service is provided by the hospital directly, and not through any insurance.",Community Hospital,hospital3,19107,Philadelphia,PA,39.9483,-75.1594
ABDOMINAL CT SCAN,74150,BOTH,464.32,Highmark,Highmark Commercial PROF,285.21,"This service costs $464.32 as standard price when patient does not have any insurance.
Same service costs $285.21 if patient has 'Highmark Commercial PROF' insurance plan.",Community Hospital,hospital3,19107,Philadelphia,PA,39.9483,-75.1594
ABDOMINAL CT SCAN,74150,BOTH,464.32,,,,Standard charge with no insurance.,Community Hospital,hospital3,19107,Philadelphia,PA,39.9483,-75.1594
ABDOMINAL CT SCAN,74150,BOTH,464.32,Aetna,Aetna Medicare,286.83,"This service costs $464.32 as standard price when patient does not have any insurance.
Same service costs $286.83 if patient has 'Aetna Medicare' insurance plan.",Community Hospital,hospital3,19107,Philadelphia,PA,39.9483,-75.1594
ABDOMINAL CT SCAN,74150,BOTH,464.32,Aetna,Aetna Medicaid CHIP,243.56,"This service costs $464.32 as standard price when patient does not have any insurance.
Same service costs $243.56 if patient has 'Aetna Medicaid CHIP' insurance plan.",Community Hospital,hospital3,19107,Philadelphia,PA,39.9483,-75.1594
ABDOMINAL CT SCAN,74150,BOTH,464.32,Aetna,Aetna Commercial,265.71,"This service costs $464.32 as standard price when patient does not have any insurance.
Same service costs $265.71 if patient has 'Aetna Commercial' insurance plan.",Community Hospital,hospital3,19107,Philadelphia,PA,39.9483,-75.1594
ABDOMINAL CT SCAN,74150,BOTH,464.32,,,,Standard charge with no insurance.,Community Hospital,hospital3,19107,Philadelphia,PA,39.9483,-75.1594
ABDOMINAL CT SCAN,74150,BOTH,464.32,Amerihealth,Amerihealth Commercial,277.2,"This service costs $464.32 as standard price when patient does not have any insurance.
Same service costs $277.2 if patient has 'Amerihealth Commercial' insurance plan.",Community Hospital,hospital3,19107,Philadelphia,PA,39.9483,-75.1594
ABDOMINAL CT SCAN,74150,BOTH,464.32,Amerihealth,Amerihealth Medicaid HC,345.52,"This service costs $464.32 as standard price when patient does not have any insurance.
Same service costs $345.52 if patient has 'Amerihealth Medicaid HC' insurance plan.",Community Hospital,hospital3,19107,Philadelphia,PA,39.9483,-75.1594
ABDOMINAL CT SCAN,74150,BOTH,464.32,Amerihealth,Amerihealth Medicare,439.67,"This service costs $464.32 as standard price when patient does not have any insurance.
Same service costs $439.67 if patient has 'Amerihealth Medicare' insurance plan.",Community Hospital,hospital3,19107,Philadelphia,PA,39.9483,-75.1594
ABDOMINAL CT SCAN,74150,BOTH,464.32,,,,Standard charge with no insurance.,Community Hospital,hospital3,19107,Philadelphia,PA,39.9483,-75.1594
CHEST X-RAY,71045,BOTH,1831.16,United Healthcare,United Healthcare Commercial,1428.93,"This service costs $1831.16 as standard price when patient does not have any insurance.
Same service costs $1428.93 if patient has 'United Healthcare Commercial' insurance plan.",Community Hospital,hospital3,19107,Philadelphia,PA,39.9483,-75.1594
CHEST X-RAY,71045,BOTH,1831.16,,,,Standard charge with no insurance.,Community Hospital,hospital3,19107,Philadelphia,PA,39.9483,-75.1594
CHEST X-RAY,71045,BOTH,1831.16,Highmark,Highmark Commercial PROF,1080.1,"This service costs $1831.16 as standard price when patient does not have any insurance.
Same service costs $1080.1 if patient has 'Highmark Commercial PROF' insurance plan.",Community Hospital,hospital3,19107,Philadelphia,PA,39.9483,-75.1594
CHEST X-RAY,71045,BOTH,1831.16,Highmark,Highmark ACA Products PROF,1372.63,"This service costs $1831.16 as standard price when patient does not have any insurance.
Same service costs $1372.63 if patient has 'Highmark ACA Products PROF' insurance plan.",Community Hospital,hospital3,19107,Philadelphia,PA,39.9483,-75.1594
CHEST X-RAY,71045,BOTH,1831.16,,,,Standard charge with no insurance.,Community Hospital,hospital3,19107,Philadelphia,PA,39.9483,-75.1594
CHEST X-RAY,71045,BOTH,1831.16,Amerihealth,Amerihealth Medicaid HC,1492.23,"This service costs $1831.16 as standard price when patient does not have any insurance.
Same service costs $1492.23 if patient has 'Amerihealth Medicaid HC' insurance plan.",Community Hospital,hospital3,19107,Philadelphia,PA,39.9483,-75.1594
CHEST X-RAY,71045,BOTH,1831.16,Amerihealth,Amerihealth Medicare,1298.33,"This service costs $1831.16 as standard price when patient does not have any insurance.
Same service costs $1298.33 if patient has 'Amerihealth Medicare' insurance plan.",Community Hospital,hospital3,19107,Philadelphia,PA,39.9483,-75.1594
CHEST X-RAY,71045,BOTH,1831.16,Amerihealth,Amerihealth Commercial,988.79,"This service costs $1831.16 as standard price when patient does not have any insurance.
Same service costs $988.79 if patient has 'Amerihealth Commercial' insurance plan.",Community Hospital,hospital3,19107,Philadelphia,PA,39.9483,-75.1594
CHEST X-RAY,71045,BOTH,1831.16,,,,Standard charge with no insurance.,Community Hospital,hospital3,19107,Philadelphia,PA,39.9483,-75.1594
BASIC METABOLIC PANEL,80048,BOTH,93.99,Aetna,Aetna Commercial,57.34,"This service costs $93.99 as standard price when patient does not have any insurance.
Same service costs $57.34 if patient has 'Aetna Commercial' insurance plan.",Community Hospital,hospital3,19107,Philadelphia,PA,39.9483,-75.1594
BASIC METABOLIC PANEL,80048,BOTH,93.99,,,,Standard charge with no insurance.,Community Hospital,hospital3,19107,Philadelphia,PA,39.9483,-75.1594
1 CC STERILE SYRINGE&NEEDLE,A4206,INPATIENT,254.6,Highmark,Highmark Commercial PROF,208.08,"This service costs $254.6 as standard price when patient does not have any insurance.
Same service costs $208.08 if patient has 'Highmark Commercial PROF' insurance plan.",Community Hospital,hospital3,19107,Philadelphia,PA,39.9483,-75.1594
1 CC STERILE SYRINGE&NEEDLE,A4206,OUTPATIENT,254.6,Highmark,Highmark Commercial PROF,208.08,"This service costs $254.6 as standard price when patient does not have any insurance.
Same service costs $208.08 if patient has 'Highmark Commercial PROF' insurance plan.",Community Hospital,hospital3,19107,Philadelphia,PA,39.9483,-75.1594
1 CC STERILE SYRINGE&NEEDLE,A4206,INPATIENT,254.6,Highmark,Highmark ACA Products PROF,182.37,"This service costs $254.6 as standard price when patient does not have any insurance.
Same service costs $182.37 if patient has 'Highmark ACA Products PROF' insurance plan.",Community Hospital,hospital3,19107,Philadelphia,PA,39.9483,-75.1594
1 CC STERILE SYRINGE&NEEDLE,A4206,OUTPATIENT,254.6,Highmark,Highmark ACA Products PROF,182.37,"This service costs $254.6 as standard price when patient does not have any insurance.
Same service costs $182.37 if patient has 'Highmark ACA Products PROF' insurance plan.",Community Hospital,hospital3,19107,Philadelphia,PA,39.9483,-75.1594
1 CC STERILE SYRINGE&NEEDLE,A4206,INPATIENT,254.6,,,,Standard charge with no insurance.,Community Hospital,hospital3,19107,Philadelphia,PA,39.9483,-75.1594
1 CC STERILE SYRINGE&NEEDLE,A4206,OUTPATIENT,254.6,,,,Standard charge with no insurance.,Community Hospital,hospital3,19107,Philadelphia,PA,39.9483,-75.1594
1 CC STERILE SYRINGE&NEEDLE,A4206,INPATIENT,254.6,Humana,Humana Commercial,167.21,"This service costs $254.6 as standard price when patient does not have any insurance.
Same service costs $167.21 if patient has 'Humana Commercial' insurance plan.",Community Hospital,hospital3,19107,Philadelphia,PA,39.9483,-75.1594
1 CC STERILE SYRINGE&NEEDLE,A4206,OUTPATIENT,254.6,Humana,Humana Commercial,167.21,"This service costs $254.6 as standard price when patient does not have any insurance.
Same service costs $167.21 if patient has 'Humana Commercial' insurance plan.",Community Hospital,hospital3,19107,Philadelphia,PA,39.9483,-75.1594
1 CC STERILE SYRINGE&NEEDLE,A4206,INPATIENT,254.6,Humana,Humana Medicare HMO,188.27,"This service costs $254.6 as standard price when patient does not have any insurance.
Same service costs $188.27 if patient has 'Humana Medicare HMO' insurance plan.",Community Hospital,hospital3,19107,Philadelphia,PA,39.9483,-75.1594
1 CC STERILE SYRINGE&NEEDLE,A4206,OUTPATIENT,254.6,Humana,Humana Medicare HMO,188.27,"This service costs $254.6 as standard price when patient does not have any insurance.
Same service costs $188.27 if patient has 'Humana Medicare HMO' insurance plan.",Community Hospital,hospital3,19107,Philadelphia,PA,39.9483,-75.1594
1 CC STERILE SYRINGE&NEEDLE,A4206,INPATIENT,254.6,Humana,Humana Medicare PPO,151.95,"This service costs $254.6 as standard price when patient does not have any insurance.
Same service costs $151.95 if patient has 'Humana Medicare PPO' insurance plan.",Community Hospital,hospital3,19107,Philadelphia,PA,39.9483,-75.1594
1 CC STERILE SYRINGE&NEEDLE,A4206,OUTPATIENT,254.6,Humana,Humana Medicare PPO,151.95,"This service costs $254.6 as standard price when patient does not have any insurance.
Same service costs $151.95 if patient has 'Humana Medicare PPO' insurance plan.",Community Hospital,hospital3,19107,Philadelphia,PA,39.9483,-75.1594
1 CC STERILE SYRINGE&NEEDLE,A4206,INPATIENT,254.6,,,,Standard charge with no insurance.,Community Hospital,hospital3,19107,Philadelphia,PA,39.9483,-75.1594
1 CC STERILE SYRINGE&NEEDLE,A4206,OUTPATIENT,254.6,,,,Standard charge with no insurance.,Community Hospital,hospital3,19107,Philadelphia,PA,39.9483,-75.1594
1 CC STERILE SYRINGE&NEEDLE,A4206,INPATIENT,254.6,Aetna,Aetna Commercial,155.26,"This service costs $254.6 as standard price when patient does not have any insurance.
Same service costs $155.26 if patient has 'Aetna Commercial' insurance plan.",Community Hospital,hospital3,19107,Philadelphia,PA,39.9483,-75.1594
1 CC STERILE SYRINGE&NEEDLE,A4206,OUTPATIENT,254.6,Aetna,Aetna Commercial,155.26,"This service costs $254.6 as standard price when patient does not have any insurance.
Same service costs $155.26 if patient has 'Aetna Commercial' insurance plan.",Community Hospital,hospital3,19107,Philadelphia,PA,39.9483,-75.1594
1 CC STERILE SYRINGE&NEEDLE,A4206,INPATIENT,254.6,Aetna,Aetna Medicaid CHIP,216.03,"This service costs $254.6 as standard price when patient does not have any insurance.
Same service costs $216.03 if patient has 'Aetna Medicaid CHIP' insurance plan.",Community Hospital,hospital3,19107,Philadelphia,PA,39.9483,-75.1594
1 CC STERILE SYRINGE&NEEDLE,A4206,OUTPATIENT,254.6,Aetna,Aetna Medicaid CHIP,216.03,"This service costs $254.6 as standard price when patient does not have any insurance.
Same service costs $216.03 if patient has 'Aetna Medicaid CHIP' insurance plan.",Community Hospital,hospital3,19107,Philadelphia,PA,39.9483,-75.1594
1 CC STERILE SYRINGE&NEEDLE,A4206,INPATIENT,254.6,Aetna,Aetna Medicare,191.08,"This service costs $254.6 as standard price when patient does not have any insurance.
Same service costs $191.08 if patient has 'Aetna Medicare' insurance plan.",Community Hospital,hospital3,19107,Philadelphia,PA,39.9483,-75.1594
1 CC STERILE SYRINGE&NEEDLE,A4206,OUTPATIENT,254.6,Aetna,Aetna Medicare,191.08,"This service costs $254.6 as standard price when patient does not have any insurance.
Same service costs $191.08 if patient has 'Aetna Medicare' insurance plan.",Community Hospital,hospital3,19107,Philadelphia,PA,39.9483,-75.1594
1 CC STERILE SYRINGE&NEEDLE,A4206,INPATIENT,254.6,,,,Standard charge with no insurance.,Community Hospital,hospital3,19107,Philadelphia,PA,39.9483,-75.1594
1 CC STERILE SYRINGE&NEEDLE,A4206,OUTPATIENT,254.6,,,,Standard charge with no insurance.,Community Hospital,hospital3,19107,Philadelphia,PA,39.9483,-75.1594
CHEST X-RAY,71045,BOTH,1550.21,United Healthcare,United Healthcare Medicaid,804.78,"This service costs $1550.21 as standard price when patient does not have any insurance.
Same service costs $804.78 if patient has 'United Healthcare Medicaid' insurance plan.",Community Hospital,hospital3,19107,Philadelphia,PA,39.9483,-75.1594
CHEST X-RAY,71045,BOTH,1550.21,,,,Standard charge with no insurance.,Community Hospital,hospital3,19107,Philadelphia,PA,39.9483,-75.1594
2D ECHO,93306,OUTPATIENT,782.44,Humana,Humana Commercial,664.25,"This service costs $782.44 as standard price when patient does not have any insurance.
Same service costs $664.25 if patient has 'Humana Commercial' insurance plan.",Community Hospital,hospital3,19107,Philadelphia,PA,39.9483,-75.1594
2D ECHO,93306,OUTPATIENT,782.44,,,,Standard charge with no insurance.,Community Hospital,hospital3,19107,Philadelphia,PA,39.9483,-75.1594
TRILOCK GRIDPL,C1713,BOTH,453.14,Amerihealth,Amerihealth Commercial,278.69,"This service costs $453.14 as standard price when patient does not have any insurance.
Same service costs $278.69 if patient has 'Amerihealth Commercial' insurance plan.",Community Hospital,hospital3,19107,Philadelphia,PA,39.9483,-75.1594
TRILOCK GRIDPL,C1713,BOTH,453.14,Amerihealth,Amerihealth Medicaid HC,420.77,"This service costs $453.14 as standard price when patient does not have any insurance.
Same service costs $420.77 if patient has 'Amerihealth Medicaid HC' insurance plan.",Community Hospital,hospital3,19107,Philadelphia,PA,39.9483,-75.1594
TRILOCK GRIDPL,C1713,BOTH,453.14,Amerihealth,Amerihealth Medicare,270.02,"This service costs $453.14 as standard price when patient does not have any insurance.
Same service costs $270.02 if patient has 'Amerihealth Medicare' insurance plan.",Community Hospital,hospital3,19107,Philadelphia,PA,39.9483,-75.1594
TRILOCK GRIDPL,C1713,BOTH,453.14,,,,Standard charge with no insurance.,Community Hospital,hospital3,19107,Philadelphia,PA,39.9483,-75.1594
TRILOCK GRIDPL,C1713,BOTH,453.14,United Healthcare,United Healthcare Commercial,259.59,"This service costs $453.14 as standard price when patient does not have any insurance.
Same service costs $259.59 if patient has 'United Healthcare Commercial' insurance plan.",Community Hospital,hospital3,19107,Philadelphia,PA,39.9483,-75.1594
TRILOCK GRIDPL,C1713,BOTH,453.14,United Healthcare,United Healthcare CHIP,311.65,"This service costs $453.14 as standard price when patient does not have any insurance.
Same service costs $311.65 if patient has 'United Healthcare CHIP' insurance plan.",Community Hospital,hospital3,19107,Philadelphia,PA,39.9483,-75.1594
TRILOCK GRIDPL,C1713,BOTH,453.14,,,,Standard charge with no insurance.,Community Hospital,hospital3,19107,Philadelphia,PA,39.9483,-75.1594
ABDOMINAL CT SCAN,74150,BOTH,23.44,Aetna,Aetna Medicare,20.17,"This service costs $23.44 as standard price when patient does not have any insurance.
Same service costs $20.17 if patient has 'Aetna Medicare' insurance plan.",Community Hospital,hospital3,19107,Philadelphia,PA,39.9483,-75.1594
ABDOMINAL CT SCAN,74150,BOTH,23.44,Aetna,Aetna Medicaid CHIP,20.31,"This service costs $23.44 as standard price when patient does not have any insurance.
Same service costs $20.31 if patient has 'Aetna Medicaid CHIP' insurance plan.",Community Hospital,hospital3,19107,Philadelphia,PA,39.9483,-75.1594
ABDOMINAL CT SCAN,74150,BOTH,23.44,,,,Standard charge with no insurance.,Community Hospital,hospital3,19107,Philadelphia,PA,39.9483,-75.1594
TRILOCK SCAPHOID PLATE,C1713,BOTH,1461.88,Aetna,Aetna Medicaid CHIP,755.81,"This service costs $1461.88 as standard price when patient does not have any insurance.
Same service costs $755.81 if patient has 'Aetna Medicaid CHIP' insurance plan.",Community Hospital,hospital3,19107,Philadelphia,PA,39.9483,-75.1594
TRILOCK SCAPHOID PLATE,C1713,BOTH,1461.88,,,,Standard charge with no insurance.,Community Hospital,hospital3,19107,Philadelphia,PA,39.9483,-75.1594
TRILOCK SCAPHOID PLATE,C1713,BOTH,1461.88,Highmark,Highmark ACA Products PROF,1167.15,"This service costs $1461.88 as standard price when patient does not have any insurance.
Same service costs $1167.15 if patient has 'Highmark ACA Products PROF' insurance plan.",Community Hospital,hospital3,19107,Philadelphia,PA,39.9483,-75.1594
TRILOCK SCAPHOID PLATE,C1713,BOTH,1461.88,Highmark,Highmark Commercial PROF,992.36,"This service costs $1461.88 as standard price when patient does not have any insurance.
Same service costs $992.36 if patient has 'Highmark Commercial PROF' insurance plan.",Community Hospital,hospital3,19107,Philadelphia,PA,39.9483,-75.1594
TRILOCK SCAPHOID PLATE,C1713,BOTH,1461.88,,,,Standard charge with no insurance.,Community Hospital,hospital3,19107,Philadelphia,PA,39.9483,-75.1594
CHG MRI BRAIN,70551,OUTPATIENT,233.24,,,,"Only standard charge and no price with insurance – meaning this service is provided by the hospital directly, and not through any insurance.",Community Hospital,hospital3,19107,Philadelphia,PA,39.9483,-75.1594
ACETYLCYSTEINE NON-COMP UNIT,J7608,OUTPATIENT,1714.76,United Healthcare,United Healthcare Medicaid,1548.49,"This service costs $1714.76 as standard price when patient does not have any insurance.
Same service costs $1548.49 if patient has 'United Healthcare Medicaid' insurance plan.",Community Hospital,hospital3,19107,Philadelphia,PA,39.9483,-75.1594
ACETYLCYSTEINE NON-COMP UNIT,J7608,INPATIENT,1714.76,United Healthcare,United Healthcare Medicaid,1548.49,"This service costs $1714.76 as standard price when patient does not have any insurance.
Same service costs $1548.49 if patient has 'United Healthcare Medicaid' insurance plan.",Community Hospital,hospital3,19107,Philadelphia,PA,39.9483,-75.1594
ACETYLCYSTEINE NON-COMP UNIT,J7608,OUTPATIENT,1714.76,United Healthcare,United Healthcare Commercial,1046.34,"This service costs $1714.76 as standard price when patient does not have any insurance.
Same service costs $1046.34 if patient has 'United Healthcare Commercial' insurance plan.",Community Hospital,hospital3,19107,Philadelphia,PA,39.9483,-75.1594
ACETYLCYSTEINE NON-COMP UNIT,J7608,INPATIENT,1714.76,United Healthcare,United Healthcare Commercial,1046.34,"This service costs $1714.76 as standard price when patient does not have any insurance.
Same service costs $1046.34 if patient has 'United Healthcare Commercial' insurance plan.",Community Hospital,hospital3,19107,Philadelphia,PA,39.9483,-75.1594
ACETYLCYSTEINE NON-COMP UNIT,J7608,OUTPATIENT,1714.76,,,,Standard charge with no insurance.,Community Hospital,hospital3,19107,Philadelphia,PA,39.9483,-75.1594
ACETYLCYSTEINE NON-COMP UNIT,J7608,INPATIENT,1714.76,,,,Standard charge with no insurance.,Community Hospital,hospital3,19107,Philadelphia,PA,39.9483,-75.1594
ACETYLCYSTEINE NON-COMP UNIT,J7608,OUTPATIENT,1714.76,Aetna,Aetna Medicare,1611.29,"This service costs $1714.76 as standard price when patient does not have any insurance.
Same service costs $1611.29 if patient has 'Aetna Medicare' insurance plan.",Community Hospital,hospital3,19107,Philadelphia,PA,39.9483,-75.1594
ACETYLCYSTEINE NON-COMP UNIT,J7608,INPATIENT,1714.76,Aetna,Aetna Medicare,1611.29,"This service costs $1714.76 as standard price when patient does not have any insurance.
Same service costs $1611.29 if patient has 'Aetna Medicare' insurance plan.",Community Hospital,hospital3,19107,Philadelphia,PA,39.9483,-75.1594
ACETYLCYSTEINE NON-COMP UNIT,J7608,OUTPATIENT,1714.76,Aetna,Aetna Medicaid CHIP,1320.32,"This service costs $1714.76 as standard price when patient does not have any insurance.
Same service costs $1320.32 if patient has 'Aetna Medicaid CHIP' insurance plan.",Community Hospital,hospital3,19107,Philadelphia,PA,39.9483,-75.1594
ACETYLCYSTEINE NON-COMP UNIT,J7608,INPATIENT,1714.76,Aetna,Aetna Medicaid CHIP,1320.32,"This service costs $1714.76 as standard price when patient does not have any insurance.
Same service costs $1320.32 if patient has 'Aetna Medicaid CHIP' insurance plan.",Community Hospital,hospital3,19107,Philadelphia,PA,39.9483,-75.1594
ACETYLCYSTEINE NON-COMP UNIT,J7608,OUTPATIENT,1714.76,,,,Standard charge with no insurance.,Community Hospital,hospital3,19107,Philadelphia,PA,39.9483,-75.1594
ACETYLCYSTEINE NON-COMP UNIT,J7608,INPATIENT,1714.76,,,,Standard charge with no insurance.,Community Hospital,hospital3,19107,Philadelphia,PA,39.9483,-75.1594
2D ECHO,93306,OUTPATIENT,1123.57,,,,"Only standard charge and no price with insurance – meaning this service is provided by the hospital directly, and not through any insurance.",Regional Medical Center,hospital4,19102,Philadelphia,PA,39.9507,-75.1628
TRILOCK GRIDPL,C1713,BOTH,433.94,Amerihealth,Amerihealth Commercial,392.61,"This service costs $433.94 as standard price when patient does not have any insurance.
Same service costs $392.61 if patient has 'Amerihealth Commercial' insurance plan.",Regional Medical Center,hospital4,19102,Philadelphia,PA,39.9507,-75.1628
TRILOCK GRIDPL,C1713,BOTH,433.94,Amerihealth,Amerihealth Medicare,231.57,"This service costs $433.94 as standard price when patient does not have any insurance.
Same service costs $231.57 if patient has 'Amerihealth Medicare' insurance plan.",Regional Medical Center,hospital4,19102,Philadelphia,PA,39.9507,-75.1628
TRILOCK GRIDPL,C1713,BOTH,433.94,Amerihealth,Amerihealth Medicaid HC,347.48,"This service costs $433.94 as standard price when patient does not have any insurance.
Same service costs $347.48 if patient has 'Amerihealth Medicaid HC' insurance plan.",Regional Medical Center,hospital4,19102,Philadelphia,PA,39.9507,-75.1628
TRILOCK GRIDPL,C1713,BOTH,433.94,,,,Standard charge with no insurance.,Regional Medical Center,hospital4,19102,Philadelphia,PA,39.9507,-75.1628
TRILOCK GRIDPL,C1713,BOTH,433.94,United Healthcare,United Healthcare CHIP,277.89,"This service costs $433.94 as standard price when patient does not have any insurance.
Same service costs $277.89 if patient has 'United Healthcare CHIP' insurance plan.",Regional Medical Center,hospital4,19102,Philadelphia,PA,39.9507,-75.1628
TRILOCK GRIDPL,C1713,BOTH,433.94,,,,Standard charge with no insurance.,Regional Medical Center,hospital4,19102,Philadelphia,PA,39.9507,-75.1628
BASIC METABOLIC PANEL,80048,BOTH,1465.55,United Healthcare,United Healthcare CHIP,979.27,"This service costs $1465.55 as standard price when patient does not have any insurance.
Same service costs $979.27 if patient has 'United Healthcare CHIP' insurance plan.",Regional Medical Center,hospital4,19102,Philadelphia,PA,39.9507,-75.1628
BASIC METABOLIC PANEL,80048,BOTH,1465.55,United Healthcare,United Healthcare Commercial,1300.58,"This service costs $1465.55 as standard price when patient does not have any insurance.
Same service costs $1300.58 if patient has 'United Healthcare Commercial' insurance plan.",Regional Medical Center,hospital4,19102,Philadelphia,PA,39.9507,-75.1628
BASIC METABOLIC PANEL,80048,BOTH,1465.55,United Healthcare,United Healthcare Medicaid,1179.12,"This service costs $1465.55 as standard price when patient does not have any insurance.
Same service costs $1179.12 if patient has 'United Healthcare Medicaid' insurance plan.",Regional Medical Center,hospital4,19102,Philadelphia,PA,39.9507,-75.1628
BASIC METABOLIC PANEL,80048,BOTH,1465.55,,,,Standard charge with no insurance.,Regional Medical Center,hospital4,19102,Philadelphia,PA,39.9507,-75.1628
BASIC METABOLIC PANEL,80048,BOTH,1465.55,Highmark,Highmark Commercial PROF,893.15,"This service costs $1465.55 as standard price when patient does not have any insurance.
Same service costs $893.15 if patient has 'Highmark Commercial PROF' insurance plan.",Regional Medical Center,hospital4,19102,Philadelphia,PA,39.9507,-75.1628
BASIC METABOLIC PANEL,80048,BOTH,1465.55,Highmark,Highmark ACA Products PROF,978.77,"This service costs $1465.55 as standard price when patient does not have any insurance.
Same service costs $978.77 if patient has 'Highmark ACA Products PROF' insurance plan.",Regional Medical Center,hospital4,19102,Philadelphia,PA,39.9507,-75.1628
BASIC METABOLIC PANEL,80048,BOTH,1465.55,,,,Standard charge with no insurance.,Regional Medical Center,hospital4,19102,Philadelphia,PA,39.9507,-75.1628
BASIC METABOLIC PANEL,80048,BOTH,1465.55,Humana,Humana Commercial,1335.89,"This service costs $1465.55 as standard price when patient does not have any insurance.
Same service costs $1335.89 if patient has 'Humana Commercial' insurance plan.",Regional Medical Center,hospital4,19102,Philadelphia,PA,39.9507,-75.1628
BASIC METABOLIC PANEL,80048,BOTH,1465.55,Humana,Humana Medicare HMO,961.3,"This service costs $1465.55 as standard price when patient does not have any insurance.
Same service costs $961.3 if patient has 'Humana Medicare HMO' insurance plan.",Regional Medical Center,hospital4,19102,Philadelphia,PA,39.9507,-75.1628
BASIC METABOLIC PANEL,80048,BOTH,1465.55,,,,Standard charge with no insurance.,Regional Medical Center,hospital4,19102,Philadelphia,PA,39.9507,-75.1628
CHEST X-RAY,71045,BOTH,1981.35,,,,"Only standard charge and no price with insurance – meaning this service is provided by the hospital directly, and not through any insurance.",Regional Medical Center,hospital4,19102,Philadelphia,PA,39.9507,-75.1628
ABDOMINAL CT SCAN,74150,BOTH,709.16,,,,"Only standard charge and no price with insurance – meaning this service is provided by the hospital directly, and not through any insurance.",Regional Medical Center,hospital4,19102,Philadelphia,PA,39.9507,-75.1628
CHG MRI BRAIN,70551,OUTPATIENT,1441.45,Aetna,Aetna Commercial,996.5,"This service costs $1441.45 as standard price when patient does not have any insurance.
Same service costs $996.5 if patient has 'Aetna Commercial' insurance plan.",Regional Medical Center,hospital4,19102,Philadelphia,PA,39.9507,-75.1628
CHG MRI BRAIN,70551,OUTPATIENT,1441.45,,,,Standard charge with no insurance.,Regional Medical Center,hospital4,19102,Philadelphia,PA,39.9507,-75.1628
CHG MRI BRAIN,70551,OUTPATIENT,1441.45,Humana,Humana Medicare PPO,846.51,"This service costs $1441.45 as standard price when patient does not have any insurance.
Same service costs $846.51 if patient has 'Humana Medicare PPO' insurance plan.",Regional Medical Center,hospital4,19102,Philadelphia,PA,39.9507,-75.1628
CHG MRI BRAIN,70551,OUTPATIENT,1441.45,Humana,Humana Commercial,1155.18,"This service costs $1441.45 as standard price when patient does not have any insurance.
Same service costs $1155.18 if patient has 'Humana Commercial' insurance plan.",Regional Medical Center,hospital4,19102,Philadelphia,PA,39.9507,-75.1628
CHG MRI BRAIN,70551,OUTPATIENT,1441.45,Humana,Humana Medicare HMO,1020.07,"This service costs $1441.45 as standard price when patient does not have any insurance.
Same service costs $1020.07 if patient has 'Humana Medicare HMO' insurance plan.",Regional Medical Center,hospital4,19102,Philadelphia,PA,39.9507,-75.1628
CHG MRI BRAIN,70551,OUTPATIENT,1441.45,,,,Standard charge with no insurance.,Regional Medical Center,hospital4,19102,Philadelphia,PA,39.9507,-75.1628
COMPLETE BLOOD COUNT,85025,BOTH,1807.08,,,,"Only standard charge and no price with insurance – meaning this service is provided by the hospital directly, and not through any insurance.",Regional Medical Center,hospital4,19102,Philadelphia,PA,39.9507,-75.1628
TRILOCK SCAPHOID PLATE,C1713,BOTH,614.77,Humana,Humana Commercial,460.63,"This service costs $614.77 as standard price when patient does not have any insurance.
Same service costs $460.63 if patient has 'Humana Commercial' insurance plan.",Regional Medical Center,hospital4,19102,Philadelphia,PA,39.9507,-75.1628
TRILOCK SCAPHOID PLATE,C1713,BOTH,614.77,Humana,Humana Medicare PPO,398.06,"This service costs $614.77 as standard price when patient does not have any insurance.
Same service costs $398.06 if patient has 'Humana Medicare PPO' insurance plan.",Regional Medical Center,hospital4,19102,Philadelphia,PA,39.9507,-75.1628
TRILOCK SCAPHOID PLATE,C1713,BOTH,614.77,,,,Standard charge with no insurance.,Regional Medical Center,hospital4,19102,Philadelphia,PA,39.9507,-75.1628
TRILOCK SCAPHOID PLATE,C1713,BOTH,614.77,United Healthcare,United Healthcare Medicaid,494.74,"This service costs $614.77 as standard price when patient does not have any insurance.
Same service costs $494.74 if patient has 'United Healthcare Medicaid' insurance plan.",Regional Medical Center,hospital4,19102,Philadelphia,PA,39.9507,-75.1628
TRILOCK SCAPHOID PLATE,C1713,BOTH,614.77,,,,Standard charge with no insurance.,Regional Medical Center,hospital4,19102,Philadelphia,PA,39.9507,-75.1628
TRILOCK SCAPHOID PLATE,C1713,BOTH,614.77,Amerihealth,Amerihealth Medicare,535.81,"This service costs $614.77 as standard price when patient does not have any insurance.
Same service costs $535.81 if patient has 'Amerihealth Medicare' insurance plan.",Regional Medical Center,hospital4,19102,Philadelphia,PA,39.9507,-75.1628
TRILOCK SCAPHOID PLATE,C1713,BOTH,614.77,Amerihealth,Amerihealth Medicaid HC,402.31,"This service costs $614.77 as standard price when patient does not have any insurance.
Same service costs $402.31 if patient has 'Amerihealth Medicaid HC' insurance plan.",Regional Medical Center,hospital4,19102,Philadelphia,PA,39.9507,-75.1628
TRILOCK SCAPHOID PLATE,C1713,BOTH,614.77,,,,Standard charge with no insurance.,Regional Medical Center,hospital4,19102,Philadelphia,PA,39.9507,-75.1628
ACETYLCYSTEINE NON-COMP UNIT,J7608,OUTPATIENT,1512.89,Humana,Humana Medicare HMO,912.02,"This service costs $1512.89 as standard price when patient does not have any insurance.
Same service costs $912.02 if patient has 'Humana Medicare HMO' insurance plan.",Regional Medical Center,hospital4,19102,Philadelphia,PA,39.9507,-75.1628
ACETYLCYSTEINE NON-COMP UNIT,J7608,INPATIENT,1512.89,Humana,Humana Medicare HMO,912.02,"This service costs $1512.89 as standard price when patient does not have any insurance.
Same service costs $912.02 if patient has 'Humana Medicare HMO' insurance plan.",Regional Medical Center,hospital4,19102,Philadelphia,PA,39.9507,-75.1628
ACETYLCYSTEINE NON-COMP UNIT,J7608,OUTPATIENT,1512.89,Humana,Humana Medicare PPO,1380.89,"This service costs $1512.89 as standard price when patient does not have any insurance.
Same service costs $1380.89 if patient has 'Humana Medicare PPO' insurance plan.",Regional Medical Center,hospital4,19102,Philadelphia,PA,39.9507,-75.1628
ACETYLCYSTEINE NON-COMP UNIT,J7608,INPATIENT,1512.89,Humana,Humana Medicare PPO,1380.89,"This service costs $1512.89 as standard price when patient does not have any insurance.
Same service costs $1380.89 if patient has 'Humana Medicare PPO' insurance plan.",Regional Medical Center,hospital4,19102,Philadelphia,PA,39.9507,-75.1628
ACETYLCYSTEINE NON-COMP UNIT,J7608,OUTPATIENT,1512.89,Humana,Humana Commercial,1247.97,"This service costs $1512.89 as standard price when patient does not have any insurance.
Same service costs $1247.97 if patient has 'Humana Commercial' insurance plan.",Regional Medical Center,hospital4,19102,Philadelphia,PA,39.9507,-75.1628
ACETYLCYSTEINE NON-COMP UNIT,J7608,INPATIENT,1512.89,Humana,Humana Commercial,1247.97,"This service costs $1512.89 as standard price when patient does not have any insurance.
Same service costs $1247.97 if patient has 'Humana Commercial' insurance plan.",Regional Medical Center,hospital4,19102,Philadelphia,PA,39.9507,-75.1628
ACETYLCYSTEINE NON-COMP UNIT,J7608,OUTPATIENT,1512.89,,,,Standard charge with no insurance.,Regional Medical Center,hospital4,19102,Philadelphia,PA,39.9507,-75.1628
ACETYLCYSTEINE NON-COMP UNIT,J7608,INPATIENT,1512.89,,,,Standard charge with no insurance.,Regional Medical Center,hospital4,19102,Philadelphia,PA,39.9507,-75.1628
ACETYLCYSTEINE NON-COMP UNIT,J7608,OUTPATIENT,1512.89,United Healthcare,United Healthcare CHIP,1141.0,"This service costs $1512.89 as standard price when patient does not have any insurance.
Same service costs $1141.0 if patient has 'United Healthcare CHIP' insurance plan.",Regional Medical Center,hospital4,19102,Philadelphia,PA,39.9507,-75.1628
ACETYLCYSTEINE NON-COMP UNIT,J7608,INPATIENT,1512.89,United Healthcare,United Healthcare CHIP,1141.0,"This service costs $1512.89 as standard price when patient does not have any insurance.
Same service costs $1141.0 if patient has 'United Healthcare CHIP' insurance plan.",Regional Medical Center,hospital4,19102,Philadelphia,PA,39.9507,-75.1628
ACETYLCYSTEINE NON-COMP UNIT,J7608,OUTPATIENT,1512.89,,,,Standard charge with no insurance.,Regional Medical Center,hospital4,19102,Philadelphia,PA,39.9507,-75.1628
ACETYLCYSTEINE NON-COMP UNIT,J7608,INPATIENT,1512.89,,,,Standard charge with no insurance.,Regional Medical Center,hospital4,19102,Philadelphia,PA,39.9507,-75.1628
ACETYLCYSTEINE NON-COMP UNIT,J7608,OUTPATIENT,1512.89,Amerihealth,Amerihealth Medicare,1306.87,"This service costs $1512.89 as standard price when patient does not have any insurance.
Same service costs $1306.87 if patient has 'Amerihealth Medicare' insurance plan.",Regional Medical Center,hospital4,19102,Philadelphia,PA,39.9507,-75.1628
ACETYLCYSTEINE NON-COMP UNIT,J7608,INPATIENT,1512.89,Amerihealth,Amerihealth Medicare,1306.87,"This service costs $1512.89 as standard price when patient does not have any insurance.
Same service costs $1306.87 if patient has 'Amerihealth Medicare' insurance plan.",Regional Medical Center,hospital4,19102,Philadelphia,PA,39.9507,-75.1628
ACETYLCYSTEINE NON-COMP UNIT,J7608,OUTPATIENT,1512.89,Amerihealth,Amerihealth Commercial,939.02,"This service costs $1512.89 as standard price when patient does not have any insurance.
Same service costs $939.02 if patient has 'Amerihealth Commercial' insurance plan.",Regional Medical Center,hospital4,19102,Philadelphia,PA,39.9507,-75.1628
ACETYLCYSTEINE NON-COMP UNIT,J7608,INPATIENT,1512.89,Amerihealth,Amerihealth Commercial,939.02,"This service costs $1512.89 as standard price when patient does not have any insurance.
Same service costs $939.02 if patient has 'Amerihealth Commercial' insurance plan.",Regional Medical Center,hospital4,19102,Philadelphia,PA,39.9507,-75.1628
ACETYLCYSTEINE NON-COMP UNIT,J7608,OUTPATIENT,1512.89,Amerihealth,Amerihealth Medicaid HC,908.68,"This service costs $1512.89 as standard price when patient does not have any insurance.
Same service costs $908.68 if patient has 'Amerihealth Medicaid HC' insurance plan.",Regional Medical Center,hospital4,19102,Philadelphia,PA,39.9507,-75.1628
ACETYLCYSTEINE NON-COMP UNIT,J7608,INPATIENT,1512.89,Amerihealth,Amerihealth Medicaid HC,908.68,"This service costs $1512.89 as standard price when patient does not have any insurance.
Same service costs $908.68 if patient has 'Amerihealth Medicaid HC' insurance plan.",Regional Medical Center,hospital4,19102,Philadelphia,PA,39.9507,-75.1628
ACETYLCYSTEINE NON-COMP UNIT,J7608,OUTPATIENT,1512.89,,,,Standard charge with no insurance.,Regional Medical Center,hospital4,19102,Philadelphia,PA,39.9507,-75.1628
ACETYLCYSTEINE NON-COMP UNIT,J7608,INPATIENT,1512.89,,,,Standard charge with no insurance.,Regional Medical Center,hospital4,19102,Philadelphia,PA,39.9507,-75.1628
1 CC STERILE SYRINGE&NEEDLE,A4206,INPATIENT,914.26,Humana,Humana Medicare PPO,864.62,"This service costs $914.26 as standard price when patient does not have any insurance.
Same service costs $864.62 if patient has 'Humana Medicare PPO' insurance plan.",Regional Medical Center,hospital4,19102,Philadelphia,PA,39.9507,-75.1628
1 CC STERILE SYRINGE&NEEDLE,A4206,OUTPATIENT,914.26,Humana,Humana Medicare PPO,864.62,"This service costs $914.26 as standard price when patient does not have any insurance.
Same service costs $864.62 if patient has 'Humana Medicare PPO' insurance plan.",Regional Medical Center,hospital4,19102,Philadelphia,PA,39.9507,-75.1628
1 CC STERILE SYRINGE&NEEDLE,A4206,INPATIENT,914.26,Humana,Humana Commercial,779.93,"This service costs $914.26 as standard price when patient does not have any insurance.
Same service costs $779.93 if patient has 'Humana Commercial' insurance plan.",Regional Medical Center,hospital4,19102,Philadelphia,PA,39.9507,-75.1628
1 CC STERILE SYRINGE&NEEDLE,A4206,OUTPATIENT,914.26,Humana,Humana Commercial,779.93,"This service costs $914.26 as standard price when patient does not have any insurance.
Same service costs $779.93 if patient has 'Humana Commercial' insurance plan.",Regional Medical Center,hospital4,19102,Philadelphia,PA,39.9507,-75.1628
1 CC STERILE SYRINGE&NEEDLE,A4206,INPATIENT,914.26,Humana,Humana Medicare HMO,824.86,"This service costs $914.26 as standard price when patient does not have any insurance.
Same service costs $824.86 if patient has 'Humana Medicare HMO' insurance plan.",Regional Medical Center,hospital4,19102,Philadelphia,PA,39.9507,-75.1628
1 CC STERILE SYRINGE&NEEDLE,A4206,OUTPATIENT,914.26,Humana,Humana Medicare HMO,824.86,"This service costs $914.26 as standard price when patient does not have any insurance.
Same service costs $824.86 if patient has 'Humana Medicare HMO' insurance plan.",Regional Medical Center,hospital4,19102,Philadelphia,PA,39.9507,-75.1628
1 CC STERILE SYRINGE&NEEDLE,A4206,INPATIENT,914.26,,,,Standard charge with no insurance.,Regional Medical Center,hospital4,19102,Philadelphia,PA,39.9507,-75.1628
1 CC STERILE SYRINGE&NEEDLE,A4206,OUTPATIENT,914.26,,,,Standard charge with no insurance.,Regional Medical Center,hospital4,19102,Philadelphia,PA,39.9507,-75.1628
BASIC METABOLIC PANEL,80048,BOTH,1736.95,Humana,Humana Medicare PPO,1192.77,"This service costs $1736.95 as standard price when patient does not have any insurance.
Same service costs $1192.77 if patient has 'Humana Medicare PPO' insurance plan.",Regional Medical Center,hospital4,19102,Philadelphia,PA,39.9507,-75.1628
BASIC METABOLIC PANEL,80048,BOTH,1736.95,Humana,Humana Medicare HMO,1212.99,"This service costs $1736.95 as standard price when patient does not have any insurance.
Same service costs $1212.99 if patient has 'Humana Medicare HMO' insurance plan.",Regional Medical Center,hospital4,19102,Philadelphia,PA,39.9507,-75.1628
BASIC METABOLIC PANEL,80048,BOTH,1736.95,Humana,Humana Commercial,945.24,"This service costs $1736.95 as standard price when patient does not have any insurance.
Same service costs $945.24 if patient has 'Humana Commercial' insurance plan.",Regional Medical Center,hospital4,19102,Philadelphia,PA,39.9507,-75.1628
BASIC METABOLIC PANEL,80048,BOTH,1736.95,,,,Standard charge with no insurance.,Regional Medical Center,hospital4,19102,Philadelphia,PA,39.9507,-75.1628
BASIC METABOLIC PANEL,80048,BOTH,629.87,Humana,Humana Commercial,498.01,"This service costs $629.87 as standard price when patient does not have any insurance.
Same service costs $498.01 if patient has 'Humana Commercial' insurance plan.",Regional Medical Center,hospital4,19102,Philadelphia,PA,39.9507,-75.1628
BASIC METABOLIC PANEL,80048,BOTH,629.87,,,,Standard charge with no insurance.,Regional Medical Center,hospital4,19102,Philadelphia,PA,39.9507,-75.1628
BASIC METABOLIC PANEL,80048,BOTH,629.87,Highmark,Highmark Commercial PROF,364.73,"This service costs $629.87 as standard price when patient does not have any insurance.
Same service costs $364.73 if patient has 'Highmark Commercial PROF' insurance plan.",Regional Medical Center,hospital4,19102,Philadelphia,PA,39.9507,-75.1628
BASIC METABOLIC PANEL,80048,BOTH,629.87,,,,Standard charge with no insurance.,Regional Medical Center,hospital4,19102,Philadelphia,PA,39.9507,-75.1628
1 CC STERILE SYRINGE&NEEDLE,A4206,INPATIENT,340.18,Amerihealth,Amerihealth Medicare,234.71,"This service costs $340.18 as standard price when patient does not have any insurance.
Same service costs $234.71 if patient has 'Amerihealth Medicare' insurance plan.",Regional Medical Center,hospital4,19102,Philadelphia,PA,39.9507,-75.1628
1 CC STERILE SYRINGE&NEEDLE,A4206,OUTPATIENT,340.18,Amerihealth,Amerihealth Medicare,234.71,"This service costs $340.18 as standard price when patient does not have any insurance.
Same service costs $234.71 if patient has 'Amerihealth Medicare' insurance plan.",Regional Medical Center,hospital4,19102,Philadelphia,PA,39.9507,-75.1628
1 CC STERILE SYRINGE&NEEDLE,A4206,INPATIENT,340.18,Amerihealth,Amerihealth Medicaid HC,236.58,"This service costs $340.18 as standard price when patient does not have any insurance.
Same service costs $236.58 if patient has 'Amerihealth Medicaid HC' insurance plan.",Regional Medical Center,hospital4,19102,Philadelphia,PA,39.9507,-75.1628
1 CC STERILE SYRINGE&NEEDLE,A4206,OUTPATIENT,340.18,Amerihealth,Amerihealth Medicaid HC,236.58,"This service costs $340.18 as standard price when patient does not have any insurance.
Same service costs $236.58 if patient has 'Amerihealth Medicaid HC' insurance plan.",Regional Medical Center,hospital4,19102,Philadelphia,PA,39.9507,-75.1628
1 CC STERILE SYRINGE&NEEDLE,A4206,INPATIENT,340.18,,,,Standard charge with no insurance.,Regional Medical Center,hospital4,19102,Philadelphia,PA,39.9507,-75.1628
1 CC STERILE SYRINGE&NEEDLE,A4206,OUTPATIENT,340.18,,,,Standard charge with no insurance.,Regional Medical Center,hospital4,19102,Philadelphia,PA,39.9507,-75.1628
ACETYLCYSTEINE NON-COMP UNIT,J7608,OUTPATIENT,1046.27,Humana,Humana Medicare HMO,681.0,"This service costs $1046.27 as standard price when patient does not have any insurance.
Same service costs $681.0 if patient has 'Humana Medicare HMO' insurance plan.",Regional Medical Center,hospital4,19102,Philadelphia,PA,39.9507,-75.1628
ACETYLCYSTEINE NON-COMP UNIT,J7608,INPATIENT,1046.27,Humana,Humana Medicare HMO,681.0,"This service costs $1046.27 as standard price when patient does not have any insurance.
Same service costs $681.0 if patient has 'Humana Medicare HMO' insurance plan.",Regional Medical Center,hospital4,19102,Philadelphia,PA,39.9507,-75.1628
ACETYLCYSTEINE NON-COMP UNIT,J7608,OUTPATIENT,1046.27,Humana,Humana Medicare PPO,590.23,"This service costs $1046.27 as standard price when patient does not have any insurance.
Same service costs $590.23 if patient has 'Humana Medicare PPO' insurance plan.",Regional Medical Center,hospital4,19102,Philadelphia,PA,39.9507,-75.1628
ACETYLCYSTEINE NON-COMP UNIT,J7608,INPATIENT,1046.27,Humana,Humana Medicare PPO,590.23,"This service costs $1046.27 as standard price when patient does not have any insurance.
Same service costs $590.23 if patient has 'Humana Medicare PPO' insurance plan.",Regional Medical Center,hospital4,19102,Philadelphia,PA,39.9507,-75.1628
ACETYLCYSTEINE NON-COMP UNIT,J7608,OUTPATIENT,1046.27,,,,Standard charge with no insurance.,Regional Medical Center,hospital4,19102,Philadelphia,PA,39.9507,-75.1628
ACETYLCYSTEINE NON-COMP UNIT,J7608,INPATIENT,1046.27,,,,Standard charge with no insurance.,Regional Medical Center,hospital4,19102,Philadelphia,PA,39.9507,-75.1628
ACETYLCYSTEINE NON-COMP UNIT,J7608,OUTPATIENT,1046.27,Amerihealth,Amerihealth Medicare,603.04,"This service costs $1046.27 as standard price when patient does not have any insurance.
Same service costs $603.04 if patient has 'Amerihealth Medicare' insurance plan.",Regional Medical Center,hospital4,19102,Philadelphia,PA,39.9507,-75.1628
ACETYLCYSTEINE NON-COMP UNIT,J7608,INPATIENT,1046.27,Amerihealth,Amerihealth Medicare,603.04,"This service costs $1046.27 as standard price when patient does not have any insurance.
Same service costs $603.04 if patient has 'Amerihealth Medicare' insurance plan.",Regional Medical Center,hospital4,19102,Philadelphia,PA,39.9507,-75.1628
ACETYLCYSTEINE NON-COMP UNIT,J7608,OUTPATIENT,1046.27,Amerihealth,Amerihealth Commercial,694.23,"This service costs $1046.27 as standard price when patient does not have any insurance.
Same service costs $694.23 if patient has 'Amerihealth Commercial' insurance plan.",Regional Medical Center,hospital4,19102,Philadelphia,PA,39.9507,-75.1628
ACETYLCYSTEINE NON-COMP UNIT,J7608,INPATIENT,1046.27,Amerihealth,Amerihealth Commercial,694.23,"This service costs $1046.27 as standard price when patient does not have any insurance.
Same service costs $694.23 if patient has 'Amerihealth Commercial' insurance plan.",Regional Medical Center,hospital4,19102,Philadelphia,PA,39.9507,-75.1628
ACETYLCYSTEINE NON-COMP UNIT,J7608,OUTPATIENT,1046.27,Amerihealth,Amerihealth Medicaid HC,621.39,"This service costs $1046.27 as standard price when patient does not have any insurance.
Same service costs $621.39 if patient has 'Amerihealth Medicaid HC' insurance plan.",Regional Medical Center,hospital4,19102,Philadelphia,PA,39.9507,-75.1628
ACETYLCYSTEINE NON-COMP UNIT,J7608,INPATIENT,1046.27,Amerihealth,Amerihealth Medicaid HC,621.39,"This service costs $1046.27 as standard price when patient does not have any insurance.
Same service costs $621.39 if patient has 'Amerihealth Medicaid HC' insurance plan.",Regional Medical Center,hospital4,19102,Philadelphia,PA,39.9507,-75.1628
ACETYLCYSTEINE NON-COMP UNIT,J7608,OUTPATIENT,1046.27,,,,Standard charge with no insurance.,Regional Medical Center,hospital4,19102,Philadelphia,PA,39.9507,-75.1628
ACETYLCYSTEINE NON-COMP UNIT,J7608,INPATIENT,1046.27,,,,Standard charge with no insurance.,Regional Medical Center,hospital4,19102,Philadelphia,PA,39.9507,-75.1628
ACETYLCYSTEINE NON-COMP UNIT,J7608,OUTPATIENT,73.32,United Healthcare,United Healthcare Commercial,40.19,"This service costs $73.32 as standard price when patient does not have any insurance.
Same service costs $40.19 if patient has 'United Healthcare Commercial' insurance plan.",Regional Medical Center,hospital4,19102,Philadelphia,PA,39.9507,-75.1628
ACETYLCYSTEINE NON-COMP UNIT,J7608,INPATIENT,73.32,United Healthcare,United Healthcare Commercial,40.19,"This service costs $73.32 as standard price when patient does not have any insurance.
Same service costs $40.19 if patient has 'United Healthcare Commercial' insurance plan.",Regional Medical Center,hospital4,19102,Philadelphia,PA,39.9507,-75.1628
ACETYLCYSTEINE NON-COMP UNIT,J7608,OUTPATIENT,73.32,United Healthcare,United Healthcare Medicaid,65.15,"This service costs $73.32 as standard price when patient does not have any insurance.
Same service costs $65.15 if patient has 'United Healthcare Medicaid' insurance plan.",Regional Medical Center,hospital4,19102,Philadelphia,PA,39.9507,-75.1628
ACETYLCYSTEINE NON-COMP UNIT,J7608,INPATIENT,73.32,United Healthcare,United Healthcare Medicaid,65.15,"This service costs $73.32 as standard price when patient does not have any insurance.
Same service costs $65.15 if patient has 'United Healthcare Medicaid' insurance plan.",Regional Medical Center,hospital4,19102,Philadelphia,PA,39.9507,-75.1628
ACETYLCYSTEINE NON-COMP UNIT,J7608,OUTPATIENT,73.32,,,,Standard charge with no insurance.,Regional Medical Center,hospital4,19102,Philadelphia,PA,39.9507,-75.1628
ACETYLCYSTEINE NON-COMP UNIT,J7608,INPATIENT,73.32,,,,Standard charge with no insurance.,Regional Medical Center,hospital4,19102,Philadelphia,PA,39.9507,-75.1628
ACETYLCYSTEINE NON-COMP UNIT,J7608,OUTPATIENT,73.32,Humana,Humana Medicare PPO,46.54,"This service costs $73.32 as standard price when patient does not have any insurance.
Same service costs $46.54 if patient has 'Humana Medicare PPO' insurance plan.",Regional Medical Center,hospital4,19102,Philadelphia,PA,39.9507,-75.1628
ACETYLCYSTEINE NON-COMP UNIT,J7608,INPATIENT,73.32,Humana,Humana Medicare PPO,46.54,"This service costs $73.32 as standard price when patient does not have any insurance.
Same service costs $46.54 if patient has 'Humana Medicare PPO' insurance plan.",Regional Medical Center,hospital4,19102,Philadelphia,PA,39.9507,-75.1628
ACETYLCYSTEINE NON-COMP UNIT,J7608,OUTPATIENT,73.32,Humana,Humana Medicare HMO,48.71,"This service costs $73.32 as standard price when patient does not have any insurance.
Same service costs $48.71 if patient has 'Humana Medicare HMO' insurance plan.",Regional Medical Center,hospital4,19102,Philadelphia,PA,39.9507,-75.1628
ACETYLCYSTEINE NON-COMP UNIT,J7608,INPATIENT,73.32,Humana,Humana Medicare HMO,48.71,"This service costs $73.32 as standard price when patient does not have any insurance.
Same service costs $48.71 if patient has 'Humana Medicare HMO' insurance plan.",Regional Medical Center,hospital4,19102,Philadelphia,PA,39.9507,-75.1628
ACETYLCYSTEINE NON-COMP UNIT,J7608,OUTPATIENT,73.32,Humana,Humana Commercial,47.93,"This service costs $73.32 as standard price when patient does not have any insurance.
Same service costs $47.93 if patient has 'Humana Commercial' insurance plan.",Regional Medical Center,hospital4,19102,Philadelphia,PA,39.9507,-75.1628
ACETYLCYSTEINE NON-COMP UNIT,J7608,INPATIENT,73.32,Humana,Humana Commercial,47.93,"This service costs $73.32 as standard price when patient does not have any insurance.
Same service costs $47.93 if patient has 'Humana Commercial' insurance plan.",Regional Medical Center,hospital4,19102,Philadelphia,PA,39.9507,-75.1628
ACETYLCYSTEINE NON-COMP UNIT,J7608,OUTPATIENT,73.32,,,,Standard charge with no insurance.,Regional Medical Center,hospital4,19102,Philadelphia,PA,39.9507,-75.1628
ACETYLCYSTEINE NON-COMP UNIT,J7608,INPATIENT,73.32,,,,Standard charge with no insurance.,Regional Medical Center,hospital4,19102,Philadelphia,PA,39.9507,-75.1628
ACETYLCYSTEINE NON-COMP UNIT,J7608,OUTPATIENT,73.32,Highmark,Highmark ACA Products PROF,69.54,"This service costs $73.32 as standard price when patient does not have any insurance.
Same service costs $69.54 if patient has 'Highmark ACA Products PROF' insurance plan.",Regional Medical Center,hospital4,19102,Philadelphia,PA,39.9507,-75.1628
ACETYLCYSTEINE NON-COMP UNIT,J7608,INPATIENT,73.32,Highmark,Highmark ACA Products PROF,69.54,"This service costs $73.32 as standard price when patient does not have any insurance.
Same service costs $69.54 if patient has 'Highmark ACA Products PROF' insurance plan.",Regional Medical Center,hospital4,19102,Philadelphia,PA,39.9507,-75.1628
ACETYLCYSTEINE NON-COMP UNIT,J7608,OUTPATIENT,73.32,,,,Standard charge with no insurance.,Regional Medical Center,hospital4,19102,Philadelphia,PA,39.9507,-75.1628
ACETYLCYSTEINE NON-COMP UNIT,J7608,INPATIENT,73.32,,,,Standard charge with no insurance.,Regional Medical Center,hospital4,19102,Philadelphia,PA,39.9507,-75.1628
BASIC METABOLIC PANEL,80048,BOTH,644.42,,,,"Only standard charge and no price with insurance – meaning this service is provided by the hospital directly, and not through any insurance.",Regional Medical Center,hospital4,19102,Philadelphia,PA,39.9507,-75.1628
ACETYLCYSTEINE NON-COMP UNIT,J7608,OUTPATIENT,1172.54,,,,"Only standard charge and no price with insurance – meaning this service is provided by the hospital directly, and not through any insurance.",Regional Medical Center,hospital4,19102,Philadelphia,PA,39.9507,-75.1628
ACETYLCYSTEINE NON-COMP UNIT,J7608,INPATIENT,1172.54,,,,"Only standard charge and no price with insurance – meaning this service is provided by the hospital directly, and not through any insurance.",Regional Medical Center,hospital4,19102,Philadelphia,PA,39.9507,-75.1628
TRILOCK GRIDPL,C1713,BOTH,1473.52,Highmark,Highmark ACA Products PROF,1157.14,"This service costs $1473.52 as standard price when patient does not have any insurance.
Same service costs $1157.14 if patient has 'Highmark ACA Products PROF' insurance plan.",Regional Medical Center,hospital4,19102,Philadelphia,PA,39.9507,-75.1628
TRILOCK GRIDPL,C1713,BOTH,1473.52,Highmark,Highmark Medicare,1223.24,"This service costs $1473.52 as standard price when patient does not have any insurance.
Same service costs $1223.24 if patient has 'Highmark Medicare' insurance plan.",Regional Medical Center,hospital4,19102,Philadelphia,PA,39.9507,-75.1628
TRILOCK GRIDPL,C1713,BOTH,1473.52,,,,Standard charge with no insurance.,Regional Medical Center,hospital4,19102,Philadelphia,PA,39.9507,-75.1628
TRILOCK GRIDPL,C1713,BOTH,1473.52,Aetna,Aetna Commercial,896.18,"This service costs $1473.52 as standard price when patient does not have any insurance.
Same service costs $896.18 if patient has 'Aetna Commercial' insurance plan.",Regional Medical Center,hospital4,19102,Philadelphia,PA,39.9507,-75.1628
TRILOCK GRIDPL,C1713,BOTH,1473.52,Aetna,Aetna Medicaid CHIP,1143.04,"This service costs $1473.52 as standard price when patient does not have any insurance.
Same service costs $1143.04 if patient has 'Aetna Medicaid CHIP' insurance plan.",Regional Medical Center,hospital4,19102,Philadelphia,PA,39.9507,-75.1628
TRILOCK GRIDPL,C1713,BOTH,1473.52,,,,Standard charge with no insurance.,Regional Medical Center,hospital4,19102,Philadelphia,PA,39.9507,-75.1628
TRILOCK GRIDPL,C1713,BOTH,1473.52,Amerihealth,Amerihealth Medicare,796.02,"This service costs $1473.52 as standard price when patient does not have any insurance.
Same service costs $796.02 if patient has 'Amerihealth Medicare' insurance plan.",Regional Medical Center,hospital4,19102,Philadelphia,PA,39.9507,-75.1628
TRILOCK GRIDPL,C1713,BOTH,1473.52,Amerihealth,Amerihealth Medicaid HC,1239.89,"This service costs $1473.52 as standard price when patient does not have any insurance.
Same service costs $1239.89 if patient has 'Amerihealth Medicaid HC' insurance plan.",Regional Medical Center,hospital4,19102,Philadelphia,PA,39.9507,-75.1628
TRILOCK GRIDPL,C1713,BOTH,1473.52,,,,Standard charge with no insurance.,Regional Medical Center,hospital4,19102,Philadelphia,PA,39.9507,-75.1628
2D ECHO,93306,OUTPATIENT,1306.23,Amerihealth,Amerihealth Medicaid HC,1152.53,"This service costs $1306.23 as standard price when patient does not have any insurance.
Same service costs $1152.53 if patient has 'Amerihealth Medicaid HC' insurance plan.",Regional Medical Center,hospital4,19102,Philadelphia,PA,39.9507,-75.1628
2D ECHO,93306,OUTPATIENT,1306.23,,,,Standard charge with no insurance.,Regional Medical Center,hospital4,19102,Philadelphia,PA,39.9507,-75.1628
2D ECHO,93306,OUTPATIENT,1306.23,Aetna,Aetna Commercial,928.88,"This service costs $1306.23 as standard price when patient does not have any insurance.
Same service costs $928.88 if patient has 'Aetna Commercial' insurance plan.",Regional Medical Center,hospital4,19102,Philadelphia,PA,39.9507,-75.1628
2D ECHO,93306,OUTPATIENT,1306.23,Aetna,Aetna Medicare,1042.95,"This service costs $1306.23 as standard price when patient does not have any insurance.
Same service costs $1042.95 if patient has 'Aetna Medicare' insurance plan.",Regional Medical Center,hospital4,19102,Philadelphia,PA,39.9507,-75.1628
2D ECHO,93306,OUTPATIENT,1306.23,,,,Standard charge with no insurance.,Regional Medical Center,hospital4,19102,Philadelphia,PA,39.9507,-75.1628
2D ECHO,93306,OUTPATIENT,1306.23,Humana,Humana Medicare HMO,842.48,"This service costs $1306.23 as standard price when patient does not have any insurance.
Same service costs $842.48 if patient has 'Humana Medicare HMO' insurance plan.",Regional Medical Center,hospital4,19102,Philadelphia,PA,39.9507,-75.1628
2D ECHO,93306,OUTPATIENT,1306.23,Humana,Humana Commercial,1140.66,"This service costs $1306.23 as standard price when patient does not have any insurance.
Same service costs $1140.66 if patient has 'Humana Commercial' insurance plan.",Regional Medical Center,hospital4,19102,Philadelphia,PA,39.9507,-75.1628
2D ECHO,93306,OUTPATIENT,1306.23,Humana,Humana Medicare PPO,1115.07,"This service costs $1306.23 as standard price when patient does not have any insurance.
Same service costs $1115.07 if patient has 'Humana Medicare PPO' insurance plan.",Regional Medical Center,hospital4,19102,Philadelphia,PA,39.9507,-75.1628
2D ECHO,93306,OUTPATIENT,1306.23,,,,Standard charge with no insurance.,Regional Medical Center,hospital4,19102,Philadelphia,PA,39.9507,-75.1628
ACETYLCYSTEINE NON-COMP UNIT,J7608,OUTPATIENT,1245.47,Amerihealth,Amerihealth Medicaid HC,1077.57,"This service costs $1245.47 as standard price when patient does not have any insurance.
Same service costs $1077.57 if patient has 'Amerihealth Medicaid HC' insurance plan.",Regional Medical Center,hospital4,19102,Philadelphia,PA,39.9507,-75.1628
ACETYLCYSTEINE NON-COMP UNIT,J7608,INPATIENT,1245.47,Amerihealth,Amerihealth Medicaid HC,1077.57,"This service costs $1245.47 as standard price when patient does not have any insurance.
Same service costs $1077.57 if patient has 'Amerihealth Medicaid HC' insurance plan.",Regional Medical Center,hospital4,19102,Philadelphia,PA,39.9507,-75.1628
ACETYLCYSTEINE NON-COMP UNIT,J7608,OUTPATIENT,1245.47,,,,Standard charge with no insurance.,Regional Medical Center,hospital4,19102,Philadelphia,PA,39.9507,-75.1628
ACETYLCYSTEINE NON-COMP UNIT,J7608,INPATIENT,1245.47,,,,Standard charge with no insurance.,Regional Medical Center,hospital4,19102,Philadelphia,PA,39.9507,-75.1628
ACETYLCYSTEINE NON-COMP UNIT,J7608,OUTPATIENT,1245.47,Aetna,Aetna Medicare,1016.38,"This service costs $1245.47 as standard price when patient does not have any insurance.
Same service costs $1016.38 if patient has 'Aetna Medicare' insurance plan.",Regional Medical Center,hospital4,19102,Philadelphia,PA,39.9507,-75.1628
ACETYLCYSTEINE NON-COMP UNIT,J7608,INPATIENT,1245.47,Aetna,Aetna Medicare,1016.38,"This service costs $1245.47 as standard price when patient does not have any insurance.
Same service costs $1016.38 if patient has 'Aetna Medicare' insurance plan.",Regional Medical Center,hospital4,19102,Philadelphia,PA,39.9507,-75.1628
ACETYLCYSTEINE NON-COMP UNIT,J7608,OUTPATIENT,1245.47,,,,Standard charge with no insurance.,Regional Medical Center,hospital4,19102,Philadelphia,PA,39.9507,-75.1628
ACETYLCYSTEINE NON-COMP UNIT,J7608,INPATIENT,1245.47,,,,Standard charge with no insurance.,Regional Medical Center,hospital4,19102,Philadelphia,PA,39.9507,-75.1628
TRILOCK GRIDPL,C1713,BOTH,868.82,Amerihealth,Amerihealth Commercial,607.46,"This service costs $868.82 as standard price when patient does not have any insurance.
Same service costs $607.46 if patient has 'Amerihealth Commercial' insurance plan.",Regional Medical Center,hospital4,19102,Philadelphia,PA,39.9507,-75.1628
TRILOCK GRIDPL,C1713,BOTH,868.82,Amerihealth,Amerihealth Medicaid HC,689.35,"This service costs $868.82 as standard price when patient does not have any insurance.
Same service costs $689.35 if patient has 'Amerihealth Medicaid HC' insurance plan.",Regional Medical Center,hospital4,19102,Philadelphia,PA,39.9507,-75.1628
TRILOCK GRIDPL,C1713,BOTH,868.82,,,,Standard charge with no insurance.,Regional Medical Center,hospital4,19102,Philadelphia,PA,39.9507,-75.1628
TRILOCK GRIDPL,C1713,BOTH,868.82,Humana,Humana Medicare PPO,551.77,"This service costs $868.82 as standard price when patient does not have any insurance.
Same service costs $551.77 if patient has 'Humana Medicare PPO' insurance plan.",Regional Medical Center,hospital4,19102,Philadelphia,PA,39.9507,-75.1628
TRILOCK GRIDPL,C1713,BOTH,868.82,,,,Standard charge with no insurance.,Regional Medical Center,hospital4,19102,Philadelphia,PA,39.9507,-75.1628
TRILOCK GRIDPL,C1713,BOTH,868.82,United Healthcare,United Healthcare Medicaid,583.47,"This service costs $868.82 as standard price when patient does not have any insurance.
Same service costs $583.47 if patient has 'United Healthcare Medicaid' insurance plan.",Regional Medical Center,hospital4,19102,Philadelphia,PA,39.9507,-75.1628
TRILOCK GRIDPL,C1713,BOTH,868.82,,,,Standard charge with no insurance.,Regional Medical Center,hospital4,19102,Philadelphia,PA,39.9507,-75.1628
CHEST X-RAY,71045,BOTH,1629.94,Humana,Humana Medicare PPO,1302.75,"This service costs $1629.94 as standard price when patient does not have any insurance.
Same service costs $1302.75 if patient has 'Humana Medicare PPO' insurance plan.",Regional Medical Center,hospital4,19102,Philadelphia,PA,39.9507,-75.1628
CHEST X-RAY,71045,BOTH,1629.94,Humana,Humana Medicare HMO,1411.01,"This service costs $1629.94 as standard price when patient does not have any insurance.
Same service costs $1411.01 if patient has 'Humana Medicare HMO' insurance plan.",Regional Medical Center,hospital4,19102,Philadelphia,PA,39.9507,-75.1628
CHEST X-RAY,71045,BOTH,1629.94,,,,Standard charge with no insurance.,Regional Medical Center,hospital4,19102,Philadelphia,PA,39.9507,-75.1628
TRILOCK SCAPHOID PLATE,C1713,BOTH,354.78,Humana,Humana Commercial,260.28,"This service costs $354.78 as standard price when patient does not have any insurance.
Same service costs $260.28 if patient has 'Humana Commercial' insurance plan.",Regional Medical Center,hospital4,19102,Philadelphia,PA,39.9507,-75.1628
TRILOCK SCAPHOID PLATE,C1713,BOTH,354.78,,,,Standard charge with no insurance.,Regional Medical Center,hospital4,19102,Philadelphia,PA,39.9507,-75.1628
TRILOCK SCAPHOID PLATE,C1713,BOTH,354.78,Aetna,Aetna Medicare,326.56,"This service costs $354.78 as standard price when patient does not have any insurance.
Same service costs $326.56 if patient has 'Aetna Medicare' insurance plan.",Regional Medical Center,hospital4,19102,Philadelphia,PA,39.9507,-75.1628
TRILOCK SCAPHOID PLATE,C1713,BOTH,354.78,,,,Standard charge with no insurance.,Regional Medical Center,hospital4,19102,Philadelphia,PA,39.9507,-75.1628
TRILOCK SCAPHOID PLATE,C1713,BOTH,1905.27,Humana,Humana Commercial,1089.16,"This service costs $1905.27 as standard price when patient does not have any insurance.
Same service costs $1089.16 if patient has 'Humana Commercial' insurance plan.",Regional Medical Center,hospital4,19102,Philadelphia,PA,39.9507,-75.1628
TRILOCK SCAPHOID PLATE,C1713,BOTH,1905.27,,,,Standard charge with no insurance.,Regional Medical Center,hospital4,19102,Philadelphia,PA,39.9507,-75.1628
TRILOCK SCAPHOID PLATE,C1713,BOTH,1905.27,Aetna,Aetna Medicare,1792.77,"This service costs $1905.27 as standard price when patient does not have any insurance.
Same service costs $1792.77 if patient has 'Aetna Medicare' insurance plan.",Regional Medical Center,hospital4,19102,Philadelphia,PA,39.9507,-75.1628
TRILOCK SCAPHOID PLATE,C1713,BOTH,1905.27,,,,Standard charge with no insurance.,Regional Medical Center,hospital4,19102,Philadelphia,PA,39.9507,-75.1628
TRILOCK SCAPHOID PLATE,C1713,BOTH,1905.27,Amerihealth,Amerihealth Commercial,1547.24,"This service costs $1905.27 as standard price when patient does not have any insurance.
Same service costs $1547.24 if patient has 'Amerihealth Commercial' insurance plan.",Regional Medical Center,hospital4,19102,Philadelphia,PA,39.9507,-75.1628
TRILOCK SCAPHOID PLATE,C1713,BOTH,1905.27,Amerihealth,Amerihealth Medicare,1153.06,"This service costs $1905.27 as standard price when patient does not have any insurance.
Same service costs $1153.06 if patient has 'Amerihealth Medicare' insurance plan.",Regional Medical Center,hospital4,19102,Philadelphia,PA,39.9507,-75.1628
TRILOCK SCAPHOID PLATE,C1713,BOTH,1905.27,Amerihealth,Amerihealth Medicaid HC,1558.18,"This service costs $1905.27 as standard price when patient does not have any insurance.
Same service costs $1558.18 if patient has 'Amerihealth Medicaid HC' insurance plan.",Regional Medical Center,hospital4,19102,Philadelphia,PA,39.9507,-75.1628
TRILOCK SCAPHOID PLATE,C1713,BOTH,1905.27,,,,Standard charge with no insurance.,Regional Medical Center,hospital4,19102,Philadelphia,PA,39.9507,-75.1628
2D ECHO,93306,OUTPATIENT,618.85,,,,"Only standard charge and no price with insurance – meaning this service is provided by the hospital directly, and not through any insurance.",Regional Medical Center,hospital4,19102,Philadelphia,PA,39.9507,-75.1628
CHEST X-RAY,71045,BOTH,1691.35,Highmark,Highmark Commercial PROF,1115.91,"This service costs $1691.35 as standard price when patient does not have any insurance.
Same service costs $1115.91 if patient has 'Highmark Commercial PROF' insurance plan.",Regional Medical Center,hospital4,19102,Philadelphia,PA,39.9507,-75.1628
CHEST X-RAY,71045,BOTH,1691.35,Highmark,Highmark ACA Products PROF,1289.82,"This service costs $1691.35 as standard price when patient does not have any insurance.
Same service costs $1289.82 if patient has 'Highmark ACA Products PROF' insurance plan.",Regional Medical Center,hospital4,19102,Philadelphia,PA,39.9507,-75.1628
CHEST X-RAY,71045,BOTH,1691.35,,,,Standard charge with no insurance.,Regional Medical Center,hospital4,19102,Philadelphia,PA,39.9507,-75.1628
CHEST X-RAY,71045,BOTH,1691.35,United Healthcare,United Healthcare Commercial,1579.2,"This service costs $1691.35 as standard price when patient does not have any insurance.
Same service costs $1579.2 if patient has 'United Healthcare Commercial' insurance plan.",Regional Medical Center,hospital4,19102,Philadelphia,PA,39.9507,-75.1628
CHEST X-RAY,71045,BOTH,1691.35,United Healthcare,United Healthcare CHIP,1316.95,"This service costs $1691.35 as standard price when patient does not have any insurance.
Same service costs $1316.95 if patient has 'United Healthcare CHIP' insurance plan.",Regional Medical Center,hospital4,19102,Philadelphia,PA,39.9507,-75.1628
CHEST X-RAY,71045,BOTH,1691.35,United Healthcare,United Healthcare Medicaid,1249.13,"This service costs $1691.35 as standard price when patient does not have any insurance.
Same service costs $1249.13 if patient has 'United Healthcare Medicaid' insurance plan.",Regional Medical Center,hospital4,19102,Philadelphia,PA,39.9507,-75.1628
CHEST X-RAY,71045,BOTH,1691.35,,,,Standard charge with no insurance.,Regional Medical Center,hospital4,19102,Philadelphia,PA,39.9507,-75.1628
TRILOCK SCAPHOID PLATE,C1713,BOTH,1956.75,Humana,Humana Commercial,1056.51,"This service costs $1956.75 as standard price when patient does not have any insurance.
Same service costs $1056.51 if patient has 'Humana Commercial' insurance plan.",Regional Medical Center,hospital4,19102,Philadelphia,PA,39.9507,-75.1628
TRILOCK SCAPHOID PLATE,C1713,BOTH,1956.75,Humana,Humana Medicare PPO,1446.35,"This service costs $1956.75 as standard price when patient does not have any insurance.
Same service costs $1446.35 if patient has 'Humana Medicare PPO' insurance plan.",Regional Medical Center,hospital4,19102,Philadelphia,PA,39.9507,-75.1628
TRILOCK SCAPHOID PLATE,C1713,BOTH,1956.75,,,,Standard charge with no insurance.,Regional Medical Center,hospital4,19102,Philadelphia,PA,39.9507,-75.1628
BASIC METABOLIC PANEL,80048,BOTH,49.66,Humana,Humana Commercial,33.75,"This service costs $49.66 as standard price when patient does not have any insurance.
Same service costs $33.75 if patient has 'Humana Commercial' insurance plan.",Regional Medical Center,hospital4,19102,Philadelphia,PA,39.9507,-75.1628
BASIC METABOLIC PANEL,80048,BOTH,49.66,Humana,Humana Medicare PPO,34.68,"This service costs $49.66 as standard price when patient does not have any insurance.
Same service costs $34.68 if patient has 'Humana Medicare PPO' insurance plan.",Regional Medical Center,hospital4,19102,Philadelphia,PA,39.9507,-75.1628
BASIC METABOLIC PANEL,80048,BOTH,49.66,,,,Standard charge with no insurance.,Regional Medical Center,hospital4,19102,Philadelphia,PA,39.9507,-75.1628
BASIC METABOLIC PANEL,80048,BOTH,49.66,Highmark,Highmark ACA Products PROF,45.8,"This service costs $49.66 as standard price when patient does not have any insurance.
Same service costs $45.8 if patient has 'Highmark ACA Products PROF' insurance plan.",Regional Medical Center,hospital4,19102,Philadelphia,PA,39.9507,-75.1628
BASIC METABOLIC PANEL,80048,BOTH,49.66,,,,Standard charge with no insurance.,Regional Medical Center,hospital4,19102,Philadelphia,PA,39.9507,-75.1628
TRILOCK SCAPHOID PLATE,C1713,BOTH,1357.99,United Healthcare,United Healthcare CHIP,817.43,"This service costs $1357.99 as standard price when patient does not have any insurance.
Same service costs $817.43 if patient has 'United Healthcare CHIP' insurance plan.",Regional Medical Center,hospital4,19102,Philadelphia,PA,39.9507,-75.1628
TRILOCK SCAPHOID PLATE,C1713,BOTH,1357.99,United Healthcare,United Healthcare Medicaid,775.2,"This service costs $1357.99 as standard price when patient does not have any insurance.
Same service costs $775.2 if patient has 'United Healthcare Medicaid' insurance plan.",Regional Medical Center,hospital4,19102,Philadelphia,PA,39.9507,-75.1628
TRILOCK SCAPHOID PLATE,C1713,BOTH,1357.99,,,,Standard charge with no insurance.,Regional Medical Center,hospital4,19102,Philadelphia,PA,39.9507,-75.1628
TRILOCK SCAPHOID PLATE,C1713,BOTH,1357.99,Highmark,Highmark Medicare,1287.02,"This service costs $1357.99 as standard price when patient does not have any insurance.
Same service costs $1287.02 if patient has 'Highmark Medicare' insurance plan.",Regional Medical Center,hospital4,19102,Philadelphia,PA,39.9507,-75.1628
TRILOCK SCAPHOID PLATE,C1713,BOTH,1357.99,Highmark,Highmark Commercial PROF,681.69,"This service costs $1357.99 as standard price when patient does not have any insurance.
Same service costs $681.69 if patient has 'Highmark Commercial PROF' insurance plan.",Regional Medical Center,hospital4,19102,Philadelphia,PA,39.9507,-75.1628
TRILOCK SCAPHOID PLATE,C1713,BOTH,1357.99,Highmark,Highmark ACA Products PROF,1251.27,"This service costs $1357.99 as standard price when patient does not have any insurance.
Same service costs $1251.27 if patient has 'Highmark ACA Products PROF' insurance plan.",Regional Medical Center,hospital4,19102,Philadelphia,PA,39.9507,-75.1628
TRILOCK SCAPHOID PLATE,C1713,BOTH,1357.99,,,,Standard charge with no insurance.,Regional Medical Center,hospital4,19102,Philadelphia,PA,39.9507,-75.1628
TRILOCK SCAPHOID PLATE,C1713,BOTH,1357.99,Amerihealth,Amerihealth Medicare,802.2,"This service costs $1357.99 as standard price when patient does not have any insurance.
Same service costs $802.2 if patient has 'Amerihealth Medicare' insurance plan.",Regional Medical Center,hospital4,19102,Philadelphia,PA,39.9507,-75.1628
TRILOCK SCAPHOID PLATE,C1713,BOTH,1357.99,Amerihealth,Amerihealth Medicaid HC,859.09,"This service costs $1357.99 as standard price when patient does not have any insurance.
Same service costs $859.09 if patient has 'Amerihealth Medicaid HC' insurance plan.",Regional Medical Center,hospital4,19102,Philadelphia,PA,39.9507,-75.1628
TRILOCK SCAPHOID PLATE,C1713,BOTH,1357.99,Amerihealth,Amerihealth Commercial,965.73,"This service costs $1357.99 as standard price when patient does not have any insurance.
Same service costs $965.73 if patient has 'Amerihealth Commercial' insurance plan.",Regional Medical Center,hospital4,19102,Philadelphia,PA,39.9507,-75.1628
TRILOCK SCAPHOID PLATE,C1713,BOTH,1357.99,,,,Standard charge with no insurance.,Regional Medical Center,hospital4,19102,Philadelphia,PA,39.9507,-75.1628
TRILOCK SCAPHOID PLATE,C1713,BOTH,1597.51,Aetna,Aetna Commercial,1093.98,"This service costs $1597.51 as standard price when patient does not have any insurance.
Same service costs $1093.98 if patient has 'Aetna Commercial' insurance plan.",Regional Medical Center,hospital4,19102,Philadelphia,PA,39.9507,-75.1628
TRILOCK SCAPHOID PLATE,C1713,BOTH,1597.51,Aetna,Aetna Medicare,1448.35,"This service costs $1597.51 as standard price when patient does not have any insurance.
Same service costs $1448.35 if patient has 'Aetna Medicare' insurance plan.",Regional Medical Center,hospital4,19102,Philadelphia,PA,39.9507,-75.1628
TRILOCK SCAPHOID PLATE,C1713,BOTH,1597.51,Aetna,Aetna Medicaid CHIP,1039.9,"This service costs $1597.51 as standard price when patient does not have any insurance.
Same service costs $1039.9 if patient has 'Aetna Medicaid CHIP' insurance plan.",Regional Medical Center,hospital4,19102,Philadelphia,PA,39.9507,-75.1628
TRILOCK SCAPHOID PLATE,C1713,BOTH,1597.51,,,,Standard charge with no insurance.,Regional Medical Center,hospital4,19102,Philadelphia,PA,39.9507,-75.1628
CHEST X-RAY,71045,BOTH,1949.37,Amerihealth,Amerihealth Medicaid HC,1515.84,"This service costs $1949.37 as standard price when patient does not have any insurance.
Same service costs $1515.84 if patient has 'Amerihealth Medicaid HC' insurance plan.",Regional Medical Center,hospital4,19102,Philadelphia,PA,39.9507,-75.1628
CHEST X-RAY,71045,BOTH,1949.37,Amerihealth,Amerihealth Medicare,1739.61,"This service costs $1949.37 as standard price when patient does not have any insurance.
Same service costs $1739.61 if patient has 'Amerihealth Medicare' insurance plan.",Regional Medical Center,hospital4,19102,Philadelphia,PA,39.9507,-75.1628
CHEST X-RAY,71045,BOTH,1949.37,Amerihealth,Amerihealth Commercial,1557.36,"This service costs $1949.37 as standard price when patient does not have any insurance.
Same service costs $1557.36 if patient has 'Amerihealth Commercial' insurance plan.",Regional Medical Center,hospital4,19102,Philadelphia,PA,39.9507,-75.1628
CHEST X-RAY,71045,BOTH,1949.37,,,,Standard charge with no insurance.,Regional Medical Center,hospital4,19102,Philadelphia,PA,39.9507,-75.1628
CHEST X-RAY,71045,BOTH,1387.92,United Healthcare,United Healthcare CHIP,903.53,"This service costs $1387.92 as standard price when patient does not have any insurance.
Same service costs $903.53 if patient has 'United Healthcare CHIP' insurance plan.",Regional Medical Center,hospital4,19102,Philadelphia,PA,39.9507,-75.1628
CHEST X-RAY,71045,BOTH,1387.92,United Healthcare,United Healthcare Medicaid,902.19,"This service costs $1387.92 as standard price when patient does not have any insurance.
Same service costs $902.19 if patient has 'United Healthcare Medicaid' insurance plan.",Regional Medical Center,hospital4,19102,Philadelphia,PA,39.9507,-75.1628
CHEST X-RAY,71045,BOTH,1387.92,United Healthcare,United Healthcare Commercial,704.5,"This service costs $1387.92 as standard price when patient does not have any insurance.
Same service costs $704.5 if patient has 'United Healthcare Commercial' insurance plan.",Regional Medical Center,hospital4,19102,Philadelphia,PA,39.9507,-75.1628
CHEST X-RAY,71045,BOTH,1387.92,,,,Standard charge with no insurance.,Regional Medical Center,hospital4,19102,Philadelphia,PA,39.9507,-75.1628
CHEST X-RAY,71045,BOTH,1387.92,Highmark,Highmark ACA Products PROF,844.57,"This service costs $1387.92 as standard price when patient does not have any insurance.
Same service costs $844.57 if patient has 'Highmark ACA Products PROF' insurance plan.",Regional Medical Center,hospital4,19102,Philadelphia,PA,39.9507,-75.1628
CHEST X-RAY,71045,BOTH,1387.92,,,,Standard charge with no insurance.,Regional Medical Center,hospital4,19102,Philadelphia,PA,39.9507,-75.1628
CHEST X-RAY,71045,BOTH,1387.92,Humana,Humana Medicare PPO,1311.06,"This service costs $1387.92 as standard price when patient does not have any insurance.
Same service costs $1311.06 if patient has 'Humana Medicare PPO' insurance plan.",Regional Medical Center,hospital4,19102,Philadelphia,PA,39.9507,-75.1628
CHEST X-RAY,71045,BOTH,1387.92,Humana,Humana Medicare HMO,772.24,"This service costs $1387.92 as standard price when patient does not have any insurance.
Same service costs $772.24 if patient has 'Humana Medicare HMO' insurance plan.",Regional Medical Center,hospital4,19102,Philadelphia,PA,39.9507,-75.1628
CHEST X-RAY,71045,BOTH,1387.92,Humana,Humana Commercial,810.5,"This service costs $1387.92 as standard price when patient does not have any insurance.
Same service costs $810.5 if patient has 'Humana Commercial' insurance plan.",Regional Medical Center,hospital4,19102,Philadelphia,PA,39.9507,-75.1628
CHEST X-RAY,71045,BOTH,1387.92,,,,Standard charge with no insurance.,Regional Medical Center,hospital4,19102,Philadelphia,PA,39.9507,-75.1628
COMPLETE BLOOD COUNT,85025,BOTH,1294.64,Humana,Humana Commercial,1137.91,"This service costs $1294.64 as standard price when patient does not have any insurance.
Same service costs $1137.91 if patient has 'Humana Commercial' insurance plan.",Regional Medical Center,hospital4,19102,Philadelphia,PA,39.9507,-75.1628
COMPLETE BLOOD COUNT,85025,BOTH,1294.64,Humana,Humana Medicare PPO,1065.87,"This service costs $1294.64 as standard price when patient does not have any insurance.
Same service costs $1065.87 if patient has 'Humana Medicare PPO' insurance plan.",Regional Medical Center,hospital4,19102,Philadelphia,PA,39.9507,-75.1628
COMPLETE BLOOD COUNT,85025,BOTH,1294.64,,,,Standard charge with no insurance.,Regional Medical Center,hospital4,19102,Philadelphia,PA,39.9507,-75.1628
CHG MRI BRAIN,70551,OUTPATIENT,1823.44,Highmark,Highmark Commercial PROF,1186.92,"This service costs $1823.44 as standard price when patient does not have any insurance.
Same service costs $1186.92 if patient has 'Highmark Commercial PROF' insurance plan.",Regional Medical Center,hospital4,19102,Philadelphia,PA,39.9507,-75.1628
CHG MRI BRAIN,70551,OUTPATIENT,1823.44,,,,Standard charge with no insurance.,Regional Medical Center,hospital4,19102,Philadelphia,PA,39.9507,-75.1628
CHG MRI BRAIN,70551,OUTPATIENT,1823.44,United Healthcare,United Healthcare CHIP,1592.92,"This service costs $1823.44 as standard price when patient does not have any insurance.
Same service costs $1592.92 if patient has 'United Healthcare CHIP' insurance plan.",Regional Medical Center,hospital4,19102,Philadelphia,PA,39.9507,-75.1628
CHG MRI BRAIN,70551,OUTPATIENT,1823.44,,,,Standard charge with no insurance.,Regional Medical Center,hospital4,19102,Philadelphia,PA,39.9507,-75.1628
TRILOCK SCAPHOID PLATE,C1713,BOTH,736.02,Humana,Humana Commercial,385.03,"This service costs $736.02 as standard price when patient does not have any insurance.
Same service costs $385.03 if patient has 'Humana Commercial' insurance plan.",Regional Medical Center,hospital4,19102,Philadelphia,PA,39.9507,-75.1628
TRILOCK SCAPHOID PLATE,C1713,BOTH,736.02,Humana,Humana Medicare HMO,498.46,"This service costs $736.02 as standard price when patient does not have any insurance.
Same service costs $498.46 if patient has 'Humana Medicare HMO' insurance plan.",Regional Medical Center,hospital4,19102,Philadelphia,PA,39.9507,-75.1628
TRILOCK SCAPHOID PLATE,C1713,BOTH,736.02,Humana,Humana Medicare PPO,424.28,"This service costs $736.02 as standard price when patient does not have any insurance.
Same service costs $424.28 if patient has 'Humana Medicare PPO' insurance plan.",Regional Medical Center,hospital4,19102,Philadelphia,PA,39.9507,-75.1628
TRILOCK SCAPHOID PLATE,C1713,BOTH,736.02,,,,Standard charge with no insurance.,Regional Medical Center,hospital4,19102,Philadelphia,PA,39.9507,-75.1628
TRILOCK GRIDPL,C1713,BOTH,58.43,Highmark,Highmark ACA Products PROF,44.59,"This service costs $58.43 as standard price when patient does not have any insurance.
Same service costs $44.59 if patient has 'Highmark ACA Products PROF' insurance plan.",Regional Medical Center,hospital4,19102,Philadelphia,PA,39.9507,-75.1628
TRILOCK GRIDPL,C1713,BOTH,58.43,Highmark,Highmark Medicare,51.1,"This service costs $58.43 as standard price when patient does not have any insurance.
Same service costs $51.1 if patient has 'Highmark Medicare' insurance plan.",Regional Medical Center,hospital4,19102,Philadelphia,PA,39.9507,-75.1628
TRILOCK GRIDPL,C1713,BOTH,58.43,,,,Standard charge with no insurance.,Regional Medical Center,hospital4,19102,Philadelphia,PA,39.9507,-75.1628
ABDOMINAL CT SCAN,74150,BOTH,1047.34,Amerihealth,Amerihealth Medicare,981.93,"This service costs $1047.34 as standard price when patient does not have any insurance.
Same service costs $981.93 if patient has 'Amerihealth Medicare' insurance plan.",Regional Medical Center,hospital4,19102,Philadelphia,PA,39.9507,-75.1628
ABDOMINAL CT SCAN,74150,BOTH,1047.34,Amerihealth,Amerihealth Medicaid HC,680.59,"This service costs $1047.34 as standard price when patient does not have any insurance.
Same service costs $680.59 if patient has 'Amerihealth Medicaid HC' insurance plan.",Regional Medical Center,hospital4,19102,Philadelphia,PA,39.9507,-75.1628
ABDOMINAL CT SCAN,74150,BOTH,1047.34,Amerihealth,Amerihealth Commercial,892.37,"This service costs $1047.34 as standard price when patient does not have any insurance.
Same service costs $892.37 if patient has 'Amerihealth Commercial' insurance plan.",Regional Medical Center,hospital4,19102,Philadelphia,PA,39.9507,-75.1628
ABDOMINAL CT SCAN,74150,BOTH,1047.34,,,,Standard charge with no insurance.,Regional Medical Center,hospital4,19102,Philadelphia,PA,39.9507,-75.1628
ABDOMINAL CT SCAN,74150,BOTH,1047.34,Highmark,Highmark Medicare,751.01,"This service costs $1047.34 as standard price when patient does not have any insurance.
Same service costs $751.01 if patient has 'Highmark Medicare' insurance plan.",Regional Medical Center,hospital4,19102,Philadelphia,PA,39.9507,-75.1628
ABDOMINAL CT SCAN,74150,BOTH,1047.34,Highmark,Highmark ACA Products PROF,871.13,"This service costs $1047.34 as standard price when patient does not have any insurance.
Same service costs $871.13 if patient has 'Highmark ACA Products PROF' insurance plan.",Regional Medical Center,hospital4,19102,Philadelphia,PA,39.9507,-75.1628
ABDOMINAL CT SCAN,74150,BOTH,1047.34,,,,Standard charge with no insurance.,Regional Medical Center,hospital4,19102,Philadelphia,PA,39.9507,-75.1628
ABDOMINAL CT SCAN,74150,BOTH,1047.34,Aetna,Aetna Medicaid CHIP,848.02,"This service costs $1047.34 as standard price when patient does not have any insurance.
Same service costs $848.02 if patient has 'Aetna Medicaid CHIP' insurance plan.",Regional Medical Center,hospital4,19102,Philadelphia,PA,39.9507,-75.1628
ABDOMINAL CT SCAN,74150,BOTH,1047.34,Aetna,Aetna Commercial,979.4,"This service costs $1047.34 as standard price when patient does not have any insurance.
Same service costs $979.4 if patient has 'Aetna Commercial' insurance plan.",Regional Medical Center,hospital4,19102,Philadelphia,PA,39.9507,-75.1628
ABDOMINAL CT SCAN,74150,BOTH,1047.34,Aetna,Aetna Medicare,583.3,"This service costs $1047.34 as standard price when patient does not have any insurance.
Same service costs $583.3 if patient has 'Aetna Medicare' insurance plan.",Regional Medical Center,hospital4,19102,Philadelphia,PA,39.9507,-75.1628
ABDOMINAL CT SCAN,74150,BOTH,1047.34,,,,Standard charge with no insurance.,Regional Medical Center,hospital4,19102,Philadelphia,PA,39.9507,-75.1628
CHG MRI BRAIN,70551,OUTPATIENT,1453.48,Aetna,Aetna Medicaid CHIP,1305.11,"This service costs $1453.48 as standard price when patient does not have any insurance.
Same service costs $1305.11 if patient has 'Aetna Medicaid CHIP' insurance plan.",Regional Medical Center,hospital4,19102,Philadelphia,PA,39.9507,-75.1628
CHG MRI BRAIN,70551,OUTPATIENT,1453.48,Aetna,Aetna Commercial,1114.94,"This service costs $1453.48 as standard price when patient does not have any insurance.
Same service costs $1114.94 if patient has 'Aetna Commercial' insurance plan.",Regional Medical Center,hospital4,19102,Philadelphia,PA,39.9507,-75.1628
CHG MRI BRAIN,70551,OUTPATIENT,1453.48,Aetna,Aetna Medicare,1313.91,"This service costs $1453.48 as standard price when patient does not have any insurance.
Same service costs $1313.91 if patient has 'Aetna Medicare' insurance plan.",Regional Medical Center,hospital4,19102,Philadelphia,PA,39.9507,-75.1628
CHG MRI BRAIN,70551,OUTPATIENT,1453.48,,,,Standard charge with no insurance.,Regional Medical Center,hospital4,19102,Philadelphia,PA,39.9507,-75.1628
CHG MRI BRAIN,70551,OUTPATIENT,1453.48,Amerihealth,Amerihealth Commercial,929.58,"This service costs $1453.48 as standard price when patient does not have any insurance.
Same service costs $929.58 if patient has 'Amerihealth Commercial' insurance plan.",Regional Medical Center,hospital4,19102,Philadelphia,PA,39.9507,-75.1628
CHG MRI BRAIN,70551,OUTPATIENT,1453.48,Amerihealth,Amerihealth Medicaid HC,1235.49,"This service costs $1453.48 as standard price when patient does not have any insurance.
Same service costs $1235.49 if patient has 'Amerihealth Medicaid HC' insurance plan.",Regional Medical Center,hospital4,19102,Philadelphia,PA,39.9507,-75.1628
CHG MRI BRAIN,70551,OUTPATIENT,1453.48,,,,Standard charge with no insurance.,Regional Medical Center,hospital4,19102,Philadelphia,PA,39.9507,-75.1628
TRILOCK SCAPHOID PLATE,C1713,BOTH,1210.21,,,,"Only standard charge and no price with insurance – meaning this service is provided by the hospital directly, and not through any insurance.",Regional Medical Center,hospital4,19102,Philadelphia,PA,39.9507,-75.1628
ACETYLCYSTEINE NON-COMP UNIT,J7608,OUTPATIENT,406.05,United Healthcare,United Healthcare Commercial,310.65,"This service costs $406.05 as standard price when patient does not have any insurance.
Same service costs $310.65 if patient has 'United Healthcare Commercial' insurance plan.",Regional Medical Center,hospital4,19102,Philadelphia,PA,39.9507,-75.1628
ACETYLCYSTEINE NON-COMP UNIT,J7608,INPATIENT,406.05,United Healthcare,United Healthcare Commercial,310.65,"This service costs $406.05 as standard price when patient does not have any insurance.
Same service costs $310.65 if patient has 'United Healthcare Commercial' insurance plan.",Regional Medical Center,hospital4,19102,Philadelphia,PA,39.9507,-75.1628
ACETYLCYSTEINE NON-COMP UNIT,J7608,OUTPATIENT,406.05,United Healthcare,United Healthcare Medicaid,207.75,"This service costs $406.05 as standard price when patient does not have any insurance.
Same service costs $207.75 if patient has 'United Healthcare Medicaid' insurance plan.",Regional Medical Center,hospital4,19102,Philadelphia,PA,39.9507,-75.1628
ACETYLCYSTEINE NON-COMP UNIT,J7608,INPATIENT,406.05,United Healthcare,United Healthcare Medicaid,207.75,"This service costs $406.05 as standard price when patient does not have any insurance.
Same service costs $207.75 if patient has 'United Healthcare Medicaid' insurance plan.",Regional Medical Center,hospital4,19102,Philadelphia,PA,39.9507,-75.1628
ACETYLCYSTEINE NON-COMP UNIT,J7608,OUTPATIENT,406.05,,,,Standard charge with no insurance.,Regional Medical Center,hospital4,19102,Philadelphia,PA,39.9507,-75.1628
ACETYLCYSTEINE NON-COMP UNIT,J7608,INPATIENT,406.05,,,,Standard charge with no insurance.,Regional Medical Center,hospital4,19102,Philadelphia,PA,39.9507,-75.1628
1 CC STERILE SYRINGE&NEEDLE,A4206,INPATIENT,929.09,Amerihealth,Amerihealth Medicare,538.82,"This service costs $929.09 as standard price when patient does not have any insurance.
Same service costs $538.82 if patient has 'Amerihealth Medicare' insurance plan.",Regional Medical Center,hospital4,19102,Philadelphia,PA,39.9507,-75.1628
1 CC STERILE SYRINGE&NEEDLE,A4206,OUTPATIENT,929.09,Amerihealth,Amerihealth Medicare,538.82,"This service costs $929.09 as standard price when patient does not have any insurance.
Same service costs $538.82 if patient has 'Amerihealth Medicare' insurance plan.",Regional Medical Center,hospital4,19102,Philadelphia,PA,39.9507,-75.1628
1 CC STERILE SYRINGE&NEEDLE,A4206,INPATIENT,929.09,Amerihealth,Amerihealth Medicaid HC,706.36,"This service costs $929.09 as standard price when patient does not have any insurance.
Same service costs $706.36 if patient has 'Amerihealth Medicaid HC' insurance plan.",Regional Medical Center,hospital4,19102,Philadelphia,PA,39.9507,-75.1628
1 CC STERILE SYRINGE&NEEDLE,A4206,OUTPATIENT,929.09,Amerihealth,Amerihealth Medicaid HC,706.36,"This service costs $929.09 as standard price when patient does not have any insurance.
Same service costs $706.36 if patient has 'Amerihealth Medicaid HC' insurance plan.",Regional Medical Center,hospital4,19102,Philadelphia,PA,39.9507,-75.1628
1 CC STERILE SYRINGE&NEEDLE,A4206,INPATIENT,929.09,Amerihealth,Amerihealth Commercial,756.71,"This service costs $929.09 as standard price when patient does not have any insurance.
Same service costs $756.71 if patient has 'Amerihealth Commercial' insurance plan.",Regional Medical Center,hospital4,19102,Philadelphia,PA,39.9507,-75.1628
1 CC STERILE SYRINGE&NEEDLE,A4206,OUTPATIENT,929.09,Amerihealth,Amerihealth Commercial,756.71,"This service costs $929.09 as standard price when patient does not have any insurance.
Same service costs $756.71 if patient has 'Amerihealth Commercial' insurance plan.",Regional Medical Center,hospital4,19102,Philadelphia,PA,39.9507,-75.1628
1 CC STERILE SYRINGE&NEEDLE,A4206,INPATIENT,929.09,,,,Standard charge with no insurance.,Regional Medical Center,hospital4,19102,Philadelphia,PA,39.9507,-75.1628
1 CC STERILE SYRINGE&NEEDLE,A4206,OUTPATIENT,929.09,,,,Standard charge with no insurance.,Regional Medical Center,hospital4,19102,Philadelphia,PA,39.9507,-75.1628
1 CC STERILE SYRINGE&NEEDLE,A4206,INPATIENT,929.09,Aetna,Aetna Commercial,580.46,"This service costs $929.09 as standard price when patient does not have any insurance.
Same service costs $580.46 if patient has 'Aetna Commercial' insurance plan.",Regional Medical Center,hospital4,19102,Philadelphia,PA,39.9507,-75.1628
1 CC STERILE SYRINGE&NEEDLE,A4206,OUTPATIENT,929.09,Aetna,Aetna Commercial,580.46,"This service costs $929.09 as standard price when patient does not have any insurance.
Same service costs $580.46 if patient has 'Aetna Commercial' insurance plan.",Regional Medical Center,hospital4,19102,Philadelphia,PA,39.9507,-75.1628
1 CC STERILE SYRINGE&NEEDLE,A4206,INPATIENT,929.09,Aetna,Aetna Medicaid CHIP,490.55,"This service costs $929.09 as standard price when patient does not have any insurance.
Same service costs $490.55 if patient has 'Aetna Medicaid CHIP' insurance plan.",Regional Medical Center,hospital4,19102,Philadelphia,PA,39.9507,-75.1628
1 CC STERILE SYRINGE&NEEDLE,A4206,OUTPATIENT,929.09,Aetna,Aetna Medicaid CHIP,490.55,"This service costs $929.09 as standard price when patient does not have any insurance.
Same service costs $490.55 if patient has 'Aetna Medicaid CHIP' insurance plan.",Regional Medical Center,hospital4,19102,Philadelphia,PA,39.9507,-75.1628
1 CC STERILE SYRINGE&NEEDLE,A4206,INPATIENT,929.09,,,,Standard charge with no insurance.,Regional Medical Center,hospital4,19102,Philadelphia,PA,39.9507,-75.1628
1 CC STERILE SYRINGE&NEEDLE,A4206,OUTPATIENT,929.09,,,,Standard charge with no insurance.,Regional Medical Center,hospital4,19102,Philadelphia,PA,39.9507,-75.1628
1 CC STERILE SYRINGE&NEEDLE,A4206,INPATIENT,929.09,Humana,Humana Medicare PPO,791.89,"This service costs $929.09 as standard price when patient does not have any insurance.
Same service costs $791.89 if patient has 'Humana Medicare PPO' insurance plan.",Regional Medical Center,hospital4,19102,Philadelphia,PA,39.9507,-75.1628
1 CC STERILE SYRINGE&NEEDLE,A4206,OUTPATIENT,929.09,Humana,Humana Medicare PPO,791.89,"This service costs $929.09 as standard price when patient does not have any insurance.
Same service costs $791.89 if patient has 'Humana Medicare PPO' insurance plan.",Regional Medical Center,hospital4,19102,Philadelphia,PA,39.9507,-75.1628
1 CC STERILE SYRINGE&NEEDLE,A4206,INPATIENT,929.09,Humana,Humana Medicare HMO,831.17,"This service costs $929.09 as standard price when patient does not have any insurance.
Same service costs $831.17 if patient has 'Humana Medicare HMO' insurance plan.",Regional Medical Center,hospital4,19102,Philadelphia,PA,39.9507,-75.1628
1 CC STERILE SYRINGE&NEEDLE,A4206,OUTPATIENT,929.09,Humana,Humana Medicare HMO,831.17,"This service costs $929.09 as standard price when patient does not have any insurance.
Same service costs $831.17 if patient has 'Humana Medicare HMO' insurance plan.",Regional Medical Center,hospital4,19102,Philadelphia,PA,39.9507,-75.1628
1 CC STERILE SYRINGE&NEEDLE,A4206,INPATIENT,929.09,Humana,Humana Commercial,479.98,"This service costs $929.09 as standard price when patient does not have any insurance.
Same service costs $479.98 if patient has 'Humana Commercial' insurance plan.",Regional Medical Center,hospital4,19102,Philadelphia,PA,39.9507,-75.1628
1 CC STERILE SYRINGE&NEEDLE,A4206,OUTPATIENT,929.09,Humana,Humana Commercial,479.98,"This service costs $929.09 as standard price when patient does not have any insurance.
Same service costs $479.98 if patient has 'Humana Commercial' insurance plan.",Regional Medical Center,hospital4,19102,Philadelphia,PA,39.9507,-75.1628
1 CC STERILE SYRINGE&NEEDLE,A4206,INPATIENT,929.09,,,,Standard charge with no insurance.,Regional Medical Center,hospital4,19102,Philadelphia,PA,39.9507,-75.1628
1 CC STERILE SYRINGE&NEEDLE,A4206,OUTPATIENT,929.09,,,,Standard charge with no insurance.,Regional Medical Center,hospital4,19102,Philadelphia,PA,39.9507,-75.1628
BASIC METABOLIC PANEL,80048,BOTH,1494.85,,,,"Only standard charge and no price with insurance – meaning this service is provided by the hospital directly, and not through any insurance.",Regional Medical Center,hospital4,19102,Philadelphia,PA,39.9507,-75.1628
TRILOCK GRIDPL,C1713,BOTH,1540.49,,,,"Only standard charge and no price with insurance – meaning this service is provided by the hospital directly, and not through any insurance.",Regional Medical Center,hospital4,19102,Philadelphia,PA,39.9507,-75.1628
2D ECHO,93306,OUTPATIENT,367.9,,,,"Only standard charge and no price with insurance – meaning this service is provided by the hospital directly, and not through any insurance.",Regional Medical Center,hospital4,19102,Philadelphia,PA,39.9507,-75.1628
TRILOCK GRIDPL,C1713,BOTH,1637.66,Highmark,Highmark Commercial PROF,928.04,"This service costs $1637.66 as standard price when patient does not have any insurance.
Same service costs $928.04 if patient has 'Highmark Commercial PROF' insurance plan.",Regional Medical Center,hospital4,19102,Philadelphia,PA,39.9507,-75.1628
TRILOCK GRIDPL,C1713,BOTH,1637.66,,,,Standard charge with no insurance.,Regional Medical Center,hospital4,19102,Philadelphia,PA,39.9507,-75.1628
ABDOMINAL CT SCAN,74150,BOTH,493.45,United Healthcare,United Healthcare Medicaid,364.95,"This service costs $493.45 as standard price when patient does not have any insurance.
Same service costs $364.95 if patient has 'United Healthcare Medicaid' insurance plan.",Regional Medical Center,hospital4,19102,Philadelphia,PA,39.9507,-75.1628
ABDOMINAL CT SCAN,74150,BOTH,493.45,,,,Standard charge with no insurance.,Regional Medical Center,hospital4,19102,Philadelphia,PA,39.9507,-75.1628
BASIC METABOLIC PANEL,80048,BOTH,1193.08,United Healthcare,United Healthcare Medicaid,945.21,"This service costs $1193.08 as standard price when patient does not have any insurance.
Same service costs $945.21 if patient has 'United Healthcare Medicaid' insurance plan.",Regional Medical Center,hospital4,19102,Philadelphia,PA,39.9507,-75.1628
BASIC METABOLIC PANEL,80048,BOTH,1193.08,,,,Standard charge with no insurance.,Regional Medical Center,hospital4,19102,Philadelphia,PA,39.9507,-75.1628
CHEST X-RAY,71045,BOTH,1683.03,,,,"Only standard charge and no price with insurance – meaning this service is provided by the hospital directly, and not through any insurance.",Regional Medical Center,hospital4,19102,Philadelphia,PA,39.9507,-75.1628
TRILOCK SCAPHOID PLATE,C1713,BOTH,1072.33,,,,"Only standard charge and no price with insurance – meaning this service is provided by the hospital directly, and not through any insurance.",Regional Medical Center,hospital4,19102,Philadelphia,PA,39.9507,-75.1628
CHEST X-RAY,71045,BOTH,875.65,United Healthcare,United Healthcare CHIP,673.83,"This service costs $875.65 as standard price when patient does not have any insurance.
Same service costs $673.83 if patient has 'United Healthcare CHIP' insurance plan.",Regional Medical Center,hospital4,19102,Philadelphia,PA,39.9507,-75.1628
CHEST X-RAY,71045,BOTH,875.65,United Healthcare,United Healthcare Commercial,567.14,"This service costs $875.65 as standard price when patient does not have any insurance.
Same service costs $567.14 if patient has 'United Healthcare Commercial' insurance plan.",Regional Medical Center,hospital4,19102,Philadelphia,PA,39.9507,-75.1628
CHEST X-RAY,71045,BOTH,875.65,United Healthcare,United Healthcare Medicaid,549.13,"This service costs $875.65 as standard price when patient does not have any insurance.
Same service costs $549.13 if patient has 'United Healthcare Medicaid' insurance plan.",Regional Medical Center,hospital4,19102,Philadelphia,PA,39.9507,-75.1628
CHEST X-RAY,71045,BOTH,875.65,,,,Standard charge with no insurance.,Regional Medical Center,hospital4,19102,Philadelphia,PA,39.9507,-75.1628
CHEST X-RAY,71045,BOTH,875.65,Highmark,Highmark ACA Products PROF,740.68,"This service costs $875.65 as standard price when patient does not have any insurance.
Same service costs $740.68 if patient has 'Highmark ACA Products PROF' insurance plan.",Regional Medical Center,hospital4,19102,Philadelphia,PA,39.9507,-75.1628
CHEST X-RAY,71045,BOTH,875.65,Highmark,Highmark Medicare,632.77,"This service costs $875.65 as standard price when patient does not have any insurance.
Same service costs $632.77 if patient has 'Highmark Medicare' insurance plan.",Regional Medical Center,hospital4,19102,Philadelphia,PA,39.9507,-75.1628
CHEST X-RAY,71045,BOTH,875.65,Highmark,Highmark Commercial PROF,790.26,"This service costs $875.65 as standard price when patient does not have any insurance.
Same service costs $790.26 if patient has 'Highmark Commercial PROF' insurance plan.",Regional Medical Center,hospital4,19102,Philadelphia,PA,39.9507,-75.1628
CHEST X-RAY,71045,BOTH,875.65,,,,Standard charge with no insurance.,Regional Medical Center,hospital4,19102,Philadelphia,PA,39.9507,-75.1628
CHEST X-RAY,71045,BOTH,875.65,Amerihealth,Amerihealth Medicare,458.32,"This service costs $875.65 as standard price when patient does not have any insurance.
Same service costs $458.32 if patient has 'Amerihealth Medicare' insurance plan.",Regional Medical Center,hospital4,19102,Philadelphia,PA,39.9507,-75.1628
CHEST X-RAY,71045,BOTH,875.65,Amerihealth,Amerihealth Commercial,652.78,"This service costs $875.65 as standard price when patient does not have any insurance.
Same service costs $652.78 if patient has 'Amerihealth Commercial' insurance plan.",Regional Medical Center,hospital4,19102,Philadelphia,PA,39.9507,-75.1628
CHEST X-RAY,71045,BOTH,875.65,,,,Standard charge with no insurance.,Regional Medical Center,hospital4,19102,Philadelphia,PA,39.9507,-75.1628
CHEST X-RAY,71045,BOTH,1308.37,Humana,Humana Commercial,760.9,"This service costs $1308.37 as standard price when patient does not have any insurance.
Same service costs $760.9 if patient has 'Humana Commercial' insurance plan.",University Hospital,hospital5,19146,Philadelphia,PA,39.9432,-75.1855
CHEST X-RAY,71045,BOTH,1308.37,,,,Standard charge with no insurance.,University Hospital,hospital5,19146,Philadelphia,PA,39.9432,-75.1855
COMPLETE BLOOD COUNT,85025,BOTH,1661.79,Amerihealth,Amerihealth Medicare,930.35,"This service costs $1661.79 as standard price when patient does not have any insurance.
Same service costs $930.35 if patient has 'Amerihealth Medicare' insurance plan.",University Hospital,hospital5,19146,Philadelphia,PA,39.9432,-75.1855
COMPLETE BLOOD COUNT,85025,BOTH,1661.79,,,,Standard charge with no insurance.,University Hospital,hospital5,19146,Philadelphia,PA,39.9432,-75.1855
COMPLETE BLOOD COUNT,85025,BOTH,1661.79,Humana,Humana Medicare HMO,1240.43,"This service costs $1661.79 as standard price when patient does not have any insurance.
Same service costs $1240.43 if patient has 'Humana Medicare HMO' insurance plan.",University Hospital,hospital5,19146,Philadelphia,PA,39.9432,-75.1855
COMPLETE BLOOD COUNT,85025,BOTH,1661.79,Humana,Humana Medicare PPO,1223.26,"This service costs $1661.79 as standard price when patient does not have any insurance.
Same service costs $1223.26 if patient has 'Humana Medicare PPO' insurance plan.",University Hospital,hospital5,19146,Philadelphia,PA,39.9432,-75.1855
COMPLETE BLOOD COUNT,85025,BOTH,1661.79,Humana,Humana Commercial,1511.86,"This service costs $1661.79 as standard price when patient does not have any insurance.
Same service costs $1511.86 if patient has 'Humana Commercial' insurance plan.",University Hospital,hospital5,19146,Philadelphia,PA,39.9432,-75.1855
COMPLETE BLOOD COUNT,85025,BOTH,1661.79,,,,Standard charge with no insurance.,University Hospital,hospital5,19146,Philadelphia,PA,39.9432,-75.1855
COMPLETE BLOOD COUNT,85025,BOTH,1661.79,United Healthcare,United Healthcare CHIP,1268.16,"This service costs $1661.79 as standard price when patient does not have any insurance.
Same service costs $1268.16 if patient has 'United Healthcare CHIP' insurance plan.",University Hospital,hospital5,19146,Philadelphia,PA,39.9432,-75.1855
COMPLETE BLOOD COUNT,85025,BOTH,1661.79,United Healthcare,United Healthcare Medicaid,1161.24,"This service costs $1661.79 as standard price when patient does not have any insurance.
Same service costs $1161.24 if patient has 'United Healthcare Medicaid' insurance plan.",University Hospital,hospital5,19146,Philadelphia,PA,39.9432,-75.1855
COMPLETE BLOOD COUNT,85025,BOTH,1661.79,,,,Standard charge with no insurance.,University Hospital,hospital5,19146,Philadelphia,PA,39.9432,-75.1855
2D ECHO,93306,OUTPATIENT,1215.73,Humana,Humana Commercial,900.58,"This service costs $1215.73 as standard price when patient does not have any insurance.
Same service costs $900.58 if patient has 'Humana Commercial' insurance plan.",University Hospital,hospital5,19146,Philadelphia,PA,39.9432,-75.1855
2D ECHO,93306,OUTPATIENT,1215.73,,,,Standard charge with no insurance.,University Hospital,hospital5,19146,Philadelphia,PA,39.9432,-75.1855
1 CC STERILE SYRINGE&NEEDLE,A4206,INPATIENT,1980.37,Humana,Humana Medicare PPO,1413.64,"This service costs $1980.37 as standard price when patient does not have any insurance.
Same service costs $1413.64 if patient has 'Humana Medicare PPO' insurance plan.",University Hospital,hospital5,19146,Philadelphia,PA,39.9432,-75.1855
1 CC STERILE SYRINGE&NEEDLE,A4206,OUTPATIENT,1980.37,Humana,Humana Medicare PPO,1413.64,"This service costs $1980.37 as standard price when patient does not have any insurance.
Same service costs $1413.64 if patient has 'Humana Medicare PPO' insurance plan.",University Hospital,hospital5,19146,Philadelphia,PA,39.9432,-75.1855
1 CC STERILE SYRINGE&NEEDLE,A4206,INPATIENT,1980.37,Humana,Humana Commercial,1387.38,"This service costs $1980.37 as standard price when patient does not have any insurance.
Same service costs $1387.38 if patient has 'Humana Commercial' insurance plan.",University Hospital,hospital5,19146,Philadelphia,PA,39.9432,-75.1855
1 CC STERILE SYRINGE&NEEDLE,A4206,OUTPATIENT,1980.37,Humana,Humana Commercial,1387.38,"This service costs $1980.37 as standard price when patient does not have any insurance.
Same service costs $1387.38 if patient has 'Humana Commercial' insurance plan.",University Hospital,hospital5,19146,Philadelphia,PA,39.9432,-75.1855
1 CC STERILE SYRINGE&NEEDLE,A4206,INPATIENT,1980.37,,,,Standard charge with no insurance.,University Hospital,hospital5,19146,Philadelphia,PA,39.9432,-75.1855
1 CC STERILE SYRINGE&NEEDLE,A4206,OUTPATIENT,1980.37,,,,Standard charge with no insurance.,University Hospital,hospital5,19146,Philadelphia,PA,39.9432,-75.1855
1 CC STERILE SYRINGE&NEEDLE,A4206,INPATIENT,1980.37,United Healthcare,United Healthcare Commercial,1094.22,"This service costs $1980.37 as standard price when patient does not have any insurance.
Same service costs $1094.22 if patient has 'United Healthcare Commercial' insurance plan.",University Hospital,hospital5,19146,Philadelphia,PA,39.9432,-75.1855
1 CC STERILE SYRINGE&NEEDLE,A4206,OUTPATIENT,1980.37,United Healthcare,United Healthcare Commercial,1094.22,"This service costs $1980.37 as standard price when patient does not have any insurance.
Same service costs $1094.22 if patient has 'United Healthcare Commercial' insurance plan.",University Hospital,hospital5,19146,Philadelphia,PA,39.9432,-75.1855
1 CC STERILE SYRINGE&NEEDLE,A4206,INPATIENT,1980.37,United Healthcare,United Healthcare Medicaid,1479.13,"This service costs $1980.37 as standard price when patient does not have any insurance.
Same service costs $1479.13 if patient has 'United Healthcare Medicaid' insurance plan.",University Hospital,hospital5,19146,Philadelphia,PA,39.9432,-75.1855
1 CC STERILE SYRINGE&NEEDLE,A4206,OUTPATIENT,1980.37,United Healthcare,United Healthcare Medicaid,1479.13,"This service costs $1980.37 as standard price when patient does not have any insurance.
Same service costs $1479.13 if patient has 'United Healthcare Medicaid' insurance plan.",University Hospital,hospital5,19146,Philadelphia,PA,39.9432,-75.1855
1 CC STERILE SYRINGE&NEEDLE,A4206,INPATIENT,1980.37,United Healthcare,United Healthcare CHIP,1746.95,"This service costs $1980.37 as standard price when patient does not have any insurance.
Same service costs $1746.95 if patient has 'United Healthcare CHIP' insurance plan.",University Hospital,hospital5,19146,Philadelphia,PA,39.9432,-75.1855
1 CC STERILE SYRINGE&NEEDLE,A4206,OUTPATIENT,1980.37,United Healthcare,United Healthcare CHIP,1746.95,"This service costs $1980.37 as standard price when patient does not have any insurance.
Same service costs $1746.95 if patient has 'United Healthcare CHIP' insurance plan.",University Hospital,hospital5,19146,Philadelphia,PA,39.9432,-75.1855
1 CC STERILE SYRINGE&NEEDLE,A4206,INPATIENT,1980.37,,,,Standard charge with no insurance.,University Hospital,hospital5,19146,Philadelphia,PA,39.9432,-75.1855
1 CC STERILE SYRINGE&NEEDLE,A4206,OUTPATIENT,1980.37,,,,Standard charge with no insurance.,University Hospital,hospital5,19146,Philadelphia,PA,39.9432,-75.1855
CHG MRI BRAIN,70551,OUTPATIENT,1400.14,United Healthcare,United Healthcare Medicaid,946.31,"This service costs $1400.14 as standard price when patient does not have any insurance.
Same service costs $946.31 if patient has 'United Healthcare Medicaid' insurance plan.",University Hospital,hospital5,19146,Philadelphia,PA,39.9432,-75.1855
CHG MRI BRAIN,70551,OUTPATIENT,1400.14,United Healthcare,United Healthcare CHIP,1073.91,"This service costs $1400.14 as standard price when patient does not have any insurance.
Same service costs $1073.91 if patient has 'United Healthcare CHIP' insurance plan.",University Hospital,hospital5,19146,Philadelphia,PA,39.9432,-75.1855
CHG MRI BRAIN,70551,OUTPATIENT,1400.14,,,,Standard charge with no insurance.,University Hospital,hospital5,19146,Philadelphia,PA,39.9432,-75.1855
CHG MRI BRAIN,70551,OUTPATIENT,1400.14,Amerihealth,Amerihealth Medicaid HC,847.64,"This service costs $1400.14 as standard price when patient does not have any insurance.
Same service costs $847.64 if patient has 'Amerihealth Medicaid HC' insurance plan.",University Hospital,hospital5,19146,Philadelphia,PA,39.9432,-75.1855
CHG MRI BRAIN,70551,OUTPATIENT,1400.14,,,,Standard charge with no insurance.,University Hospital,hospital5,19146,Philadelphia,PA,39.9432,-75.1855
CHG MRI BRAIN,70551,OUTPATIENT,1400.14,Highmark,Highmark Medicare,1222.98,"This service costs $1400.14 as standard price when patient does not have any insurance.
Same service costs $1222.98 if patient has 'Highmark Medicare' insurance plan.",University Hospital,hospital5,19146,Philadelphia,PA,39.9432,-75.1855
CHG MRI BRAIN,70551,OUTPATIENT,1400.14,,,,Standard charge with no insurance.,University Hospital,hospital5,19146,Philadelphia,PA,39.9432,-75.1855
ACETYLCYSTEINE NON-COMP UNIT,J7608,OUTPATIENT,1331.97,,,,"Only standard charge and no price with insurance – meaning this service is provided by the hospital directly, and not through any insurance.",University Hospital,hospital5,19146,Philadelphia,PA,39.9432,-75.1855
ACETYLCYSTEINE NON-COMP UNIT,J7608,INPATIENT,1331.97,,,,"Only standard charge and no price with insurance – meaning this service is provided by the hospital directly, and not through any insurance.",University Hospital,hospital5,19146,Philadelphia,PA,39.9432,-75.1855
TRILOCK GRIDPL,C1713,BOTH,1209.48,,,,"Only standard charge and no price with insurance – meaning this service is provided by the hospital directly, and not through any insurance.",University Hospital,hospital5,19146,Philadelphia,PA,39.9432,-75.1855
TRILOCK SCAPHOID PLATE,C1713,BOTH,477.84,Aetna,Aetna Medicaid CHIP,280.56,"This service costs $477.84 as standard price when patient does not have any insurance.
Same service costs $280.56 if patient has 'Aetna Medicaid CHIP' insurance plan.",University Hospital,hospital5,19146,Philadelphia,PA,39.9432,-75.1855
TRILOCK SCAPHOID PLATE,C1713,BOTH,477.84,Aetna,Aetna Medicare,298.69,"This service costs $477.84 as standard price when patient does not have any insurance.
Same service costs $298.69 if patient has 'Aetna Medicare' insurance plan.",University Hospital,hospital5,19146,Philadelphia,PA,39.9432,-75.1855
TRILOCK SCAPHOID PLATE,C1713,BOTH,477.84,,,,Standard charge with no insurance.,University Hospital,hospital5,19146,Philadelphia,PA,39.9432,-75.1855
ABDOMINAL CT SCAN,74150,BOTH,739.79,Aetna,Aetna Medicaid CHIP,601.3,"This service costs $739.79 as standard price when patient does not have any insurance.
Same service costs $601.3 if patient has 'Aetna Medicaid CHIP' insurance plan.",University Hospital,hospital5,19146,Philadelphia,PA,39.9432,-75.1855
ABDOMINAL CT SCAN,74150,BOTH,739.79,Aetna,Aetna Commercial,628.94,"This service costs $739.79 as standard price when patient does not have any insurance.
Same service costs $628.94 if patient has 'Aetna Commercial' insurance plan.",University Hospital,hospital5,19146,Philadelphia,PA,39.9432,-75.1855
ABDOMINAL CT SCAN,74150,BOTH,739.79,Aetna,Aetna Medicare,701.39,"This service costs $739.79 as standard price when patient does not have any insurance.
Same service costs $701.39 if patient has 'Aetna Medicare' insurance plan.",University Hospital,hospital5,19146,Philadelphia,PA,39.9432,-75.1855
ABDOMINAL CT SCAN,74150,BOTH,739.79,,,,Standard charge with no insurance.,University Hospital,hospital5,19146,Philadelphia,PA,39.9432,-75.1855
ABDOMINAL CT SCAN,74150,BOTH,739.79,United Healthcare,United Healthcare Medicaid,561.9,"This service costs $739.79 as standard price when patient does not have any insurance.
Same service costs $561.9 if patient has 'United Healthcare Medicaid' insurance plan.",University Hospital,hospital5,19146,Philadelphia,PA,39.9432,-75.1855
ABDOMINAL CT SCAN,74150,BOTH,739.79,United Healthcare,United Healthcare Commercial,494.52,"This service costs $739.79 as standard price when patient does not have any insurance.
Same service costs $494.52 if patient has 'United Healthcare Commercial' insurance plan.",University Hospital,hospital5,19146,Philadelphia,PA,39.9432,-75.1855
ABDOMINAL CT SCAN,74150,BOTH,739.79,,,,Standard charge with no insurance.,University Hospital,hospital5,19146,Philadelphia,PA,39.9432,-75.1855
ABDOMINAL CT SCAN,74150,BOTH,739.79,Humana,Humana Commercial,701.17,"This service costs $739.79 as standard price when patient does not have any insurance.
Same service costs $701.17 if patient has 'Humana Commercial' insurance plan.",University Hospital,hospital5,19146,Philadelphia,PA,39.9432,-75.1855
ABDOMINAL CT SCAN,74150,BOTH,739.79,,,,Standard charge with no insurance.,University Hospital,hospital5,19146,Philadelphia,PA,39.9432,-75.1855
BASIC METABOLIC PANEL,80048,BOTH,348.69,United Healthcare,United Healthcare Medicaid,195.84,"This service costs $348.69 as standard price when patient does not have any insurance.
Same service costs $195.84 if patient has 'United Healthcare Medicaid' insurance plan.",University Hospital,hospital5,19146,Philadelphia,PA,39.9432,-75.1855
BASIC METABOLIC PANEL,80048,BOTH,348.69,United Healthcare,United Healthcare CHIP,249.61,"This service costs $348.69 as standard price when patient does not have any insurance.
Same service costs $249.61 if patient has 'United Healthcare CHIP' insurance plan.",University Hospital,hospital5,19146,Philadelphia,PA,39.9432,-75.1855
BASIC METABOLIC PANEL,80048,BOTH,348.69,United Healthcare,United Healthcare Commercial,188.27,"This service costs $348.69 as standard price when patient does not have any insurance.
Same service costs $188.27 if patient has 'United Healthcare Commercial' insurance plan.",University Hospital,hospital5,19146,Philadelphia,PA,39.9432,-75.1855
BASIC METABOLIC PANEL,80048,BOTH,348.69,,,,Standard charge with no insurance.,University Hospital,hospital5,19146,Philadelphia,PA,39.9432,-75.1855
BASIC METABOLIC PANEL,80048,BOTH,348.69,Humana,Humana Commercial,174.61,"This service costs $348.69 as standard price when patient does not have any insurance.
Same service costs $174.61 if patient has 'Humana Commercial' insurance plan.",University Hospital,hospital5,19146,Philadelphia,PA,39.9432,-75.1855
BASIC METABOLIC PANEL,80048,BOTH,348.69,Humana,Humana Medicare PPO,308.57,"This service costs $348.69 as standard price when patient does not have any insurance.
Same service costs $308.57 if patient has 'Humana Medicare PPO' insurance plan.",University Hospital,hospital5,19146,Philadelphia,PA,39.9432,-75.1855
BASIC METABOLIC PANEL,80048,BOTH,348.69,,,,Standard charge with no insurance.,University Hospital,hospital5,19146,Philadelphia,PA,39.9432,-75.1855
BASIC METABOLIC PANEL,80048,BOTH,348.69,Aetna,Aetna Medicare,200.21,"This service costs $348.69 as standard price when patient does not have any insurance.
Same service costs $200.21 if patient has 'Aetna Medicare' insurance plan.",University Hospital,hospital5,19146,Philadelphia,PA,39.9432,-75.1855
BASIC METABOLIC PANEL,80048,BOTH,348.69,Aetna,Aetna Medicaid CHIP,193.66,"This service costs $348.69 as standard price when patient does not have any insurance.
Same service costs $193.66 if patient has 'Aetna Medicaid CHIP' insurance plan.",University Hospital,hospital5,19146,Philadelphia,PA,39.9432,-75.1855
BASIC METABOLIC PANEL,80048,BOTH,348.69,,,,Standard charge with no insurance.,University Hospital,hospital5,19146,Philadelphia,PA,39.9432,-75.1855
TRILOCK GRIDPL,C1713,BOTH,438.35,,,,"Only standard charge and no price with insurance – meaning this service is provided by the hospital directly, and not through any insurance.",University Hospital,hospital5,19146,Philadelphia,PA,39.9432,-75.1855
CHEST X-RAY,71045,BOTH,516.9,Aetna,Aetna Commercial,451.66,"This service costs $516.9 as standard price when patient does not have any insurance.
Same service costs $451.66 if patient has 'Aetna Commercial' insurance plan.",University Hospital,hospital5,19146,Philadelphia,PA,39.9432,-75.1855
CHEST X-RAY,71045,BOTH,516.9,Aetna,Aetna Medicare,277.65,"This service costs $516.9 as standard price when patient does not have any insurance.
Same service costs $277.65 if patient has 'Aetna Medicare' insurance plan.",University Hospital,hospital5,19146,Philadelphia,PA,39.9432,-75.1855
CHEST X-RAY,71045,BOTH,516.9,Aetna,Aetna Medicaid CHIP,388.92,"This service costs $516.9 as standard price when patient does not have any insurance.
Same service costs $388.92 if patient has 'Aetna Medicaid CHIP' insurance plan.",University Hospital,hospital5,19146,Philadelphia,PA,39.9432,-75.1855
CHEST X-RAY,71045,BOTH,516.9,,,,Standard charge with no insurance.,University Hospital,hospital5,19146,Philadelphia,PA,39.9432,-75.1855
TRILOCK GRIDPL,C1713,BOTH,766.68,Highmark,Highmark ACA Products PROF,391.35,"This service costs $766.68 as standard price when patient does not have any insurance.
Same service costs $391.35 if patient has 'Highmark ACA Products PROF' insurance plan.",University Hospital,hospital5,19146,Philadelphia,PA,39.9432,-75.1855
TRILOCK GRIDPL,C1713,BOTH,766.68,,,,Standard charge with no insurance.,University Hospital,hospital5,19146,Philadelphia,PA,39.9432,-75.1855
TRILOCK GRIDPL,C1713,BOTH,766.68,Humana,Humana Medicare PPO,525.9,"This service costs $766.68 as standard price when patient does not have any insurance.
Same service costs $525.9 if patient has 'Humana Medicare PPO' insurance plan.",University Hospital,hospital5,19146,Philadelphia,PA,39.9432,-75.1855
TRILOCK GRIDPL,C1713,BOTH,766.68,,,,Standard charge with no insurance.,University Hospital,hospital5,19146,Philadelphia,PA,39.9432,-75.1855
BASIC METABOLIC PANEL,80048,BOTH,1329.0,Amerihealth,Amerihealth Medicaid HC,986.43,"This service costs $1329.0 as standard price when patient does not have any insurance.
Same service costs $986.43 if patient has 'Amerihealth Medicaid HC' insurance plan.",University Hospital,hospital5,19146,Philadelphia,PA,39.9432,-75.1855
BASIC METABOLIC PANEL,80048,BOTH,1329.0,,,,Standard charge with no insurance.,University Hospital,hospital5,19146,Philadelphia,PA,39.9432,-75.1855
BASIC METABOLIC PANEL,80048,BOTH,1329.0,United Healthcare,United Healthcare Medicaid,795.65,"This service costs $1329.0 as standard price when patient does not have any insurance.
Same service costs $795.65 if patient has 'United Healthcare Medicaid' insurance plan.",University Hospital,hospital5,19146,Philadelphia,PA,39.9432,-75.1855
BASIC METABOLIC PANEL,80048,BOTH,1329.0,United Healthcare,United Healthcare CHIP,833.93,"This service costs $1329.0 as standard price when patient does not have any insurance.
Same service costs $833.93 if patient has 'United Healthcare CHIP' insurance plan.",University Hospital,hospital5,19146,Philadelphia,PA,39.9432,-75.1855
BASIC METABOLIC PANEL,80048,BOTH,1329.0,United Healthcare,United Healthcare Commercial,827.61,"This service costs $1329.0 as standard price when patient does not have any insurance.
Same service costs $827.61 if patient has 'United Healthcare Commercial' insurance plan.",University Hospital,hospital5,19146,Philadelphia,PA,39.9432,-75.1855
BASIC METABOLIC PANEL,80048,BOTH,1329.0,,,,Standard charge with no insurance.,University Hospital,hospital5,19146,Philadelphia,PA,39.9432,-75.1855
BASIC METABOLIC PANEL,80048,BOTH,1329.0,Highmark,Highmark Medicare,973.01,"This service costs $1329.0 as standard price when patient does not have any insurance.
Same service costs $973.01 if patient has 'Highmark Medicare' insurance plan.",University Hospital,hospital5,19146,Philadelphia,PA,39.9432,-75.1855
BASIC METABOLIC PANEL,80048,BOTH,1329.0,,,,Standard charge with no insurance.,University Hospital,hospital5,19146,Philadelphia,PA,39.9432,-75.1855
BASIC METABOLIC PANEL,80048,BOTH,405.59,Amerihealth,Amerihealth Medicare,262.62,"This service costs $405.59 as standard price when patient does not have any insurance.
Same service costs $262.62 if patient has 'Amerihealth Medicare' insurance plan.",University Hospital,hospital5,19146,Philadelphia,PA,39.9432,-75.1855
BASIC METABOLIC PANEL,80048,BOTH,405.59,Amerihealth,Amerihealth Medicaid HC,264.18,"This service costs $405.59 as standard price when patient does not have any insurance.
Same service costs $264.18 if patient has 'Amerihealth Medicaid HC' insurance plan.",University Hospital,hospital5,19146,Philadelphia,PA,39.9432,-75.1855
BASIC METABOLIC PANEL,80048,BOTH,405.59,,,,Standard charge with no insurance.,University Hospital,hospital5,19146,Philadelphia,PA,39.9432,-75.1855
BASIC METABOLIC PANEL,80048,BOTH,405.59,Aetna,Aetna Medicare,265.56,"This service costs $405.59 as standard price when patient does not have any insurance.
Same service costs $265.56 if patient has 'Aetna Medicare' insurance plan.",University Hospital,hospital5,19146,Philadelphia,PA,39.9432,-75.1855
BASIC METABOLIC PANEL,80048,BOTH,405.59,Aetna,Aetna Commercial,212.64,"This service costs $405.59 as standard price when patient does not have any insurance.
Same service costs $212.64 if patient has 'Aetna Commercial' insurance plan.",University Hospital,hospital5,19146,Philadelphia,PA,39.9432,-75.1855
BASIC METABOLIC PANEL,80048,BOTH,405.59,Aetna,Aetna Medicaid CHIP,313.86,"This service costs $405.59 as standard price when patient does not have any insurance.
Same service costs $313.86 if patient has 'Aetna Medicaid CHIP' insurance plan.",University Hospital,hospital5,19146,Philadelphia,PA,39.9432,-75.1855
BASIC METABOLIC PANEL,80048,BOTH,405.59,,,,Standard charge with no insurance.,University Hospital,hospital5,19146,Philadelphia,PA,39.9432,-75.1855
TRILOCK SCAPHOID PLATE,C1713,BOTH,705.99,Amerihealth,Amerihealth Commercial,538.65,"This service costs $705.99 as standard price when patient does not have any insurance.
Same service costs $538.65 if patient has 'Amerihealth Commercial' insurance plan.",University Hospital,hospital5,19146,Philadelphia,PA,39.9432,-75.1855
TRILOCK SCAPHOID PLATE,C1713,BOTH,705.99,Amerihealth,Amerihealth Medicaid HC,523.34,"This service costs $705.99 as standard price when patient does not have any insurance.
Same service costs $523.34 if patient has 'Amerihealth Medicaid HC' insurance plan.",University Hospital,hospital5,19146,Philadelphia,PA,39.9432,-75.1855
TRILOCK SCAPHOID PLATE,C1713,BOTH,705.99,,,,Standard charge with no insurance.,University Hospital,hospital5,19146,Philadelphia,PA,39.9432,-75.1855
TRILOCK SCAPHOID PLATE,C1713,BOTH,705.99,Humana,Humana Medicare PPO,402.76,"This service costs $705.99 as standard price when patient does not have any insurance.
Same service costs $402.76 if patient has 'Humana Medicare PPO' insurance plan.",University Hospital,hospital5,19146,Philadelphia,PA,39.9432,-75.1855
TRILOCK SCAPHOID PLATE,C1713,BOTH,705.99,Humana,Humana Medicare HMO,544.85,"This service costs $705.99 as standard price when patient does not have any insurance.
Same service costs $544.85 if patient has 'Humana Medicare HMO' insurance plan.",University Hospital,hospital5,19146,Philadelphia,PA,39.9432,-75.1855
TRILOCK SCAPHOID PLATE,C1713,BOTH,705.99,,,,Standard charge with no insurance.,University Hospital,hospital5,19146,Philadelphia,PA,39.9432,-75.1855
TRILOCK SCAPHOID PLATE,C1713,BOTH,705.99,United Healthcare,United Healthcare Medicaid,386.05,"This service costs $705.99 as standard price when patient does not have any insurance.
Same service costs $386.05 if patient has 'United Healthcare Medicaid' insurance plan.",University Hospital,hospital5,19146,Philadelphia,PA,39.9432,-75.1855
TRILOCK SCAPHOID PLATE,C1713,BOTH,705.99,United Healthcare,United Healthcare Commercial,491.41,"This service costs $705.99 as standard price when patient does not have any insurance.
Same service costs $491.41 if patient has 'United Healthcare Commercial' insurance plan.",University Hospital,hospital5,19146,Philadelphia,PA,39.9432,-75.1855
TRILOCK SCAPHOID PLATE,C1713,BOTH,705.99,,,,Standard charge with no insurance.,University Hospital,hospital5,19146,Philadelphia,PA,39.9432,-75.1855
TRILOCK GRIDPL,C1713,BOTH,1671.11,Amerihealth,Amerihealth Medicaid HC,1142.51,"This service costs $1671.11 as standard price when patient does not have any insurance.
Same service costs $1142.51 if patient has 'Amerihealth Medicaid HC' insurance plan.",University Hospital,hospital5,19146,Philadelphia,PA,39.9432,-75.1855
TRILOCK GRIDPL,C1713,BOTH,1671.11,Amerihealth,Amerihealth Commercial,845.68,"This service costs $1671.11 as standard price when patient does not have any insurance.
Same service costs $845.68 if patient has 'Amerihealth Commercial' insurance plan.",University Hospital,hospital5,19146,Philadelphia,PA,39.9432,-75.1855
TRILOCK GRIDPL,C1713,BOTH,1671.11,Amerihealth,Amerihealth Medicare,999.25,"This service costs $1671.11 as standard price when patient does not have any insurance.
Same service costs $999.25 if patient has 'Amerihealth Medicare' insurance plan.",University Hospital,hospital5,19146,Philadelphia,PA,39.9432,-75.1855
TRILOCK GRIDPL,C1713,BOTH,1671.11,,,,Standard charge with no insurance.,University Hospital,hospital5,19146,Philadelphia,PA,39.9432,-75.1855
TRILOCK GRIDPL,C1713,BOTH,1671.11,Highmark,Highmark Medicare,1154.01,"This service costs $1671.11 as standard price when patient does not have any insurance.
Same service costs $1154.01 if patient has 'Highmark Medicare' insurance plan.",University Hospital,hospital5,19146,Philadelphia,PA,39.9432,-75.1855
TRILOCK GRIDPL,C1713,BOTH,1671.11,,,,Standard charge with no insurance.,University Hospital,hospital5,19146,Philadelphia,PA,39.9432,-75.1855
TRILOCK GRIDPL,C1713,BOTH,1671.11,Humana,Humana Commercial,1318.83,"This service costs $1671.11 as standard price when patient does not have any insurance.
Same service costs $1318.83 if patient has 'Humana Commercial' insurance plan.",University Hospital,hospital5,19146,Philadelphia,PA,39.9432,-75.1855
TRILOCK GRIDPL,C1713,BOTH,1671.11,,,,Standard charge with no insurance.,University Hospital,hospital5,19146,Philadelphia,PA,39.9432,-75.1855
BASIC METABOLIC PANEL,80048,BOTH,46.74,United Healthcare,United Healthcare Medicaid,26.02,"This service costs $46.74 as standard price when patient does not have any insurance.
Same service costs $26.02 if patient has 'United Healthcare Medicaid' insurance plan.",University Hospital,hospital5,19146,Philadelphia,PA,39.9432,-75.1855
BASIC METABOLIC PANEL,80048,BOTH,46.74,,,,Standard charge with no insurance.,University Hospital,hospital5,19146,Philadelphia,PA,39.9432,-75.1855
BASIC METABOLIC PANEL,80048,BOTH,46.74,Aetna,Aetna Medicare,24.97,"This service costs $46.74 as standard price when patient does not have any insurance.
Same service costs $24.97 if patient has 'Aetna Medicare' insurance plan.",University Hospital,hospital5,19146,Philadelphia,PA,39.9432,-75.1855
BASIC METABOLIC PANEL,80048,BOTH,46.74,Aetna,Aetna Medicaid CHIP,25.67,"This service costs $46.74 as standard price when patient does not have any insurance.
Same service costs $25.67 if patient has 'Aetna Medicaid CHIP' insurance plan.",University Hospital,hospital5,19146,Philadelphia,PA,39.9432,-75.1855
BASIC METABOLIC PANEL,80048,BOTH,46.74,Aetna,Aetna Commercial,27.7,"This service costs $46.74 as standard price when patient does not have any insurance.
Same service costs $27.7 if patient has 'Aetna Commercial' insurance plan.",University Hospital,hospital5,19146,Philadelphia,PA,39.9432,-75.1855
BASIC METABOLIC PANEL,80048,BOTH,46.74,,,,Standard charge with no insurance.,University Hospital,hospital5,19146,Philadelphia,PA,39.9432,-75.1855
BASIC METABOLIC PANEL,80048,BOTH,46.74,Highmark,Highmark Commercial PROF,24.66,"This service costs $46.74 as standard price when patient does not have any insurance.
Same service costs $24.66 if patient has 'Highmark Commercial PROF' insurance plan.",University Hospital,hospital5,19146,Philadelphia,PA,39.9432,-75.1855
BASIC METABOLIC PANEL,80048,BOTH,46.74,,,,Standard charge with no insurance.,University Hospital,hospital5,19146,Philadelphia,PA,39.9432,-75.1855
1 CC STERILE SYRINGE&NEEDLE,A4206,INPATIENT,277.29,Humana,Humana Commercial,173.43,"This service costs $277.29 as standard price when patient does not have any insurance.
Same service costs $173.43 if patient has 'Humana Commercial' insurance plan.",University Hospital,hospital5,19146,Philadelphia,PA,39.9432,-75.1855
1 CC STERILE SYRINGE&NEEDLE,A4206,OUTPATIENT,277.29,Humana,Humana Commercial,173.43,"This service costs $277.29 as standard price when patient does not have any insurance.
Same service costs $173.43 if patient has 'Humana Commercial' insurance plan.",University Hospital,hospital5,19146,Philadelphia,PA,39.9432,-75.1855
1 CC STERILE SYRINGE&NEEDLE,A4206,INPATIENT,277.29,,,,Standard charge with no insurance.,University Hospital,hospital5,19146,Philadelphia,PA,39.9432,-75.1855
1 CC STERILE SYRINGE&NEEDLE,A4206,OUTPATIENT,277.29,,,,Standard charge with no insurance.,University Hospital,hospital5,19146,Philadelphia,PA,39.9432,-75.1855
1 CC STERILE SYRINGE&NEEDLE,A4206,INPATIENT,277.29,Highmark,Highmark ACA Products PROF,228.2,"This service costs $277.29 as standard price when patient does not have any insurance.
Same service costs $228.2 if patient has 'Highmark ACA Products PROF' insurance plan.",University Hospital,hospital5,19146,Philadelphia,PA,39.9432,-75.1855
1 CC STERILE SYRINGE&NEEDLE,A4206,OUTPATIENT,277.29,Highmark,Highmark ACA Products PROF,228.2,"This service costs $277.29 as standard price when patient does not have any insurance.
Same service costs $228.2 if patient has 'Highmark ACA Products PROF' insurance plan.",University Hospital,hospital5,19146,Philadelphia,PA,39.9432,-75.1855
1 CC STERILE SYRINGE&NEEDLE,A4206,INPATIENT,277.29,Highmark,Highmark Medicare,143.28,"This service costs $277.29 as standard price when patient does not have any insurance.
Same service costs $143.28 if patient has 'Highmark Medicare' insurance plan.",University Hospital,hospital5,19146,Philadelphia,PA,39.9432,-75.1855
1 CC STERILE SYRINGE&NEEDLE,A4206,OUTPATIENT,277.29,Highmark,Highmark Medicare,143.28,"This service costs $277.29 as standard price when patient does not have any insurance.
Same service costs $143.28 if patient has 'Highmark Medicare' insurance plan.",University Hospital,hospital5,19146,Philadelphia,PA,39.9432,-75.1855
1 CC STERILE SYRINGE&NEEDLE,A4206,INPATIENT,277.29,,,,Standard charge with no insurance.,University Hospital,hospital5,19146,Philadelphia,PA,39.9432,-75.1855
1 CC STERILE SYRINGE&NEEDLE,A4206,OUTPATIENT,277.29,,,,Standard charge with no insurance.,University Hospital,hospital5,19146,Philadelphia,PA,39.9432,-75.1855
1 CC STERILE SYRINGE&NEEDLE,A4206,INPATIENT,277.29,Amerihealth,Amerihealth Commercial,231.91,"This service costs $277.29 as standard price when patient does not have any insurance.
Same service costs $231.91 if patient has 'Amerihealth Commercial' insurance plan.",University Hospital,hospital5,19146,Philadelphia,PA,39.9432,-75.1855
1 CC STERILE SYRINGE&NEEDLE,A4206,OUTPATIENT,277.29,Amerihealth,Amerihealth Commercial,231.91,"This service costs $277.29 as standard price when patient does not have any insurance.
Same service costs $231.91 if patient has 'Amerihealth Commercial' insurance plan.",University Hospital,hospital5,19146,Philadelphia,PA,39.9432,-75.1855
1 CC STERILE SYRINGE&NEEDLE,A4206,INPATIENT,277.29,Amerihealth,Amerihealth Medicare,232.16,"This service costs $277.29 as standard price when patient does not have any insurance.
Same service costs $232.16 if patient has 'Amerihealth Medicare' insurance plan.",University Hospital,hospital5,19146,Philadelphia,PA,39.9432,-75.1855
1 CC STERILE SYRINGE&NEEDLE,A4206,OUTPATIENT,277.29,Amerihealth,Amerihealth Medicare,232.16,"This service costs $277.29 as standard price when patient does not have any insurance.
Same service costs $232.16 if patient has 'Amerihealth Medicare' insurance plan.",University Hospital,hospital5,19146,Philadelphia,PA,39.9432,-75.1855
1 CC STERILE SYRINGE&NEEDLE,A4206,INPATIENT,277.29,Amerihealth,Amerihealth Medicaid HC,234.84,"This service costs $277.29 as standard price when patient does not have any insurance.
Same service costs $234.84 if patient has 'Amerihealth Medicaid HC' insurance plan.",University Hospital,hospital5,19146,Philadelphia,PA,39.9432,-75.1855
1 CC STERILE SYRINGE&NEEDLE,A4206,OUTPATIENT,277.29,Amerihealth,Amerihealth Medicaid HC,234.84,"This service costs $277.29 as standard price when patient does not have any insurance.
Same service costs $234.84 if patient has 'Amerihealth Medicaid HC' insurance plan.",University Hospital,hospital5,19146,Philadelphia,PA,39.9432,-75.1855
1 CC STERILE SYRINGE&NEEDLE,A4206,INPATIENT,277.29,,,,Standard charge with no insurance.,University Hospital,hospital5,19146,Philadelphia,PA,39.9432,-75.1855
1 CC STERILE SYRINGE&NEEDLE,A4206,OUTPATIENT,277.29,,,,Standard charge with no insurance.,University Hospital,hospital5,19146,Philadelphia,PA,39.9432,-75.1855
BASIC METABOLIC PANEL,80048,BOTH,670.03,Amerihealth,Amerihealth Commercial,483.37,"This service costs $670.03 as standard price when patient does not have any insurance.
Same service costs $483.37 if patient has 'Amerihealth Commercial' insurance plan.",University Hospital,hospital5,19146,Philadelphia,PA,39.9432,-75.1855
BASIC METABOLIC PANEL,80048,BOTH,670.03,Amerihealth,Amerihealth Medicare,337.56,"This service costs $670.03 as standard price when patient does not have any insurance.
Same service costs $337.56 if patient has 'Amerihealth Medicare' insurance plan.",University Hospital,hospital5,19146,Philadelphia,PA,39.9432,-75.1855
BASIC METABOLIC PANEL,80048,BOTH,670.03,,,,Standard charge with no insurance.,University Hospital,hospital5,19146,Philadelphia,PA,39.9432,-75.1855
BASIC METABOLIC PANEL,80048,BOTH,670.03,United Healthcare,United Healthcare Commercial,580.22,"This service costs $670.03 as standard price when patient does not have any insurance.
Same service costs $580.22 if patient has 'United Healthcare Commercial' insurance plan.",University Hospital,hospital5,19146,Philadelphia,PA,39.9432,-75.1855
BASIC METABOLIC PANEL,80048,BOTH,670.03,United Healthcare,United Healthcare CHIP,465.61,"This service costs $670.03 as standard price when patient does not have any insurance.
Same service costs $465.61 if patient has 'United Healthcare CHIP' insurance plan.",University Hospital,hospital5,19146,Philadelphia,PA,39.9432,-75.1855
BASIC METABOLIC PANEL,80048,BOTH,670.03,,,,Standard charge with no insurance.,University Hospital,hospital5,19146,Philadelphia,PA,39.9432,-75.1855
BASIC METABOLIC PANEL,80048,BOTH,670.03,Humana,Humana Commercial,418.71,"This service costs $670.03 as standard price when patient does not have any insurance.
Same service costs $418.71 if patient has 'Humana Commercial' insurance plan.",University Hospital,hospital5,19146,Philadelphia,PA,39.9432,-75.1855
BASIC METABOLIC PANEL,80048,BOTH,670.03,,,,Standard charge with no insurance.,University Hospital,hospital5,19146,Philadelphia,PA,39.9432,-75.1855
TRILOCK SCAPHOID PLATE,C1713,BOTH,784.32,United Healthcare,United Healthcare Commercial,665.82,"This service costs $784.32 as standard price when patient does not have any insurance.
Same service costs $665.82 if patient has 'United Healthcare Commercial' insurance plan.",University Hospital,hospital5,19146,Philadelphia,PA,39.9432,-75.1855
TRILOCK SCAPHOID PLATE,C1713,BOTH,784.32,United Healthcare,United Healthcare Medicaid,599.68,"This service costs $784.32 as standard price when patient does not have any insurance.
Same service costs $599.68 if patient has 'United Healthcare Medicaid' insurance plan.",University Hospital,hospital5,19146,Philadelphia,PA,39.9432,-75.1855
TRILOCK SCAPHOID PLATE,C1713,BOTH,784.32,,,,Standard charge with no insurance.,University Hospital,hospital5,19146,Philadelphia,PA,39.9432,-75.1855
TRILOCK SCAPHOID PLATE,C1713,BOTH,784.32,Humana,Humana Medicare HMO,732.34,"This service costs $784.32 as standard price when patient does not have any insurance.
Same service costs $732.34 if patient has 'Humana Medicare HMO' insurance plan.",University Hospital,hospital5,19146,Philadelphia,PA,39.9432,-75.1855
TRILOCK SCAPHOID PLATE,C1713,BOTH,784.32,Humana,Humana Commercial,559.89,"This service costs $784.32 as standard price when patient does not have any insurance.
Same service costs $559.89 if patient has 'Humana Commercial' insurance plan.",University Hospital,hospital5,19146,Philadelphia,PA,39.9432,-75.1855
TRILOCK SCAPHOID PLATE,C1713,BOTH,784.32,Humana,Humana Medicare PPO,558.81,"This service costs $784.32 as standard price when patient does not have any insurance.
Same service costs $558.81 if patient has 'Humana Medicare PPO' insurance plan.",University Hospital,hospital5,19146,Philadelphia,PA,39.9432,-75.1855
TRILOCK SCAPHOID PLATE,C1713,BOTH,784.32,,,,Standard charge with no insurance.,University Hospital,hospital5,19146,Philadelphia,PA,39.9432,-75.1855
CHEST X-RAY,71045,BOTH,772.59,Humana,Humana Commercial,515.27,"This service costs $772.59 as standard price when patient does not have any insurance.
Same service costs $515.27 if patient has 'Humana Commercial' insurance plan.",University Hospital,hospital5,19146,Philadelphia,PA,39.9432,-75.1855
CHEST X-RAY,71045,BOTH,772.59,Humana,Humana Medicare PPO,680.85,"This service costs $772.59 as standard price when patient does not have any insurance.
Same service costs $680.85 if patient has 'Humana Medicare PPO' insurance plan.",University Hospital,hospital5,19146,Philadelphia,PA,39.9432,-75.1855
CHEST X-RAY,71045,BOTH,772.59,Humana,Humana Medicare HMO,529.1,"This service costs $772.59 as standard price when patient does not have any insurance.
Same service costs $529.1 if patient has 'Humana Medicare HMO' insurance plan.",University Hospital,hospital5,19146,Philadelphia,PA,39.9432,-75.1855
CHEST X-RAY,71045,BOTH,772.59,,,,Standard charge with no insurance.,University Hospital,hospital5,19146,Philadelphia,PA,39.9432,-75.1855
BASIC METABOLIC PANEL,80048,BOTH,458.67,Amerihealth,Amerihealth Medicaid HC,420.06,"This service costs $458.67 as standard price when patient does not have any insurance.
Same service costs $420.06 if patient has 'Amerihealth Medicaid HC' insurance plan.",University Hospital,hospital5,19146,Philadelphia,PA,39.9432,-75.1855
BASIC METABOLIC PANEL,80048,BOTH,458.67,,,,Standard charge with no insurance.,University Hospital,hospital5,19146,Philadelphia,PA,39.9432,-75.1855
TRILOCK SCAPHOID PLATE,C1713,BOTH,947.75,Highmark,Highmark Medicare,547.87,"This service costs $947.75 as standard price when patient does not have any insurance.
Same service costs $547.87 if patient has 'Highmark Medicare' insurance plan.",University Hospital,hospital5,19146,Philadelphia,PA,39.9432,-75.1855
TRILOCK SCAPHOID PLATE,C1713,BOTH,947.75,Highmark,Highmark Commercial PROF,546.01,"This service costs $947.75 as standard price when patient does not have any insurance.
Same service costs $546.01 if patient has 'Highmark Commercial PROF' insurance plan.",University Hospital,hospital5,19146,Philadelphia,PA,39.9432,-75.1855
TRILOCK SCAPHOID PLATE,C1713,BOTH,947.75,,,,Standard charge with no insurance.,University Hospital,hospital5,19146,Philadelphia,PA,39.9432,-75.1855
TRILOCK SCAPHOID PLATE,C1713,BOTH,947.75,Amerihealth,Amerihealth Medicaid HC,609.15,"This service costs $947.75 as standard price when patient does not have any insurance.
Same service costs $609.15 if patient has 'Amerihealth Medicaid HC' insurance plan.",University Hospital,hospital5,19146,Philadelphia,PA,39.9432,-75.1855
TRILOCK SCAPHOID PLATE,C1713,BOTH,947.75,Amerihealth,Amerihealth Commercial,888.5,"This service costs $947.75 as standard price when patient does not have any insurance.
Same service costs $888.5 if patient has 'Amerihealth Commercial' insurance plan.",University Hospital,hospital5,19146,Philadelphia,PA,39.9432,-75.1855
TRILOCK SCAPHOID PLATE,C1713,BOTH,947.75,Amerihealth,Amerihealth Medicare,474.08,"This service costs $947.75 as standard price when patient does not have any insurance.
Same service costs $474.08 if patient has 'Amerihealth Medicare' insurance plan.",University Hospital,hospital5,19146,Philadelphia,PA,39.9432,-75.1855
TRILOCK SCAPHOID PLATE,C1713,BOTH,947.75,,,,Standard charge with no insurance.,University Hospital,hospital5,19146,Philadelphia,PA,39.9432,-75.1855
TRILOCK GRIDPL,C1713,BOTH,1351.49,United Healthcare,United Healthcare CHIP,848.04,"This service costs $1351.49 as standard price when patient does not have any insurance.
Same service costs $848.04 if patient has 'United Healthcare CHIP' insurance plan.",University Hospital,hospital5,19146,Philadelphia,PA,39.9432,-75.1855
TRILOCK GRIDPL,C1713,BOTH,1351.49,,,,Standard charge with no insurance.,University Hospital,hospital5,19146,Philadelphia,PA,39.9432,-75.1855
ACETYLCYSTEINE NON-COMP UNIT,J7608,OUTPATIENT,1417.72,,,,"Only standard charge and no price with insurance – meaning this service is provided by the hospital directly, and not through any insurance.",University Hospital,hospital5,19146,Philadelphia,PA,39.9432,-75.1855
ACETYLCYSTEINE NON-COMP UNIT,J7608,INPATIENT,1417.72,,,,"Only standard charge and no price with insurance – meaning this service is provided by the hospital directly, and not through any insurance.",University Hospital,hospital5,19146,Philadelphia,PA,39.9432,-75.1855
CHG MRI BRAIN,70551,OUTPATIENT,61.82,,,,"Only standard charge and no price with insurance – meaning this service is provided by the hospital directly, and not through any insurance.",University Hospital,hospital5,19146,Philadelphia,PA,39.9432,-75.1855
CHG MRI BRAIN,70551,OUTPATIENT,29.7,United Healthcare,United Healthcare CHIP,17.62,"This service costs $29.7 as standard price when patient does not have any insurance.
Same service costs $17.62 if patient has 'United Healthcare CHIP' insurance plan.",University Hospital,hospital5,19146,Philadelphia,PA,39.9432,-75.1855
CHG MRI BRAIN,70551,OUTPATIENT,29.7,United Healthcare,United Healthcare Commercial,24.84,"This service costs $29.7 as standard price when patient does not have any insurance.
Same service costs $24.84 if patient has 'United Healthcare Commercial' insurance plan.",University Hospital,hospital5,19146,Philadelphia,PA,39.9432,-75.1855
CHG MRI BRAIN,70551,OUTPATIENT,29.7,,,,Standard charge with no insurance.,University Hospital,hospital5,19146,Philadelphia,PA,39.9432,-75.1855
CHG MRI BRAIN,70551,OUTPATIENT,29.7,Highmark,Highmark Medicare,21.89,"This service costs $29.7 as standard price when patient does not have any insurance.
Same service costs $21.89 if patient has 'Highmark Medicare' insurance plan.",University Hospital,hospital5,19146,Philadelphia,PA,39.9432,-75.1855
CHG MRI BRAIN,70551,OUTPATIENT,29.7,Highmark,Highmark Commercial PROF,18.11,"This service costs $29.7 as standard price when patient does not have any insurance.
Same service costs $18.11 if patient has 'Highmark Commercial PROF' insurance plan.",University Hospital,hospital5,19146,Philadelphia,PA,39.9432,-75.1855
CHG MRI BRAIN,70551,OUTPATIENT,29.7,Highmark,Highmark ACA Products PROF,21.68,"This service costs $29.7 as standard price when patient does not have any insurance.
Same service costs $21.68 if patient has 'Highmark ACA Products PROF' insurance plan.",University Hospital,hospital5,19146,Philadelphia,PA,39.9432,-75.1855
CHG MRI BRAIN,70551,OUTPATIENT,29.7,,,,Standard charge with no insurance.,University Hospital,hospital5,19146,Philadelphia,PA,39.9432,-75.1855
CHG MRI BRAIN,70551,OUTPATIENT,29.7,Amerihealth,Amerihealth Medicaid HC,27.88,"This service costs $29.7 as standard price when patient does not have any insurance.
Same service costs $27.88 if patient has 'Amerihealth Medicaid HC' insurance plan.",University Hospital,hospital5,19146,Philadelphia,PA,39.9432,-75.1855
CHG MRI BRAIN,70551,OUTPATIENT,29.7,Amerihealth,Amerihealth Medicare,20.23,"This service costs $29.7 as standard price when patient does not have any insurance.
Same service costs $20.23 if patient has 'Amerihealth Medicare' insurance plan.",University Hospital,hospital5,19146,Philadelphia,PA,39.9432,-75.1855
CHG MRI BRAIN,70551,OUTPATIENT,29.7,,,,Standard charge with no insurance.,University Hospital,hospital5,19146,Philadelphia,PA,39.9432,-75.1855
ACETYLCYSTEINE NON-COMP UNIT,J7608,OUTPATIENT,870.58,Highmark,Highmark ACA Products PROF,494.04,"This service costs $870.58 as standard price when patient does not have any insurance.
Same service costs $494.04 if patient has 'Highmark ACA Products PROF' insurance plan.",University Hospital,hospital5,19146,Philadelphia,PA,39.9432,-75.1855
ACETYLCYSTEINE NON-COMP UNIT,J7608,INPATIENT,870.58,Highmark,Highmark ACA Products PROF,494.04,"This service costs $870.58 as standard price when patient does not have any insurance.
Same service costs $494.04 if patient has 'Highmark ACA Products PROF' insurance plan.",University Hospital,hospital5,19146,Philadelphia,PA,39.9432,-75.1855
ACETYLCYSTEINE NON-COMP UNIT,J7608,OUTPATIENT,870.58,Highmark,Highmark Medicare,623.76,"This service costs $870.58 as standard price when patient does not have any insurance.
Same service costs $623.76 if patient has 'Highmark Medicare' insurance plan.",University Hospital,hospital5,19146,Philadelphia,PA,39.9432,-75.1855
ACETYLCYSTEINE NON-COMP UNIT,J7608,INPATIENT,870.58,Highmark,Highmark Medicare,623.76,"This service costs $870.58 as standard price when patient does not have any insurance.
Same service costs $623.76 if patient has 'Highmark Medicare' insurance plan.",University Hospital,hospital5,19146,Philadelphia,PA,39.9432,-75.1855
ACETYLCYSTEINE NON-COMP UNIT,J7608,OUTPATIENT,870.58,Highmark,Highmark Commercial PROF,667.06,"This service costs $870.58 as standard price when patient does not have any insurance.
Same service costs $667.06 if patient has 'Highmark Commercial PROF' insurance plan.",University Hospital,hospital5,19146,Philadelphia,PA,39.9432,-75.1855
ACETYLCYSTEINE NON-COMP UNIT,J7608,INPATIENT,870.58,Highmark,Highmark Commercial PROF,667.06,"This service costs $870.58 as standard price when patient does not have any insurance.
Same service costs $667.06 if patient has 'Highmark Commercial PROF' insurance plan.",University Hospital,hospital5,19146,Philadelphia,PA,39.9432,-75.1855
ACETYLCYSTEINE NON-COMP UNIT,J7608,OUTPATIENT,870.58,,,,Standard charge with no insurance.,University Hospital,hospital5,19146,Philadelphia,PA,39.9432,-75.1855
ACETYLCYSTEINE NON-COMP UNIT,J7608,INPATIENT,870.58,,,,Standard charge with no insurance.,University Hospital,hospital5,19146,Philadelphia,PA,39.9432,-75.1855
ACETYLCYSTEINE NON-COMP UNIT,J7608,OUTPATIENT,870.58,Aetna,Aetna Medicaid CHIP,682.47,"This service costs $870.58 as standard price when patient does not have any insurance.
Same service costs $682.47 if patient has 'Aetna Medicaid CHIP' insurance plan.",University Hospital,hospital5,19146,Philadelphia,PA,39.9432,-75.1855
ACETYLCYSTEINE NON-COMP UNIT,J7608,INPATIENT,870.58,Aetna,Aetna Medicaid CHIP,682.47,"This service costs $870.58 as standard price when patient does not have any insurance.
Same service costs $682.47 if patient has 'Aetna Medicaid CHIP' insurance plan.",University Hospital,hospital5,19146,Philadelphia,PA,39.9432,-75.1855
ACETYLCYSTEINE NON-COMP UNIT,J7608,OUTPATIENT,870.58,Aetna,Aetna Commercial,706.38,"This service costs $870.58 as standard price when patient does not have any insurance.
Same service costs $706.38 if patient has 'Aetna Commercial' insurance plan.",University Hospital,hospital5,19146,Philadelphia,PA,39.9432,-75.1855
ACETYLCYSTEINE NON-COMP UNIT,J7608,INPATIENT,870.58,Aetna,Aetna Commercial,706.38,"This service costs $870.58 as standard price when patient does not have any insurance.
Same service costs $706.38 if patient has 'Aetna Commercial' insurance plan.",University Hospital,hospital5,19146,Philadelphia,PA,39.9432,-75.1855
ACETYLCYSTEINE NON-COMP UNIT,J7608,OUTPATIENT,870.58,,,,Standard charge with no insurance.,University Hospital,hospital5,19146,Philadelphia,PA,39.9432,-75.1855
ACETYLCYSTEINE NON-COMP UNIT,J7608,INPATIENT,870.58,,,,Standard charge with no insurance.,University Hospital,hospital5,19146,Philadelphia,PA,39.9432,-75.1855
ACETYLCYSTEINE NON-COMP UNIT,J7608,OUTPATIENT,870.58,United Healthcare,United Healthcare CHIP,521.09,"This service costs $870.58 as standard price when patient does not have any insurance.
Same service costs $521.09 if patient has 'United Healthcare CHIP' insurance plan.",University Hospital,hospital5,19146,Philadelphia,PA,39.9432,-75.1855
ACETYLCYSTEINE NON-COMP UNIT,J7608,INPATIENT,870.58,United Healthcare,United Healthcare CHIP,521.09,"This service costs $870.58 as standard price when patient does not have any insurance.
Same service costs $521.09 if patient has 'United Healthcare CHIP' insurance plan.",University Hospital,hospital5,19146,Philadelphia,PA,39.9432,-75.1855
ACETYLCYSTEINE NON-COMP UNIT,J7608,OUTPATIENT,870.58,United Healthcare,United Healthcare Medicaid,469.91,"This service costs $870.58 as standard price when patient does not have any insurance.
Same service costs $469.91 if patient has 'United Healthcare Medicaid' insurance plan.",University Hospital,hospital5,19146,Philadelphia,PA,39.9432,-75.1855
ACETYLCYSTEINE NON-COMP UNIT,J7608,INPATIENT,870.58,United Healthcare,United Healthcare Medicaid,469.91,"This service costs $870.58 as standard price when patient does not have any insurance.
Same service costs $469.91 if patient has 'United Healthcare Medicaid' insurance plan.",University Hospital,hospital5,19146,Philadelphia,PA,39.9432,-75.1855
ACETYLCYSTEINE NON-COMP UNIT,J7608,OUTPATIENT,870.58,,,,Standard charge with no insurance.,University Hospital,hospital5,19146,Philadelphia,PA,39.9432,-75.1855
ACETYLCYSTEINE NON-COMP UNIT,J7608,INPATIENT,870.58,,,,Standard charge with no insurance.,University Hospital,hospital5,19146,Philadelphia,PA,39.9432,-75.1855
TRILOCK GRIDPL,C1713,BOTH,1631.81,,,,"Only standard charge and no price with insurance – meaning this service is provided by the hospital directly, and not through any insurance.",University Hospital,hospital5,19146,Philadelphia,PA,39.9432,-75.1855
TRILOCK SCAPHOID PLATE,C1713,BOTH,948.38,,,,"Only standard charge and no price with insurance – meaning this service is provided by the hospital directly, and not through any insurance.",University Hospital,hospital5,19146,Philadelphia,PA,39.9432,-75.1855
1 CC STERILE SYRINGE&NEEDLE,A4206,INPATIENT,1074.29,,,,"Only standard charge and no price with insurance – meaning this service is provided by the hospital directly, and not through any insurance.",University Hospital,hospital5,19146,Philadelphia,PA,39.9432,-75.1855
1 CC STERILE SYRINGE&NEEDLE,A4206,OUTPATIENT,1074.29,,,,"Only standard charge and no price with insurance – meaning this service is provided by the hospital directly, and not through any insurance.",University Hospital,hospital5,19146,Philadelphia,PA,39.9432,-75.1855
TRILOCK SCAPHOID PLATE,C1713,BOTH,1783.66,,,,"Only standard charge and no price with insurance – meaning this service is provided by the hospital directly, and not through any insurance.",University Hospital,hospital5,19146,Philadelphia,PA,39.9432,-75.1855
ABDOMINAL CT SCAN,74150,BOTH,483.76,United Healthcare,United Healthcare Medicaid,454.08,"This service costs $483.76 as standard price when patient does not have any insurance.
Same service costs $454.08 if patient has 'United Healthcare Medicaid' insurance plan.",University Hospital,hospital5,19146,Philadelphia,PA,39.9432,-75.1855
ABDOMINAL CT SCAN,74150,BOTH,483.76,United Healthcare,United Healthcare Commercial,376.9,"This service costs $483.76 as standard price when patient does not have any insurance.
Same service costs $376.9 if patient has 'United Healthcare Commercial' insurance plan.",University Hospital,hospital5,19146,Philadelphia,PA,39.9432,-75.1855
ABDOMINAL CT SCAN,74150,BOTH,483.76,,,,Standard charge with no insurance.,University Hospital,hospital5,19146,Philadelphia,PA,39.9432,-75.1855
ABDOMINAL CT SCAN,74150,BOTH,483.76,Amerihealth,Amerihealth Commercial,358.59,"This service costs $483.76 as standard price when patient does not have any insurance.
Same service costs $358.59 if patient has 'Amerihealth Commercial' insurance plan.",University Hospital,hospital5,19146,Philadelphia,PA,39.9432,-75.1855
ABDOMINAL CT SCAN,74150,BOTH,483.76,Amerihealth,Amerihealth Medicaid HC,353.99,"This service costs $483.76 as standard price when patient does not have any insurance.
Same service costs $353.99 if patient has 'Amerihealth Medicaid HC' insurance plan.",University Hospital,hospital5,19146,Philadelphia,PA,39.9432,-75.1855
ABDOMINAL CT SCAN,74150,BOTH,483.76,Amerihealth,Amerihealth Medicare,383.52,"This service costs $483.76 as standard price when patient does not have any insurance.
Same service costs $383.52 if patient has 'Amerihealth Medicare' insurance plan.",University Hospital,hospital5,19146,Philadelphia,PA,39.9432,-75.1855
ABDOMINAL CT SCAN,74150,BOTH,483.76,,,,Standard charge with no insurance.,University Hospital,hospital5,19146,Philadelphia,PA,39.9432,-75.1855
ABDOMINAL CT SCAN,74150,BOTH,483.76,Aetna,Aetna Commercial,431.19,"This service costs $483.76 as standard price when patient does not have any insurance.
Same service costs $431.19 if patient has 'Aetna Commercial' insurance plan.",University Hospital,hospital5,19146,Philadelphia,PA,39.9432,-75.1855
ABDOMINAL CT SCAN,74150,BOTH,483.76,Aetna,Aetna Medicaid CHIP,352.01,"This service costs $483.76 as standard price when patient does not have any insurance.
Same service costs $352.01 if patient has 'Aetna Medicaid CHIP' insurance plan.",University Hospital,hospital5,19146,Philadelphia,PA,39.9432,-75.1855
ABDOMINAL CT SCAN,74150,BOTH,483.76,Aetna,Aetna Medicare,289.51,"This service costs $483.76 as standard price when patient does not have any insurance.
Same service costs $289.51 if patient has 'Aetna Medicare' insurance plan.",University Hospital,hospital5,19146,Philadelphia,PA,39.9432,-75.1855
ABDOMINAL CT SCAN,74150,BOTH,483.76,,,,Standard charge with no insurance.,University Hospital,hospital5,19146,Philadelphia,PA,39.9432,-75.1855
2D ECHO,93306,OUTPATIENT,383.09,Highmark,Highmark ACA Products PROF,217.95,"This service costs $383.09 as standard price when patient does not have any insurance.
Same service costs $217.95 if patient has 'Highmark ACA Products PROF' insurance plan.",University Hospital,hospital5,19146,Philadelphia,PA,39.9432,-75.1855
2D ECHO,93306,OUTPATIENT,383.09,Highmark,Highmark Medicare,318.51,"This service costs $383.09 as standard price when patient does not have any insurance.
Same service costs $318.51 if patient has 'Highmark Medicare' insurance plan.",University Hospital,hospital5,19146,Philadelphia,PA,39.9432,-75.1855
2D ECHO,93306,OUTPATIENT,383.09,Highmark,Highmark Commercial PROF,348.34,"This service costs $383.09 as standard price when patient does not have any insurance.
Same service costs $348.34 if patient has 'Highmark Commercial PROF' insurance plan.",University Hospital,hospital5,19146,Philadelphia,PA,39.9432,-75.1855
2D ECHO,93306,OUTPATIENT,383.09,,,,Standard charge with no insurance.,University Hospital,hospital5,19146,Philadelphia,PA,39.9432,-75.1855
2D ECHO,93306,OUTPATIENT,383.09,Aetna,Aetna Medicare,264.55,"This service costs $383.09 as standard price when patient does not have any insurance.
Same service costs $264.55 if patient has 'Aetna Medicare' insurance plan.",University Hospital,hospital5,19146,Philadelphia,PA,39.9432,-75.1855
2D ECHO,93306,OUTPATIENT,383.09,Aetna,Aetna Commercial,195.44,"This service costs $383.09 as standard price when patient does not have any insurance.
Same service costs $195.44 if patient has 'Aetna Commercial' insurance plan.",University Hospital,hospital5,19146,Philadelphia,PA,39.9432,-75.1855
2D ECHO,93306,OUTPATIENT,383.09,,,,Standard charge with no insurance.,University Hospital,hospital5,19146,Philadelphia,PA,39.9432,-75.1855
2D ECHO,93306,OUTPATIENT,383.09,Amerihealth,Amerihealth Medicare,266.6,"This service costs $383.09 as standard price when patient does not have any insurance.
Same service costs $266.6 if patient has 'Amerihealth Medicare' insurance plan.",University Hospital,hospital5,19146,Philadelphia,PA,39.9432,-75.1855
2D ECHO,93306,OUTPATIENT,383.09,,,,Standard charge with no insurance.,University Hospital,hospital5,19146,Philadelphia,PA,39.9432,-75.1855
TRILOCK SCAPHOID PLATE,C1713,BOTH,1656.76,Humana,Humana Commercial,1142.89,"This service costs $1656.76 as standard price when patient does not have any insurance.
Same service costs $1142.89 if patient has 'Humana Commercial' insurance plan.",University Hospital,hospital5,19146,Philadelphia,PA,39.9432,-75.1855
TRILOCK SCAPHOID PLATE,C1713,BOTH,1656.76,Humana,Humana Medicare PPO,953.21,"This service costs $1656.76 as standard price when patient does not have any insurance.
Same service costs $953.21 if patient has 'Humana Medicare PPO' insurance plan.",University Hospital,hospital5,19146,Philadelphia,PA,39.9432,-75.1855
TRILOCK SCAPHOID PLATE,C1713,BOTH,1656.76,Humana,Humana Medicare HMO,1254.08,"This service costs $1656.76 as standard price when patient does not have any insurance.
Same service costs $1254.08 if patient has 'Humana Medicare HMO' insurance plan.",University Hospital,hospital5,19146,Philadelphia,PA,39.9432,-75.1855
TRILOCK SCAPHOID PLATE,C1713,BOTH,1656.76,,,,Standard charge with no insurance.,University Hospital,hospital5,19146,Philadelphia,PA,39.9432,-75.1855
CHG MRI BRAIN,70551,OUTPATIENT,1942.06,,,,"Only standard charge and no price with insurance – meaning this service is provided by the hospital directly, and not through any insurance.",University Hospital,hospital5,19146,Philadelphia,PA,39.9432,-75.1855
TRILOCK SCAPHOID PLATE,C1713,BOTH,1975.87,,,,"Only standard charge and no price with insurance – meaning this service is provided by the hospital directly, and not through any insurance.",University Hospital,hospital5,19146,Philadelphia,PA,39.9432,-75.1855
CHEST X-RAY,71045,BOTH,1034.53,Aetna,Aetna Commercial,862.89,"This service costs $1034.53 as standard price when patient does not have any insurance.
Same service costs $862.89 if patient has 'Aetna Commercial' insurance plan.",University Hospital,hospital5,19146,Philadelphia,PA,39.9432,-75.1855
CHEST X-RAY,71045,BOTH,1034.53,Aetna,Aetna Medicaid CHIP,616.66,"This service costs $1034.53 as standard price when patient does not have any insurance.
Same service costs $616.66 if patient has 'Aetna Medicaid CHIP' insurance plan.",University Hospital,hospital5,19146,Philadelphia,PA,39.9432,-75.1855
CHEST X-RAY,71045,BOTH,1034.53,,,,Standard charge with no insurance.,University Hospital,hospital5,19146,Philadelphia,PA,39.9432,-75.1855
CHEST X-RAY,71045,BOTH,1034.53,Humana,Humana Medicare HMO,578.77,"This service costs $1034.53 as standard price when patient does not have any insurance.
Same service costs $578.77 if patient has 'Humana Medicare HMO' insurance plan.",University Hospital,hospital5,19146,Philadelphia,PA,39.9432,-75.1855
CHEST X-RAY,71045,BOTH,1034.53,,,,Standard charge with no insurance.,University Hospital,hospital5,19146,Philadelphia,PA,39.9432,-75.1855
BASIC METABOLIC PANEL,80048,BOTH,1126.26,,,,"Only standard charge and no price with insurance – meaning this service is provided by the hospital directly, and not through any insurance.",University Hospital,hospital5,19146,Philadelphia,PA,39.9432,-75.1855
ABDOMINAL CT SCAN,74150,BOTH,1452.22,,,,"Only standard charge and no price with insurance – meaning this service is provided by the hospital directly, and not through any insurance.",University Hospital,hospital5,19146,Philadelphia,PA,39.9432,-75.1855
BASIC METABOLIC PANEL,80048,BOTH,375.08,,,,"Only standard charge and no price with insurance – meaning this service is provided by the hospital directly, and not through any insurance.",University Hospital,hospital5,19146,Philadelphia,PA,39.9432,-75.1855
2D ECHO,93306,OUTPATIENT,869.45,Highmark,Highmark Medicare,784.45,"This service costs $869.45 as standard price when patient does not have any insurance.
Same service costs $784.45 if patient has 'Highmark Medicare' insurance plan.",University Hospital,hospital5,19146,Philadelphia,PA,39.9432,-75.1855
2D ECHO,93306,OUTPATIENT,869.45,,,,Standard charge with no insurance.,University Hospital,hospital5,19146,Philadelphia,PA,39.9432,-75.1855
2D ECHO,93306,OUTPATIENT,1696.11,Humana,Humana Medicare PPO,1291.5,"This service costs $1696.11 as standard price when patient does not have any insurance.
Same service costs $1291.5 if patient has 'Humana Medicare PPO' insurance plan.",University Hospital,hospital5,19146,Philadelphia,PA,39.9432,-75.1855
2D ECHO,93306,OUTPATIENT,1696.11,Humana,Humana Medicare HMO,1116.67,"This service costs $1696.11 as standard price when patient does not have any insurance.
Same service costs $1116.67 if patient has 'Humana Medicare HMO' insurance plan.",University Hospital,hospital5,19146,Philadelphia,PA,39.9432,-75.1855
2D ECHO,93306,OUTPATIENT,1696.11,Humana,Humana Commercial,901.05,"This service costs $1696.11 as standard price when patient does not have any insurance.
Same service costs $901.05 if patient has 'Humana Commercial' insurance plan.",University Hospital,hospital5,19146,Philadelphia,PA,39.9432,-75.1855
2D ECHO,93306,OUTPATIENT,1696.11,,,,Standard charge with no insurance.,University Hospital,hospital5,19146,Philadelphia,PA,39.9432,-75.1855
2D ECHO,93306,OUTPATIENT,1696.11,United Healthcare,United Healthcare Commercial,1572.06,"This service costs $1696.11 as standard price when patient does not have any insurance.
Same service costs $1572.06 if patient has 'United Healthcare Commercial' insurance plan.",University Hospital,hospital5,19146,Philadelphia,PA,39.9432,-75.1855
2D ECHO,93306,OUTPATIENT,1696.11,,,,Standard charge with no insurance.,University Hospital,hospital5,19146,Philadelphia,PA,39.9432,-75.1855
2D ECHO,93306,OUTPATIENT,1696.11,Highmark,Highmark Commercial PROF,1282.01,"This service costs $1696.11 as standard price when patient does not have any insurance.
Same service costs $1282.01 if patient has 'Highmark Commercial PROF' insurance plan.",University Hospital,hospital5,19146,Philadelphia,PA,39.9432,-75.1855
2D ECHO,93306,OUTPATIENT,1696.11,Highmark,Highmark Medicare,960.98,"This service costs $1696.11 as standard price when patient does not have any insurance.
Same service costs $960.98 if patient has 'Highmark Medicare' insurance plan.",University Hospital,hospital5,19146,Philadelphia,PA,39.9432,-75.1855
2D ECHO,93306,OUTPATIENT,1696.11,,,,Standard charge with no insurance.,University Hospital,hospital5,19146,Philadelphia,PA,39.9432,-75.1855
CHG MRI BRAIN,70551,OUTPATIENT,767.33,Highmark,Highmark ACA Products PROF,435.73,"This service costs $767.33 as standard price when patient does not have any insurance.
Same service costs $435.73 if patient has 'Highmark ACA Products PROF' insurance plan.",University Hospital,hospital5,19146,Philadelphia,PA,39.9432,-75.1855
CHG MRI BRAIN,70551,OUTPATIENT,767.33,Highmark,Highmark Medicare,720.99,"This service costs $767.33 as standard price when patient does not have any insurance.
Same service costs $720.99 if patient has 'Highmark Medicare' insurance plan.",University Hospital,hospital5,19146,Philadelphia,PA,39.9432,-75.1855
CHG MRI BRAIN,70551,OUTPATIENT,767.33,,,,Standard charge with no insurance.,University Hospital,hospital5,19146,Philadelphia,PA,39.9432,-75.1855
CHG MRI BRAIN,70551,OUTPATIENT,767.33,United Healthcare,United Healthcare Commercial,520.74,"This service costs $767.33 as standard price when patient does not have any insurance.
Same service costs $520.74 if patient has 'United Healthcare Commercial' insurance plan.",University Hospital,hospital5,19146,Philadelphia,PA,39.9432,-75.1855
CHG MRI BRAIN,70551,OUTPATIENT,767.33,United Healthcare,United Healthcare Medicaid,534.91,"This service costs $767.33 as standard price when patient does not have any insurance.
Same service costs $534.91 if patient has 'United Healthcare Medicaid' insurance plan.",University Hospital,hospital5,19146,Philadelphia,PA,39.9432,-75.1855
CHG MRI BRAIN,70551,OUTPATIENT,767.33,,,,Standard charge with no insurance.,University Hospital,hospital5,19146,Philadelphia,PA,39.9432,-75.1855
COMPLETE BLOOD COUNT,85025,BOTH,1770.23,Amerihealth,Amerihealth Medicaid HC,1308.31,"This service costs $1770.23 as standard price when patient does not have any insurance.
Same service costs $1308.31 if patient has 'Amerihealth Medicaid HC' insurance plan.",University Hospital,hospital5,19146,Philadelphia,PA,39.9432,-75.1855
COMPLETE BLOOD COUNT,85025,BOTH,1770.23,Amerihealth,Amerihealth Commercial,1471.75,"This service costs $1770.23 as standard price when patient does not have any insurance.
Same service costs $1471.75 if patient has 'Amerihealth Commercial' insurance plan.",University Hospital,hospital5,19146,Philadelphia,PA,39.9432,-75.1855
COMPLETE BLOOD COUNT,85025,BOTH,1770.23,,,,Standard charge with no insurance.,University Hospital,hospital5,19146,Philadelphia,PA,39.9432,-75.1855
TRILOCK GRIDPL,C1713,BOTH,824.77,Amerihealth,Amerihealth Medicare,634.28,"This service costs $824.77 as standard price when patient does not have any insurance.
Same service costs $634.28 if patient has 'Amerihealth Medicare' insurance plan.",University Hospital,hospital5,19146,Philadelphia,PA,39.9432,-75.1855
TRILOCK GRIDPL,C1713,BOTH,824.77,,,,Standard charge with no insurance.,University Hospital,hospital5,19146,Philadelphia,PA,39.9432,-75.1855
TRILOCK GRIDPL,C1713,BOTH,824.77,Aetna,Aetna Medicare,412.49,"This service costs $824.77 as standard price when patient does not have any insurance.
Same service costs $412.49 if patient has 'Aetna Medicare' insurance plan.",University Hospital,hospital5,19146,Philadelphia,PA,39.9432,-75.1855
TRILOCK GRIDPL,C1713,BOTH,824.77,Aetna,Aetna Commercial,640.28,"This service costs $824.77 as standard price when patient does not have any insurance.
Same service costs $640.28 if patient has 'Aetna Commercial' insurance plan.",University Hospital,hospital5,19146,Philadelphia,PA,39.9432,-75.1855
TRILOCK GRIDPL,C1713,BOTH,824.77,,,,Standard charge with no insurance.,University Hospital,hospital5,19146,Philadelphia,PA,39.9432,-75.1855
COMPLETE BLOOD COUNT,85025,BOTH,917.53,Amerihealth,Amerihealth Medicaid HC,705.4,"This service costs $917.53 as standard price when patient does not have any insurance.
Same service costs $705.4 if patient has 'Amerihealth Medicaid HC' insurance plan.",University Hospital,hospital5,19146,Philadelphia,PA,39.9432,-75.1855
COMPLETE BLOOD COUNT,85025,BOTH,917.53,,,,Standard charge with no insurance.,University Hospital,hospital5,19146,Philadelphia,PA,39.9432,-75.1855
BASIC METABOLIC PANEL,80048,BOTH,356.17,,,,"Only standard charge and no price with insurance – meaning this service is provided by the hospital directly, and not through any insurance.",University Hospital,hospital5,19146,Philadelphia,PA,39.9432,-75.1855
2D ECHO,93306,OUTPATIENT,1437.91,,,,"Only standard charge and no price with insurance – meaning this service is provided by the hospital directly, and not through any insurance.",University Hospital,hospital5,19146,Philadelphia,PA,39.9432,-75.1855
