Service Description,Service Code,Setting,Standard Charge,Insurance,Plan Name,Negotiated Amount,Comments,Hospital Name,Hospital ID,Postal Code,City,State,Latitude,Longitude
BASIC METABOLIC PANEL,80048,BOTH,184.3,Highmark,Highmark Medicare,152.54,"This service costs $184.3 as standard price when patient does not have any insurance.
Same service costs $152.54 if patient has 'Highmark Medicare' insurance plan.",General Hospital,hospital1,19103,Philadelphia,PA,39.9526,-75.1652
BASIC METABOLIC PANEL,80048,BOTH,184.3,Highmark,Highmark ACA Products PROF,163.15,"This service costs $184.3 as standard price when patient does not have any insurance.
Same service costs $163.15 if patient has 'Highmark ACA Products PROF' insurance plan.",General Hospital,hospital1,19103,Philadelphia,PA,39.9526,-75.1652
BASIC METABOLIC PANEL,80048,BOTH,184.3,,,,Standard charge with no insurance.,General Hospital,hospital1,19103,Philadelphia,PA,39.9526,-75.1652
1 CC STERILE SYRINGE&NEEDLE,A4206,INPATIENT,585.01,Aetna,Aetna Medicare,397.91,"This service costs $585.01 as standard price when patient does not have any insurance.
Same service costs $397.91 if patient has 'Aetna Medicare' insurance plan.",General Hospital,hospital1,19103,Philadelphia,PA,39.9526,-75.1652
1 CC STERILE SYRINGE&NEEDLE,A4206,OUTPATIENT,585.01,Aetna,Aetna Medicare,397.91,"This service costs $585.01 as standard price when patient does not have any insurance.
Same service costs $397.91 if patient has 'Aetna Medicare' insurance plan.",General Hospital,hospital1,19103,Philadelphia,PA,39.9526,-75.1652
1 CC STERILE SYRINGE&NEEDLE,A4206,INPATIENT,585.01,,,,Standard charge with no insurance.,General Hospital,hospital1,19103,Philadelphia,PA,39.9526,-75.1652
1 CC STERILE SYRINGE&NEEDLE,A4206,OUTPATIENT,585.01,,,,Standard charge with no insurance.,General Hospital,hospital1,19103,Philadelphia,PA,39.9526,-75.1652
COMPLETE BLOOD COUNT,85025,BOTH,440.35,Aetna,Aetna Medicare,328.44,"This service costs $440.35 as standard price when patient does not have any insurance.
Same service costs $328.44 if patient has 'Aetna Medicare' insurance plan.",General Hospital,hospital1,19103,Philadelphia,PA,39.9526,-75.1652
COMPLETE BLOOD COUNT,85025,BOTH,440.35,,,,Standard charge with no insurance.,General Hospital,hospital1,19103,Philadelphia,PA,39.9526,-75.1652
COMPLETE BLOOD COUNT,85025,BOTH,440.35,Humana,Humana Medicare HMO,272.69,"This service costs $440.35 as standard price when patient does not have any insurance.
Same service costs $272.69 if patient has 'Humana Medicare HMO' insurance plan.",General Hospital,hospital1,19103,Philadelphia,PA,39.9526,-75.1652
COMPLETE BLOOD COUNT,85025,BOTH,440.35,,,,Standard charge with no insurance.,General Hospital,hospital1,19103,Philadelphia,PA,39.9526,-75.1652
ACETYLCYSTEINE NON-COMP UNIT,J7608,OUTPATIENT,1422.67,United Healthcare,United Healthcare Medicaid,781.93,"This service costs $1422.67 as standard price when patient does not have any insurance.
Same service costs $781.93 if patient has 'United Healthcare Medicaid' insurance plan.",General Hospital,hospital1,19103,Philadelphia,PA,39.9526,-75.1652
ACETYLCYSTEINE NON-COMP UNIT,J7608,INPATIENT,1422.67,United Healthcare,United Healthcare Medicaid,781.93,"This service costs $1422.67 as standard price when patient does not have any insurance.
Same service costs $781.93 if patient has 'United Healthcare Medicaid' insurance plan.",General Hospital,hospital1,19103,Philadelphia,PA,39.9526,-75.1652
ACETYLCYSTEINE NON-COMP UNIT,J7608,OUTPATIENT,1422.67,United Healthcare,United Healthcare CHIP,1275.21,"This service costs $1422.67 as standard price when patient does not have any insurance.
Same service costs $1275.21 if patient has 'United Healthcare CHIP' insurance plan.",General Hospital,hospital1,19103,Philadelphia,PA,39.9526,-75.1652
ACETYLCYSTEINE NON-COMP UNIT,J7608,INPATIENT,1422.67,United Healthcare,United Healthcare CHIP,1275.21,"This service costs $1422.67 as standard price when patient does not have any insurance.
Same service costs $1275.21 if patient has 'United Healthcare CHIP' insurance plan.",General Hospital,hospital1,19103,Philadelphia,PA,39.9526,-75.1652
ACETYLCYSTEINE NON-COMP UNIT,J7608,OUTPATIENT,1422.67,United Healthcare,United Healthcare Commercial,1136.15,"This service costs $1422.67 as standard price when patient does not have any insurance.
Same service costs $1136.15 if patient has 'United Healthcare Commercial' insurance plan.",General Hospital,hospital1,19103,Philadelphia,PA,39.9526,-75.1652
ACETYLCYSTEINE NON-COMP UNIT,J7608,INPATIENT,1422.67,United Healthcare,United Healthcare Commercial,1136.15,"This service costs $1422.67 as standard price when patient does not have any insurance.
Same service costs $1136.15 if patient has 'United Healthcare Commercial' insurance plan.",General Hospital,hospital1,19103,Philadelphia,PA,39.9526,-75.1652
ACETYLCYSTEINE NON-COMP UNIT,J7608,OUTPATIENT,1422.67,,,,Standard charge with no insurance.,General Hospital,hospital1,19103,Philadelphia,PA,39.9526,-75.1652
ACETYLCYSTEINE NON-COMP UNIT,J7608,INPATIENT,1422.67,,,,Standard charge with no insurance.,General Hospital,hospital1,19103,Philadelphia,PA,39.9526,-75.1652
ACETYLCYSTEINE NON-COMP UNIT,J7608,OUTPATIENT,1422.67,Amerihealth,Amerihealth Medicare,1063.99,"This service costs $1422.67 as standard price when patient does not have any insurance.
Same service costs $1063.99 if patient has 'Amerihealth Medicare' insurance plan.",General Hospital,hospital1,19103,Philadelphia,PA,39.9526,-75.1652
ACETYLCYSTEINE NON-COMP UNIT,J7608,INPATIENT,1422.67,Amerihealth,Amerihealth Medicare,1063.99,"This service costs $1422.67 as standard price when patient does not have any insurance.
Same service costs $1063.99 if patient has 'Amerihealth Medicare' insurance plan.",General Hospital,hospital1,19103,Philadelphia,PA,39.9526,-75.1652
ACETYLCYSTEINE NON-COMP UNIT,J7608,OUTPATIENT,1422.67,Amerihealth,Amerihealth Commercial,1263.93,"This service costs $1422.67 as standard price when patient does not have any insurance.
Same service costs $1263.93 if patient has 'Amerihealth Commercial' insurance plan.",General Hospital,hospital1,19103,Philadelphia,PA,39.9526,-75.1652
ACETYLCYSTEINE NON-COMP UNIT,J7608,INPATIENT,1422.67,Amerihealth,Amerihealth Commercial,1263.93,"This service costs $1422.67 as standard price when patient does not have any insurance.
Same service costs $1263.93 if patient has 'Amerihealth Commercial' insurance plan.",General Hospital,hospital1,19103,Philadelphia,PA,39.9526,-75.1652
ACETYLCYSTEINE NON-COMP UNIT,J7608,OUTPATIENT,1422.67,,,,Standard charge with no insurance.,General Hospital,hospital1,19103,Philadelphia,PA,39.9526,-75.1652
ACETYLCYSTEINE NON-COMP UNIT,J7608,INPATIENT,1422.67,,,,Standard charge with no insurance.,General Hospital,hospital1,19103,Philadelphia,PA,39.9526,-75.1652
ACETYLCYSTEINE NON-COMP UNIT,J7608,OUTPATIENT,1422.67,Aetna,Aetna Medicare,1087.41,"This service costs $1422.67 as standard price when patient does not have any insurance.
Same service costs $1087.41 if patient has 'Aetna Medicare' insurance plan.",General Hospital,hospital1,19103,Philadelphia,PA,39.9526,-75.1652
ACETYLCYSTEINE NON-COMP UNIT,J7608,INPATIENT,1422.67,Aetna,Aetna Medicare,1087.41,"This service costs $1422.67 as standard price when patient does not have any insurance.
Same service costs $1087.41 if patient has 'Aetna Medicare' insurance plan.",General Hospital,hospital1,19103,Philadelphia,PA,39.9526,-75.1652
ACETYLCYSTEINE NON-COMP UNIT,J7608,OUTPATIENT,1422.67,,,,Standard charge with no insurance.,General Hospital,hospital1,19103,Philadelphia,PA,39.9526,-75.1652
ACETYLCYSTEINE NON-COMP UNIT,J7608,INPATIENT,1422.67,,,,Standard charge with no insurance.,General Hospital,hospital1,19103,Philadelphia,PA,39.9526,-75.1652
ABDOMINAL CT SCAN,74150,BOTH,1442.38,Aetna,Aetna Medicaid CHIP,834.72,"This service costs $1442.38 as standard price when patient does not have any insurance.
Same service costs $834.72 if patient has 'Aetna Medicaid CHIP' insurance plan.",General Hospital,hospital1,19103,Philadelphia,PA,39.9526,-75.1652
ABDOMINAL CT SCAN,74150,BOTH,1442.38,Aetna,Aetna Commercial,1148.49,"This service costs $1442.38 as standard price when patient does not have any insurance.
Same service costs $1148.49 if patient has 'Aetna Commercial' insurance plan.",General Hospital,hospital1,19103,Philadelphia,PA,39.9526,-75.1652
ABDOMINAL CT SCAN,74150,BOTH,1442.38,,,,Standard charge with no insurance.,General Hospital,hospital1,19103,Philadelphia,PA,39.9526,-75.1652
ABDOMINAL CT SCAN,74150,BOTH,1442.38,Humana,Humana Commercial,998.62,"This service costs $1442.38 as standard price when patient does not have any insurance.
Same service costs $998.62 if patient has 'Humana Commercial' insurance plan.",General Hospital,hospital1,19103,Philadelphia,PA,39.9526,-75.1652
ABDOMINAL CT SCAN,74150,BOTH,1442.38,Humana,Humana Medicare HMO,829.42,"This service costs $1442.38 as standard price when patient does not have any insurance.
Same service costs $829.42 if patient has 'Humana Medicare HMO' insurance plan.",General Hospital,hospital1,19103,Philadelphia,PA,39.9526,-75.1652
ABDOMINAL CT SCAN,74150,BOTH,1442.38,Humana,Humana Medicare PPO,1230.87,"This service costs $1442.38 as standard price when patient does not have any insurance.
Same service costs $1230.87 if patient has 'Humana Medicare PPO' insurance plan.",General Hospital,hospital1,19103,Philadelphia,PA,39.9526,-75.1652
ABDOMINAL CT SCAN,74150,BOTH,1442.38,,,,Standard charge with no insurance.,General Hospital,hospital1,19103,Philadelphia,PA,39.9526,-75.1652
ABDOMINAL CT SCAN,74150,BOTH,1442.38,United Healthcare,United Healthcare Commercial,998.73,"This service costs $1442.38 as standard price when patient does not have any insurance.
Same service costs $998.73 if patient has 'United Healthcare Commercial' insurance plan.",General Hospital,hospital1,19103,Philadelphia,PA,39.9526,-75.1652
ABDOMINAL CT SCAN,74150,BOTH,1442.38,United Healthcare,United Healthcare Medicaid,1019.38,"This service costs $1442.38 as standard price when patient does not have any insurance.
Same service costs $1019.38 if patient has 'United Healthcare Medicaid' insurance plan.",General Hospital,hospital1,19103,Philadelphia,PA,39.9526,-75.1652
ABDOMINAL CT SCAN,74150,BOTH,1442.38,United Healthcare,United Healthcare CHIP,943.13,"This service costs $1442.38 as standard price when patient does not have any insurance.
Same service costs $943.13 if patient has 'United Healthcare CHIP' insurance plan.",General Hospital,hospital1,19103,Philadelphia,PA,39.9526,-75.1652
ABDOMINAL CT SCAN,74150,BOTH,1442.38,,,,Standard charge with no insurance.,General Hospital,hospital1,19103,Philadelphia,PA,39.9526,-75.1652
TRILOCK SCAPHOID PLATE,C1713,BOTH,1503.61,,,,"Only standard charge and no price with insurance – meaning this service is provided by the hospital directly, and not through any insurance.",General Hospital,hospital1,19103,Philadelphia,PA,39.9526,-75.1652
2D ECHO,93306,OUTPATIENT,687.43,United Healthcare,United Healthcare Commercial,534.27,"This service costs $687.43 as standard price when patient does not have any insurance.
Same service costs $534.27 if patient has 'United Healthcare Commercial' insurance plan.",General Hospital,hospital1,19103,Philadelphia,PA,39.9526,-75.1652
2D ECHO,93306,OUTPATIENT,687.43,United Healthcare,United Healthcare Medicaid,400.76,"This service costs $687.43 as standard price when patient does not have any insurance.
Same service costs $400.76 if patient has 'United Healthcare Medicaid' insurance plan.",General Hospital,hospital1,19103,Philadelphia,PA,39.9526,-75.1652
2D ECHO,93306,OUTPATIENT,687.43,United Healthcare,United Healthcare CHIP,425.85,"This service costs $687.43 as standard price when patient does not have any insurance.
Same service costs $425.85 if patient has 'United Healthcare CHIP' insurance plan.",General Hospital,hospital1,19103,Philadelphia,PA,39.9526,-75.1652
2D ECHO,93306,OUTPATIENT,687.43,,,,Standard charge with no insurance.,General Hospital,hospital1,19103,Philadelphia,PA,39.9526,-75.1652
CHEST X-RAY,71045,BOTH,297.03,Amerihealth,Amerihealth Medicare,163.9,"This service costs $297.03 as standard price when patient does not have any insurance.
Same service costs $163.9 if patient has 'Amerihealth Medicare' insurance plan.",General Hospital,hospital1,19103,Philadelphia,PA,39.9526,-75.1652
CHEST X-RAY,71045,BOTH,297.03,Amerihealth,Amerihealth Medicaid HC,205.94,"This service costs $297.03 as standard price when patient does not have any insurance.
Same service costs $205.94 if patient has 'Amerihealth Medicaid HC' insurance plan.",General Hospital,hospital1,19103,Philadelphia,PA,39.9526,-75.1652
CHEST X-RAY,71045,BOTH,297.03,,,,Standard charge with no insurance.,General Hospital,hospital1,19103,Philadelphia,PA,39.9526,-75.1652
CHG MRI BRAIN,70551,OUTPATIENT,138.42,,,,"Only standard charge and no price with insurance – meaning this service is provided by the hospital directly, and not through any insurance.",General Hospital,hospital1,19103,Philadelphia,PA,39.9526,-75.1652
TRILOCK GRIDPL,C1713,BOTH,867.87,Humana,Humana Medicare PPO,816.48,"This service costs $867.87 as standard price when patient does not have any insurance.
Same service costs $816.48 if patient has 'Humana Medicare PPO' insurance plan.",General Hospital,hospital1,19103,Philadelphia,PA,39.9526,-75.1652
TRILOCK GRIDPL,C1713,BOTH,867.87,Humana,Humana Commercial,766.13,"This service costs $867.87 as standard price when patient does not have any insurance.
Same service costs $766.13 if patient has 'Humana Commercial' insurance plan.",General Hospital,hospital1,19103,Philadelphia,PA,39.9526,-75.1652
TRILOCK GRIDPL,C1713,BOTH,867.87,,,,Standard charge with no insurance.,General Hospital,hospital1,19103,Philadelphia,PA,39.9526,-75.1652
CHG MRI BRAIN,70551,OUTPATIENT,1164.56,,,,"Only standard charge and no price with insurance – meaning this service is provided by the hospital directly, and not through any insurance.",General Hospital,hospital1,19103,Philadelphia,PA,39.9526,-75.1652
COMPLETE BLOOD COUNT,85025,BOTH,1880.77,,,,"Only standard charge and no price with insurance – meaning this service is provided by the hospital directly, and not through any insurance.",General Hospital,hospital1,19103,Philadelphia,PA,39.9526,-75.1652
ABDOMINAL CT SCAN,74150,BOTH,1987.09,United Healthcare,United Healthcare Medicaid,1370.12,"This service costs $1987.09 as standard price when patient does not have any insurance.
Same service costs $1370.12 if patient has 'United Healthcare Medicaid' insurance plan.",General Hospital,hospital1,19103,Philadelphia,PA,39.9526,-75.1652
ABDOMINAL CT SCAN,74150,BOTH,1987.09,,,,Standard charge with no insurance.,General Hospital,hospital1,19103,Philadelphia,PA,39.9526,-75.1652
ABDOMINAL CT SCAN,74150,BOTH,1987.09,Amerihealth,Amerihealth Medicaid HC,1263.01,"This service costs $1987.09 as standard price when patient does not have any insurance.
Same service costs $1263.01 if patient has 'Amerihealth Medicaid HC' insurance plan.",General Hospital,hospital1,19103,Philadelphia,PA,39.9526,-75.1652
ABDOMINAL CT SCAN,74150,BOTH,1987.09,Amerihealth,Amerihealth Medicare,1083.86,"This service costs $1987.09 as standard price when patient does not have any insurance.
Same service costs $1083.86 if patient has 'Amerihealth Medicare' insurance plan.",General Hospital,hospital1,19103,Philadelphia,PA,39.9526,-75.1652
ABDOMINAL CT SCAN,74150,BOTH,1987.09,,,,Standard charge with no insurance.,General Hospital,hospital1,19103,Philadelphia,PA,39.9526,-75.1652
ABDOMINAL CT SCAN,74150,BOTH,1987.09,Aetna,Aetna Commercial,1361.3,"This service costs $1987.09 as standard price when patient does not have any insurance.
Same service costs $1361.3 if patient has 'Aetna Commercial' insurance plan.",General Hospital,hospital1,19103,Philadelphia,PA,39.9526,-75.1652
ABDOMINAL CT SCAN,74150,BOTH,1987.09,Aetna,Aetna Medicare,1403.29,"This service costs $1987.09 as standard price when patient does not have any insurance.
Same service costs $1403.29 if patient has 'Aetna Medicare' insurance plan.",General Hospital,hospital1,19103,Philadelphia,PA,39.9526,-75.1652
ABDOMINAL CT SCAN,74150,BOTH,1987.09,,,,Standard charge with no insurance.,General Hospital,hospital1,19103,Philadelphia,PA,39.9526,-75.1652
2D ECHO,93306,OUTPATIENT,1917.14,Highmark,Highmark Commercial PROF,1105.86,"This service costs $1917.14 as standard price when patient does not have any insurance.
Same service costs $1105.86 if patient has 'Highmark Commercial PROF' insurance plan.",General Hospital,hospital1,19103,Philadelphia,PA,39.9526,-75.1652
2D ECHO,93306,OUTPATIENT,1917.14,,,,Standard charge with no insurance.,General Hospital,hospital1,19103,Philadelphia,PA,39.9526,-75.1652
ABDOMINAL CT SCAN,74150,BOTH,824.54,Aetna,Aetna Commercial,728.85,"This service costs $824.54 as standard price when patient does not have any insurance.
Same service costs $728.85 if patient has 'Aetna Commercial' insurance plan.",General Hospital,hospital1,19103,Philadelphia,PA,39.9526,-75.1652
ABDOMINAL CT SCAN,74150,BOTH,824.54,Aetna,Aetna Medicare,704.8,"This service costs $824.54 as standard price when patient does not have any insurance.
Same service costs $704.8 if patient has 'Aetna Medicare' insurance plan.",General Hospital,hospital1,19103,Philadelphia,PA,39.9526,-75.1652
ABDOMINAL CT SCAN,74150,BOTH,824.54,,,,Standard charge with no insurance.,General Hospital,hospital1,19103,Philadelphia,PA,39.9526,-75.1652
ABDOMINAL CT SCAN,74150,BOTH,824.54,Highmark,Highmark ACA Products PROF,612.35,"This service costs $824.54 as standard price when patient does not have any insurance.
Same service costs $612.35 if patient has 'Highmark ACA Products PROF' insurance plan.",General Hospital,hospital1,19103,Philadelphia,PA,39.9526,-75.1652
ABDOMINAL CT SCAN,74150,BOTH,824.54,Highmark,Highmark Medicare,530.38,"This service costs $824.54 as standard price when patient does not have any insurance.
Same service costs $530.38 if patient has 'Highmark Medicare' insurance plan.",General Hospital,hospital1,19103,Philadelphia,PA,39.9526,-75.1652
ABDOMINAL CT SCAN,74150,BOTH,824.54,Highmark,Highmark Commercial PROF,441.79,"This service costs $824.54 as standard price when patient does not have any insurance.
Same service costs $441.79 if patient has 'Highmark Commercial PROF' insurance plan.",General Hospital,hospital1,19103,Philadelphia,PA,39.9526,-75.1652
ABDOMINAL CT SCAN,74150,BOTH,824.54,,,,Standard charge with no insurance.,General Hospital,hospital1,19103,Philadelphia,PA,39.9526,-75.1652
CHEST X-RAY,71045,BOTH,1229.16,Aetna,Aetna Medicaid CHIP,801.77,"This service costs $1229.16 as standard price when patient does not have any insurance.
Same service costs $801.77 if patient has 'Aetna Medicaid CHIP' insurance plan.",General Hospital,hospital1,19103,Philadelphia,PA,39.9526,-75.1652
CHEST X-RAY,71045,BOTH,1229.16,Aetna,Aetna Commercial,927.89,"This service costs $1229.16 as standard price when patient does not have any insurance.
Same service costs $927.89 if patient has 'Aetna Commercial' insurance plan.",General Hospital,hospital1,19103,Philadelphia,PA,39.9526,-75.1652
CHEST X-RAY,71045,BOTH,1229.16,Aetna,Aetna Medicare,842.14,"This service costs $1229.16 as standard price when patient does not have any insurance.
Same service costs $842.14 if patient has 'Aetna Medicare' insurance plan.",General Hospital,hospital1,19103,Philadelphia,PA,39.9526,-75.1652
CHEST X-RAY,71045,BOTH,1229.16,,,,Standard charge with no insurance.,General Hospital,hospital1,19103,Philadelphia,PA,39.9526,-75.1652
CHEST X-RAY,71045,BOTH,1229.16,United Healthcare,United Healthcare Medicaid,833.76,"This service costs $1229.16 as standard price when patient does not have any insurance.
Same service costs $833.76 if patient has 'United Healthcare Medicaid' insurance plan.",General Hospital,hospital1,19103,Philadelphia,PA,39.9526,-75.1652
CHEST X-RAY,71045,BOTH,1229.16,United Healthcare,United Healthcare Commercial,1062.9,"This service costs $1229.16 as standard price when patient does not have any insurance.
Same service costs $1062.9 if patient has 'United Healthcare Commercial' insurance plan.",General Hospital,hospital1,19103,Philadelphia,PA,39.9526,-75.1652
CHEST X-RAY,71045,BOTH,1229.16,United Healthcare,United Healthcare CHIP,824.94,"This service costs $1229.16 as standard price when patient does not have any insurance.
Same service costs $824.94 if patient has 'United Healthcare CHIP' insurance plan.",General Hospital,hospital1,19103,Philadelphia,PA,39.9526,-75.1652
CHEST X-RAY,71045,BOTH,1229.16,,,,Standard charge with no insurance.,General Hospital,hospital1,19103,Philadelphia,PA,39.9526,-75.1652
CHEST X-RAY,71045,BOTH,1229.16,Humana,Humana Medicare PPO,841.82,"This service costs $1229.16 as standard price when patient does not have any insurance.
Same service costs $841.82 if patient has 'Humana Medicare PPO' insurance plan.",General Hospital,hospital1,19103,Philadelphia,PA,39.9526,-75.1652
CHEST X-RAY,71045,BOTH,1229.16,,,,Standard charge with no insurance.,General Hospital,hospital1,19103,Philadelphia,PA,39.9526,-75.1652
2D ECHO,93306,OUTPATIENT,1646.73,Humana,Humana Medicare HMO,1477.11,"This service costs $1646.73 as standard price when patient does not have any insurance.
Same service costs $1477.11 if patient has 'Humana Medicare HMO' insurance plan.",General Hospital,hospital1,19103,Philadelphia,PA,39.9526,-75.1652
2D ECHO,93306,OUTPATIENT,1646.73,,,,Standard charge with no insurance.,General Hospital,hospital1,19103,Philadelphia,PA,39.9526,-75.1652
2D ECHO,93306,OUTPATIENT,1646.73,United Healthcare,United Healthcare Commercial,1203.01,"This service costs $1646.73 as standard price when patient does not have any insurance.
Same service costs $1203.01 if patient has 'United Healthcare Commercial' insurance plan.",General Hospital,hospital1,19103,Philadelphia,PA,39.9526,-75.1652
2D ECHO,93306,OUTPATIENT,1646.73,United Healthcare,United Healthcare Medicaid,1000.42,"This service costs $1646.73 as standard price when patient does not have any insurance.
Same service costs $1000.42 if patient has 'United Healthcare Medicaid' insurance plan.",General Hospital,hospital1,19103,Philadelphia,PA,39.9526,-75.1652
2D ECHO,93306,OUTPATIENT,1646.73,United Healthcare,United Healthcare CHIP,1349.43,"This service costs $1646.73 as standard price when patient does not have any insurance.
Same service costs $1349.43 if patient has 'United Healthcare CHIP' insurance plan.",General Hospital,hospital1,19103,Philadelphia,PA,39.9526,-75.1652
2D ECHO,93306,OUTPATIENT,1646.73,,,,Standard charge with no insurance.,General Hospital,hospital1,19103,Philadelphia,PA,39.9526,-75.1652
2D ECHO,93306,OUTPATIENT,1646.73,Aetna,Aetna Commercial,1128.61,"This service costs $1646.73 as standard price when patient does not have any insurance.
Same service costs $1128.61 if patient has 'Aetna Commercial' insurance plan.",General Hospital,hospital1,19103,Philadelphia,PA,39.9526,-75.1652
2D ECHO,93306,OUTPATIENT,1646.73,Aetna,Aetna Medicaid CHIP,1294.89,"This service costs $1646.73 as standard price when patient does not have any insurance.
Same service costs $1294.89 if patient has 'Aetna Medicaid CHIP' insurance plan.",General Hospital,hospital1,19103,Philadelphia,PA,39.9526,-75.1652
2D ECHO,93306,OUTPATIENT,1646.73,Aetna,Aetna Medicare,1236.76,"This service costs $1646.73 as standard price when patient does not have any insurance.
Same service costs $1236.76 if patient has 'Aetna Medicare' insurance plan.",General Hospital,hospital1,19103,Philadelphia,PA,39.9526,-75.1652
2D ECHO,93306,OUTPATIENT,1646.73,,,,Standard charge with no insurance.,General Hospital,hospital1,19103,Philadelphia,PA,39.9526,-75.1652
CHG MRI BRAIN,70551,OUTPATIENT,106.13,Humana,Humana Commercial,90.46,"This service costs $106.13 as standard price when patient does not have any insurance.
Same service costs $90.46 if patient has 'Humana Commercial' insurance plan.",General Hospital,hospital1,19103,Philadelphia,PA,39.9526,-75.1652
CHG MRI BRAIN,70551,OUTPATIENT,106.13,Humana,Humana Medicare HMO,86.06,"This service costs $106.13 as standard price when patient does not have any insurance.
Same service costs $86.06 if patient has 'Humana Medicare HMO' insurance plan.",General Hospital,hospital1,19103,Philadelphia,PA,39.9526,-75.1652
CHG MRI BRAIN,70551,OUTPATIENT,106.13,Humana,Humana Medicare PPO,61.35,"This service costs $106.13 as standard price when patient does not have any insurance.
Same service costs $61.35 if patient has 'Humana Medicare PPO' insurance plan.",General Hospital,hospital1,19103,Philadelphia,PA,39.9526,-75.1652
CHG MRI BRAIN,70551,OUTPATIENT,106.13,,,,Standard charge with no insurance.,General Hospital,hospital1,19103,Philadelphia,PA,39.9526,-75.1652
2D ECHO,93306,OUTPATIENT,1034.33,Highmark,Highmark Commercial PROF,648.99,"This service costs $1034.33 as standard price when patient does not have any insurance.
Same service costs $648.99 if patient has 'Highmark Commercial PROF' insurance plan.",General Hospital,hospital1,19103,Philadelphia,PA,39.9526,-75.1652
2D ECHO,93306,OUTPATIENT,1034.33,,,,Standard charge with no insurance.,General Hospital,hospital1,19103,Philadelphia,PA,39.9526,-75.1652
2D ECHO,93306,OUTPATIENT,1034.33,Humana,Humana Commercial,734.94,"This service costs $1034.33 as standard price when patient does not have any insurance.
Same service costs $734.94 if patient has 'Humana Commercial' insurance plan.",General Hospital,hospital1,19103,Philadelphia,PA,39.9526,-75.1652
2D ECHO,93306,OUTPATIENT,1034.33,,,,Standard charge with no insurance.,General Hospital,hospital1,19103,Philadelphia,PA,39.9526,-75.1652
2D ECHO,93306,OUTPATIENT,1034.33,Aetna,Aetna Commercial,748.61,"This service costs $1034.33 as standard price when patient does not have any insurance.
Same service costs $748.61 if patient has 'Aetna Commercial' insurance plan.",General Hospital,hospital1,19103,Philadelphia,PA,39.9526,-75.1652
2D ECHO,93306,OUTPATIENT,1034.33,,,,Standard charge with no insurance.,General Hospital,hospital1,19103,Philadelphia,PA,39.9526,-75.1652
2D ECHO,93306,OUTPATIENT,1472.8,,,,"Only standard charge and no price with insurance – meaning this service is provided by the hospital directly, and not through any insurance.",General Hospital,hospital1,19103,Philadelphia,PA,39.9526,-75.1652
COMPLETE BLOOD COUNT,85025,BOTH,812.37,United Healthcare,United Healthcare Commercial,621.05,"This service costs $812.37 as standard price when patient does not have any insurance.
Same service costs $621.05 if patient has 'United Healthcare Commercial' insurance plan.",General Hospital,hospital1,19103,Philadelphia,PA,39.9526,-75.1652
COMPLETE BLOOD COUNT,85025,BOTH,812.37,United Healthcare,United Healthcare Medicaid,505.4,"This service costs $812.37 as standard price when patient does not have any insurance.
Same service costs $505.4 if patient has 'United Healthcare Medicaid' insurance plan.",General Hospital,hospital1,19103,Philadelphia,PA,39.9526,-75.1652
COMPLETE BLOOD COUNT,85025,BOTH,812.37,United Healthcare,United Healthcare CHIP,724.1,"This service costs $812.37 as standard price when patient does not have any insurance.
Same service costs $724.1 if patient has 'United Healthcare CHIP' insurance plan.",General Hospital,hospital1,19103,Philadelphia,PA,39.9526,-75.1652
COMPLETE BLOOD COUNT,85025,BOTH,812.37,,,,Standard charge with no insurance.,General Hospital,hospital1,19103,Philadelphia,PA,39.9526,-75.1652
COMPLETE BLOOD COUNT,85025,BOTH,812.37,Humana,Humana Medicare PPO,414.54,"This service costs $812.37 as standard price when patient does not have any insurance.
Same service costs $414.54 if patient has 'Humana Medicare PPO' insurance plan.",General Hospital,hospital1,19103,Philadelphia,PA,39.9526,-75.1652
COMPLETE BLOOD COUNT,85025,BOTH,812.37,Humana,Humana Commercial,620.25,"This service costs $812.37 as standard price when patient does not have any insurance.
Same service costs $620.25 if patient has 'Humana Commercial' insurance plan.",General Hospital,hospital1,19103,Philadelphia,PA,39.9526,-75.1652
COMPLETE BLOOD COUNT,85025,BOTH,812.37,,,,Standard charge with no insurance.,General Hospital,hospital1,19103,Philadelphia,PA,39.9526,-75.1652
2D ECHO,93306,OUTPATIENT,1966.68,Amerihealth,Amerihealth Medicare,1574.59,"This service costs $1966.68 as standard price when patient does not have any insurance.
Same service costs $1574.59 if patient has 'Amerihealth Medicare' insurance plan.",General Hospital,hospital1,19103,Philadelphia,PA,39.9526,-75.1652
2D ECHO,93306,OUTPATIENT,1966.68,Amerihealth,Amerihealth Medicaid HC,1535.45,"This service costs $1966.68 as standard price when patient does not have any insurance.
Same service costs $1535.45 if patient has 'Amerihealth Medicaid HC' insurance plan.",General Hospital,hospital1,19103,Philadelphia,PA,39.9526,-75.1652
2D ECHO,93306,OUTPATIENT,1966.68,,,,Standard charge with no insurance.,General Hospital,hospital1,19103,Philadelphia,PA,39.9526,-75.1652
2D ECHO,93306,OUTPATIENT,1966.68,Aetna,Aetna Commercial,1089.44,"This service costs $1966.68 as standard price when patient does not have any insurance.
Same service costs $1089.44 if patient has 'Aetna Commercial' insurance plan.",General Hospital,hospital1,19103,Philadelphia,PA,39.9526,-75.1652
2D ECHO,93306,OUTPATIENT,1966.68,Aetna,Aetna Medicare,1134.15,"This service costs $1966.68 as standard price when patient does not have any insurance.
Same service costs $1134.15 if patient has 'Aetna Medicare' insurance plan.",General Hospital,hospital1,19103,Philadelphia,PA,39.9526,-75.1652
2D ECHO,93306,OUTPATIENT,1966.68,,,,Standard charge with no insurance.,General Hospital,hospital1,19103,Philadelphia,PA,39.9526,-75.1652
2D ECHO,93306,OUTPATIENT,1966.68,Highmark,Highmark Commercial PROF,1382.59,"This service costs $1966.68 as standard price when patient does not have any insurance.
Same service costs $1382.59 if patient has 'Highmark Commercial PROF' insurance plan.",General Hospital,hospital1,19103,Philadelphia,PA,39.9526,-75.1652
2D ECHO,93306,OUTPATIENT,1966.68,Highmark,Highmark ACA Products PROF,1721.88,"This service costs $1966.68 as standard price when patient does not have any insurance.
Same service costs $1721.88 if patient has 'Highmark ACA Products PROF' insurance plan.",General Hospital,hospital1,19103,Philadelphia,PA,39.9526,-75.1652
2D ECHO,93306,OUTPATIENT,1966.68,,,,Standard charge with no insurance.,General Hospital,hospital1,19103,Philadelphia,PA,39.9526,-75.1652
COMPLETE BLOOD COUNT,85025,BOTH,1898.61,Aetna,Aetna Medicare,1071.95,"This service costs $1898.61 as standard price when patient does not have any insurance.
Same service costs $1071.95 if patient has 'Aetna Medicare' insurance plan.",General Hospital,hospital1,19103,Philadelphia,PA,39.9526,-75.1652
COMPLETE BLOOD COUNT,85025,BOTH,1898.61,,,,Standard charge with no insurance.,General Hospital,hospital1,19103,Philadelphia,PA,39.9526,-75.1652
COMPLETE BLOOD COUNT,85025,BOTH,1898.61,Amerihealth,Amerihealth Commercial,1753.86,"This service costs $1898.61 as standard price when patient does not have any insurance.
Same service costs $1753.86 if patient has 'Amerihealth Commercial' insurance plan.",General Hospital,hospital1,19103,Philadelphia,PA,39.9526,-75.1652
COMPLETE BLOOD COUNT,85025,BOTH,1898.61,Amerihealth,Amerihealth Medicare,964.59,"This service costs $1898.61 as standard price when patient does not have any insurance.
Same service costs $964.59 if patient has 'Amerihealth Medicare' insurance plan.",General Hospital,hospital1,19103,Philadelphia,PA,39.9526,-75.1652
COMPLETE BLOOD COUNT,85025,BOTH,1898.61,Amerihealth,Amerihealth Medicaid HC,1162.3,"This service costs $1898.61 as standard price when patient does not have any insurance.
Same service costs $1162.3 if patient has 'Amerihealth Medicaid HC' insurance plan.",General Hospital,hospital1,19103,Philadelphia,PA,39.9526,-75.1652
COMPLETE BLOOD COUNT,85025,BOTH,1898.61,,,,Standard charge with no insurance.,General Hospital,hospital1,19103,Philadelphia,PA,39.9526,-75.1652
TRILOCK SCAPHOID PLATE,C1713,BOTH,1944.55,Humana,Humana Medicare PPO,1407.03,"This service costs $1944.55 as standard price when patient does not have any insurance.
Same service costs $1407.03 if patient has 'Humana Medicare PPO' insurance plan.",General Hospital,hospital1,19103,Philadelphia,PA,39.9526,-75.1652
TRILOCK SCAPHOID PLATE,C1713,BOTH,1944.55,Humana,Humana Medicare HMO,1448.63,"This service costs $1944.55 as standard price when patient does not have any insurance.
Same service costs $1448.63 if patient has 'Humana Medicare HMO' insurance plan.",General Hospital,hospital1,19103,Philadelphia,PA,39.9526,-75.1652
TRILOCK SCAPHOID PLATE,C1713,BOTH,1944.55,,,,Standard charge with no insurance.,General Hospital,hospital1,19103,Philadelphia,PA,39.9526,-75.1652
TRILOCK SCAPHOID PLATE,C1713,BOTH,1944.55,Aetna,Aetna Commercial,1599.56,"This service costs $1944.55 as standard price when patient does not have any insurance.
Same service costs $1599.56 if patient has 'Aetna Commercial' insurance plan.",General Hospital,hospital1,19103,Philadelphia,PA,39.9526,-75.1652
TRILOCK SCAPHOID PLATE,C1713,BOTH,1944.55,Aetna,Aetna Medicare,1635.5,"This service costs $1944.55 as standard price when patient does not have any insurance.
Same service costs $1635.5 if patient has 'Aetna Medicare' insurance plan.",General Hospital,hospital1,19103,Philadelphia,PA,39.9526,-75.1652
TRILOCK SCAPHOID PLATE,C1713,BOTH,1944.55,,,,Standard charge with no insurance.,General Hospital,hospital1,19103,Philadelphia,PA,39.9526,-75.1652
TRILOCK SCAPHOID PLATE,C1713,BOTH,355.19,Amerihealth,Amerihealth Medicaid HC,230.77,"This service costs $355.19 as standard price when patient does not have any insurance.
Same service costs $230.77 if patient has 'Amerihealth Medicaid HC' insurance plan.",General Hospital,hospital1,19103,Philadelphia,PA,39.9526,-75.1652
TRILOCK SCAPHOID PLATE,C1713,BOTH,355.19,Amerihealth,Amerihealth Commercial,206.31,"This service costs $355.19 as standard price when patient does not have any insurance.
Same service costs $206.31 if patient has 'Amerihealth Commercial' insurance plan.",General Hospital,hospital1,19103,Philadelphia,PA,39.9526,-75.1652
TRILOCK SCAPHOID PLATE,C1713,BOTH,355.19,,,,Standard charge with no insurance.,General Hospital,hospital1,19103,Philadelphia,PA,39.9526,-75.1652
TRILOCK SCAPHOID PLATE,C1713,BOTH,355.19,Humana,Humana Commercial,211.11,"This service costs $355.19 as standard price when patient does not have any insurance.
Same service costs $211.11 if patient has 'Humana Commercial' insurance plan.",General Hospital,hospital1,19103,Philadelphia,PA,39.9526,-75.1652
TRILOCK SCAPHOID PLATE,C1713,BOTH,355.19,Humana,Humana Medicare HMO,304.85,"This service costs $355.19 as standard price when patient does not have any insurance.
Same service costs $304.85 if patient has 'Humana Medicare HMO' insurance plan.",General Hospital,hospital1,19103,Philadelphia,PA,39.9526,-75.1652
TRILOCK SCAPHOID PLATE,C1713,BOTH,355.19,Humana,Humana Medicare PPO,260.35,"This service costs $355.19 as standard price when patient does not have any insurance.
Same service costs $260.35 if patient has 'Humana Medicare PPO' insurance plan.",General Hospital,hospital1,19103,Philadelphia,PA,39.9526,-75.1652
TRILOCK SCAPHOID PLATE,C1713,BOTH,355.19,,,,Standard charge with no insurance.,General Hospital,hospital1,19103,Philadelphia,PA,39.9526,-75.1652
TRILOCK SCAPHOID PLATE,C1713,BOTH,355.19,Highmark,Highmark Medicare,221.25,"This service costs $355.19 as standard price when patient does not have any insurance.
Same service costs $221.25 if patient has 'Highmark Medicare' insurance plan.",General Hospital,hospital1,19103,Philadelphia,PA,39.9526,-75.1652
TRILOCK SCAPHOID PLATE,C1713,BOTH,355.19,Highmark,Highmark ACA Products PROF,299.91,"This service costs $355.19 as standard price when patient does not have any insurance.
Same service costs $299.91 if patient has 'Highmark ACA Products PROF' insurance plan.",General Hospital,hospital1,19103,Philadelphia,PA,39.9526,-75.1652
TRILOCK SCAPHOID PLATE,C1713,BOTH,355.19,,,,Standard charge with no insurance.,General Hospital,hospital1,19103,Philadelphia,PA,39.9526,-75.1652
CHEST X-RAY,71045,BOTH,986.99,Amerihealth,Amerihealth Commercial,594.28,"This service costs $986.99 as standard price when patient does not have any insurance.
Same service costs $594.28 if patient has 'Amerihealth Commercial' insurance plan.",General Hospital,hospital1,19103,Philadelphia,PA,39.9526,-75.1652
CHEST X-RAY,71045,BOTH,986.99,Amerihealth,Amerihealth Medicaid HC,875.97,"This service costs $986.99 as standard price when patient does not have any insurance.
Same service costs $875.97 if patient has 'Amerihealth Medicaid HC' insurance plan.",General Hospital,hospital1,19103,Philadelphia,PA,39.9526,-75.1652
CHEST X-RAY,71045,BOTH,986.99,Amerihealth,Amerihealth Medicare,854.23,"This service costs $986.99 as standard price when patient does not have any insurance.
Same service costs $854.23 if patient has 'Amerihealth Medicare' insurance plan.",General Hospital,hospital1,19103,Philadelphia,PA,39.9526,-75.1652
CHEST X-RAY,71045,BOTH,986.99,,,,Standard charge with no insurance.,General Hospital,hospital1,19103,Philadelphia,PA,39.9526,-75.1652
CHEST X-RAY,71045,BOTH,986.99,Humana,Humana Medicare PPO,758.75,"This service costs $986.99 as standard price when patient does not have any insurance.
Same service costs $758.75 if patient has 'Humana Medicare PPO' insurance plan.",General Hospital,hospital1,19103,Philadelphia,PA,39.9526,-75.1652
CHEST X-RAY,71045,BOTH,986.99,Humana,Humana Commercial,560.4,"This service costs $986.99 as standard price when patient does not have any insurance.
Same service costs $560.4 if patient has 'Humana Commercial' insurance plan.",General Hospital,hospital1,19103,Philadelphia,PA,39.9526,-75.1652
CHEST X-RAY,71045,BOTH,986.99,Humana,Humana Medicare HMO,730.91,"This service costs $986.99 as standard price when patient does not have any insurance.
Same service costs $730.91 if patient has 'Humana Medicare HMO' insurance plan.",General Hospital,hospital1,19103,Philadelphia,PA,39.9526,-75.1652
CHEST X-RAY,71045,BOTH,986.99,,,,Standard charge with no insurance.,General Hospital,hospital1,19103,Philadelphia,PA,39.9526,-75.1652
CHEST X-RAY,71045,BOTH,986.99,Highmark,Highmark Medicare,818.37,"This service costs $986.99 as standard price when patient does not have any insurance.
Same service costs $818.37 if patient has 'Highmark Medicare' insurance plan.",General Hospital,hospital1,19103,Philadelphia,PA,39.9526,-75.1652
CHEST X-RAY,71045,BOTH,986.99,Highmark,Highmark ACA Products PROF,548.01,"This service costs $986.99 as standard price when patient does not have any insurance.
Same service costs $548.01 if patient has 'Highmark ACA Products PROF' insurance plan.",General Hospital,hospital1,19103,Philadelphia,PA,39.9526,-75.1652
CHEST X-RAY,71045,BOTH,986.99,Highmark,Highmark Commercial PROF,830.95,"This service costs $986.99 as standard price when patient does not have any insurance.
Same service costs $830.95 if patient has 'Highmark Commercial PROF' insurance plan.",General Hospital,hospital1,19103,Philadelphia,PA,39.9526,-75.1652
CHEST X-RAY,71045,BOTH,986.99,,,,Standard charge with no insurance.,General Hospital,hospital1,19103,Philadelphia,PA,39.9526,-75.1652
ABDOMINAL CT SCAN,74150,BOTH,1343.02,,,,"Only standard charge and no price with insurance – meaning this service is provided by the hospital directly, and not through any insurance.",General Hospital,hospital1,19103,Philadelphia,PA,39.9526,-75.1652
BASIC METABOLIC PANEL,80048,BOTH,1223.32,Amerihealth,Amerihealth Medicaid HC,700.07,"This service costs $1223.32 as standard price when patient does not have any insurance.
Same service costs $700.07 if patient has 'Amerihealth Medicaid HC' insurance plan.",General Hospital,hospital1,19103,Philadelphia,PA,39.9526,-75.1652
BASIC METABOLIC PANEL,80048,BOTH,1223.32,,,,Standard charge with no insurance.,General Hospital,hospital1,19103,Philadelphia,PA,39.9526,-75.1652
BASIC METABOLIC PANEL,80048,BOTH,1223.32,Aetna,Aetna Commercial,693.11,"This service costs $1223.32 as standard price when patient does not have any insurance.
Same service costs $693.11 if patient has 'Aetna Commercial' insurance plan.",General Hospital,hospital1,19103,Philadelphia,PA,39.9526,-75.1652
BASIC METABOLIC PANEL,80048,BOTH,1223.32,Aetna,Aetna Medicaid CHIP,768.39,"This service costs $1223.32 as standard price when patient does not have any insurance.
Same service costs $768.39 if patient has 'Aetna Medicaid CHIP' insurance plan.",General Hospital,hospital1,19103,Philadelphia,PA,39.9526,-75.1652
BASIC METABOLIC PANEL,80048,BOTH,1223.32,,,,Standard charge with no insurance.,General Hospital,hospital1,19103,Philadelphia,PA,39.9526,-75.1652
BASIC METABOLIC PANEL,80048,BOTH,1223.32,Humana,Humana Medicare HMO,893.66,"This service costs $1223.32 as standard price when patient does not have any insurance.
Same service costs $893.66 if patient has 'Humana Medicare HMO' insurance plan.",General Hospital,hospital1,19103,Philadelphia,PA,39.9526,-75.1652
BASIC METABOLIC PANEL,80048,BOTH,1223.32,Humana,Humana Medicare PPO,1037.34,"This service costs $1223.32 as standard price when patient does not have any insurance.
Same service costs $1037.34 if patient has 'Humana Medicare PPO' insurance plan.",General Hospital,hospital1,19103,Philadelphia,PA,39.9526,-75.1652
BASIC METABOLIC PANEL,80048,BOTH,1223.32,Humana,Humana Commercial,928.87,"This service costs $1223.32 as standard price when patient does not have any insurance.
Same service costs $928.87 if patient has 'Humana Commercial' insurance plan.",General Hospital,hospital1,19103,Philadelphia,PA,39.9526,-75.1652
BASIC METABOLIC PANEL,80048,BOTH,1223.32,,,,Standard charge with no insurance.,General Hospital,hospital1,19103,Philadelphia,PA,39.9526,-75.1652
2D ECHO,93306,OUTPATIENT,1936.35,United Healthcare,United Healthcare Medicaid,1497.59,"This service costs $1936.35 as standard price when patient does not have any insurance.
Same service costs $1497.59 if patient has 'United Healthcare Medicaid' insurance plan.",General Hospital,hospital1,19103,Philadelphia,PA,39.9526,-75.1652
2D ECHO,93306,OUTPATIENT,1936.35,,,,Standard charge with no insurance.,General Hospital,hospital1,19103,Philadelphia,PA,39.9526,-75.1652
2D ECHO,93306,OUTPATIENT,1936.35,Aetna,Aetna Medicaid CHIP,1094.96,"This service costs $1936.35 as standard price when patient does not have any insurance.
Same service costs $1094.96 if patient has 'Aetna Medicaid CHIP' insurance plan.",General Hospital,hospital1,19103,Philadelphia,PA,39.9526,-75.1652
2D ECHO,93306,OUTPATIENT,1936.35,,,,Standard charge with no insurance.,General Hospital,hospital1,19103,Philadelphia,PA,39.9526,-75.1652
2D ECHO,93306,OUTPATIENT,1936.35,Humana,Humana Medicare HMO,1831.54,"This service costs $1936.35 as standard price when patient does not have any insurance.
Same service costs $1831.54 if patient has 'Humana Medicare HMO' insurance plan.",General Hospital,hospital1,19103,Philadelphia,PA,39.9526,-75.1652
2D ECHO,93306,OUTPATIENT,1936.35,,,,Standard charge with no insurance.,General Hospital,hospital1,19103,Philadelphia,PA,39.9526,-75.1652
ABDOMINAL CT SCAN,74150,BOTH,298.11,Humana,Humana Commercial,234.39,"This service costs $298.11 as standard price when patient does not have any insurance.
Same service costs $234.39 if patient has 'Humana Commercial' insurance plan.",General Hospital,hospital1,19103,Philadelphia,PA,39.9526,-75.1652
ABDOMINAL CT SCAN,74150,BOTH,298.11,,,,Standard charge with no insurance.,General Hospital,hospital1,19103,Philadelphia,PA,39.9526,-75.1652
BASIC METABOLIC PANEL,80048,BOTH,728.35,Aetna,Aetna Medicare,433.36,"This service costs $728.35 as standard price when patient does not have any insurance.
Same service costs $433.36 if patient has 'Aetna Medicare' insurance plan.",General Hospital,hospital1,19103,Philadelphia,PA,39.9526,-75.1652
BASIC METABOLIC PANEL,80048,BOTH,728.35,Aetna,Aetna Commercial,567.65,"This service costs $728.35 as standard price when patient does not have any insurance.
Same service costs $567.65 if patient has 'Aetna Commercial' insurance plan.",General Hospital,hospital1,19103,Philadelphia,PA,39.9526,-75.1652
BASIC METABOLIC PANEL,80048,BOTH,728.35,,,,Standard charge with no insurance.,General Hospital,hospital1,19103,Philadelphia,PA,39.9526,-75.1652
BASIC METABOLIC PANEL,80048,BOTH,728.35,Amerihealth,Amerihealth Medicare,486.89,"This service costs $728.35 as standard price when patient does not have any insurance.
Same service costs $486.89 if patient has 'Amerihealth Medicare' insurance plan.",General Hospital,hospital1,19103,Philadelphia,PA,39.9526,-75.1652
BASIC METABOLIC PANEL,80048,BOTH,728.35,Amerihealth,Amerihealth Commercial,660.25,"This service costs $728.35 as standard price when patient does not have any insurance.
Same service costs $660.25 if patient has 'Amerihealth Commercial' insurance plan.",General Hospital,hospital1,19103,Philadelphia,PA,39.9526,-75.1652
BASIC METABOLIC PANEL,80048,BOTH,728.35,Amerihealth,Amerihealth Medicaid HC,404.47,"This service costs $728.35 as standard price when patient does not have any insurance.
Same service costs $404.47 if patient has 'Amerihealth Medicaid HC' insurance plan.",General Hospital,hospital1,19103,Philadelphia,PA,39.9526,-75.1652
BASIC METABOLIC PANEL,80048,BOTH,728.35,,,,Standard charge with no insurance.,General Hospital,hospital1,19103,Philadelphia,PA,39.9526,-75.1652
BASIC METABOLIC PANEL,80048,BOTH,728.35,Humana,Humana Medicare PPO,377.41,"This service costs $728.35 as standard price when patient does not have any insurance.
Same service costs $377.41 if patient has 'Humana Medicare PPO' insurance plan.",General Hospital,hospital1,19103,Philadelphia,PA,39.9526,-75.1652
BASIC METABOLIC PANEL,80048,BOTH,728.35,,,,Standard charge with no insurance.,General Hospital,hospital1,19103,Philadelphia,PA,39.9526,-75.1652
CHG MRI BRAIN,70551,OUTPATIENT,928.7,,,,"Only standard charge and no price with insurance – meaning this service is provided by the hospital directly, and not through any insurance.",General Hospital,hospital1,19103,Philadelphia,PA,39.9526,-75.1652
TRILOCK SCAPHOID PLATE,C1713,BOTH,1090.33,United Healthcare,United Healthcare Medicaid,621.29,"This service costs $1090.33 as standard price when patient does not have any insurance.
Same service costs $621.29 if patient has 'United Healthcare Medicaid' insurance plan.",General Hospital,hospital1,19103,Philadelphia,PA,39.9526,-75.1652
TRILOCK SCAPHOID PLATE,C1713,BOTH,1090.33,United Healthcare,United Healthcare CHIP,917.79,"This service costs $1090.33 as standard price when patient does not have any insurance.
Same service costs $917.79 if patient has 'United Healthcare CHIP' insurance plan.",General Hospital,hospital1,19103,Philadelphia,PA,39.9526,-75.1652
TRILOCK SCAPHOID PLATE,C1713,BOTH,1090.33,United Healthcare,United Healthcare Commercial,561.7,"This service costs $1090.33 as standard price when patient does not have any insurance.
Same service costs $561.7 if patient has 'United Healthcare Commercial' insurance plan.",General Hospital,hospital1,19103,Philadelphia,PA,39.9526,-75.1652
TRILOCK SCAPHOID PLATE,C1713,BOTH,1090.33,,,,Standard charge with no insurance.,General Hospital,hospital1,19103,Philadelphia,PA,39.9526,-75.1652
CHEST X-RAY,71045,BOTH,756.68,Highmark,Highmark Commercial PROF,520.63,"This service costs $756.68 as standard price when patient does not have any insurance.
Same service costs $520.63 if patient has 'Highmark Commercial PROF' insurance plan.",General Hospital,hospital1,19103,Philadelphia,PA,39.9526,-75.1652
CHEST X-RAY,71045,BOTH,756.68,Highmark,Highmark ACA Products PROF,395.74,"This service costs $756.68 as standard price when patient does not have any insurance.
Same service costs $395.74 if patient has 'Highmark ACA Products PROF' insurance plan.",General Hospital,hospital1,19103,Philadelphia,PA,39.9526,-75.1652
CHEST X-RAY,71045,BOTH,756.68,,,,Standard charge with no insurance.,General Hospital,hospital1,19103,Philadelphia,PA,39.9526,-75.1652
CHEST X-RAY,71045,BOTH,1225.72,Aetna,Aetna Commercial,615.31,"This service costs $1225.72 as standard price when patient does not have any insurance.
Same service costs $615.31 if patient has 'Aetna Commercial' insurance plan.",General Hospital,hospital1,19103,Philadelphia,PA,39.9526,-75.1652
CHEST X-RAY,71045,BOTH,1225.72,,,,Standard charge with no insurance.,General Hospital,hospital1,19103,Philadelphia,PA,39.9526,-75.1652
CHEST X-RAY,71045,BOTH,1225.72,Humana,Humana Medicare HMO,916.35,"This service costs $1225.72 as standard price when patient does not have any insurance.
Same service costs $916.35 if patient has 'Humana Medicare HMO' insurance plan.",General Hospital,hospital1,19103,Philadelphia,PA,39.9526,-75.1652
CHEST X-RAY,71045,BOTH,1225.72,,,,Standard charge with no insurance.,General Hospital,hospital1,19103,Philadelphia,PA,39.9526,-75.1652
CHEST X-RAY,71045,BOTH,1225.72,United Healthcare,United Healthcare CHIP,726.57,"This service costs $1225.72 as standard price when patient does not have any insurance.
Same service costs $726.57 if patient has 'United Healthcare CHIP' insurance plan.",General Hospital,hospital1,19103,Philadelphia,PA,39.9526,-75.1652
CHEST X-RAY,71045,BOTH,1225.72,,,,Standard charge with no insurance.,General Hospital,hospital1,19103,Philadelphia,PA,39.9526,-75.1652
ABDOMINAL CT SCAN,74150,BOTH,124.09,Amerihealth,Amerihealth Commercial,102.95,"This service costs $124.09 as standard price when patient does not have any insurance.
Same service costs $102.95 if patient has 'Amerihealth Commercial' insurance plan.",General Hospital,hospital1,19103,Philadelphia,PA,39.9526,-75.1652
ABDOMINAL CT SCAN,74150,BOTH,124.09,Amerihealth,Amerihealth Medicare,68.3,"This service costs $124.09 as standard price when patient does not have any insurance.
Same service costs $68.3 if patient has 'Amerihealth Medicare' insurance plan.",General Hospital,hospital1,19103,Philadelphia,PA,39.9526,-75.1652
ABDOMINAL CT SCAN,74150,BOTH,124.09,Amerihealth,Amerihealth Medicaid HC,84.69,"This service costs $124.09 as standard price when patient does not have any insurance.
Same service costs $84.69 if patient has 'Amerihealth Medicaid HC' insurance plan.",General Hospital,hospital1,19103,Philadelphia,PA,39.9526,-75.1652
ABDOMINAL CT SCAN,74150,BOTH,124.09,,,,Standard charge with no insurance.,General Hospital,hospital1,19103,Philadelphia,PA,39.9526,-75.1652
ABDOMINAL CT SCAN,74150,BOTH,124.09,United Healthcare,United Healthcare Medicaid,101.13,"This service costs $124.09 as standard price when patient does not have any insurance.
Same service costs $101.13 if patient has 'United Healthcare Medicaid' insurance plan.",General Hospital,hospital1,19103,Philadelphia,PA,39.9526,-75.1652
ABDOMINAL CT SCAN,74150,BOTH,124.09,United Healthcare,United Healthcare CHIP,79.3,"This service costs $124.09 as standard price when patient does not have any insurance.
Same service costs $79.3 if patient has 'United Healthcare CHIP' insurance plan.",General Hospital,hospital1,19103,Philadelphia,PA,39.9526,-75.1652
ABDOMINAL CT SCAN,74150,BOTH,124.09,United Healthcare,United Healthcare Commercial,100.02,"This service costs $124.09 as standard price when patient does not have any insurance.
Same service costs $100.02 if patient has 'United Healthcare Commercial' insurance plan.",General Hospital,hospital1,19103,Philadelphia,PA,39.9526,-75.1652
ABDOMINAL CT SCAN,74150,BOTH,124.09,,,,Standard charge with no insurance.,General Hospital,hospital1,19103,Philadelphia,PA,39.9526,-75.1652
ABDOMINAL CT SCAN,74150,BOTH,124.09,Humana,Humana Medicare HMO,66.46,"This service costs $124.09 as standard price when patient does not have any insurance.
Same service costs $66.46 if patient has 'Humana Medicare HMO' insurance plan.",General Hospital,hospital1,19103,Philadelphia,PA,39.9526,-75.1652
ABDOMINAL CT SCAN,74150,BOTH,124.09,Humana,Humana Commercial,81.6,"This service costs $124.09 as standard price when patient does not have any insurance.
Same service costs $81.6 if patient has 'Humana Commercial' insurance plan.",General Hospital,hospital1,19103,Philadelphia,PA,39.9526,-75.1652
ABDOMINAL CT SCAN,74150,BOTH,124.09,Humana,Humana Medicare PPO,100.82,"This service costs $124.09 as standard price when patient does not have any insurance.
Same service costs $100.82 if patient has 'Humana Medicare PPO' insurance plan.",General Hospital,hospital1,19103,Philadelphia,PA,39.9526,-75.1652
ABDOMINAL CT SCAN,74150,BOTH,124.09,,,,Standard charge with no insurance.,General Hospital,hospital1,19103,Philadelphia,PA,39.9526,-75.1652
CHG MRI BRAIN,70551,OUTPATIENT,967.75,,,,"Only standard charge and no price with insurance – meaning this service is provided by the hospital directly, and not through any insurance.",General Hospital,hospital1,19103,Philadelphia,PA,39.9526,-75.1652
ABDOMINAL CT SCAN,74150,BOTH,316.93,Humana,Humana Medicare HMO,247.64,"This service costs $316.93 as standard price when patient does not have any insurance.
Same service costs $247.64 if patient has 'Humana Medicare HMO' insurance plan.",General Hospital,hospital1,19103,Philadelphia,PA,39.9526,-75.1652
ABDOMINAL CT SCAN,74150,BOTH,316.93,,,,Standard charge with no insurance.,General Hospital,hospital1,19103,Philadelphia,PA,39.9526,-75.1652
ABDOMINAL CT SCAN,74150,BOTH,316.93,Amerihealth,Amerihealth Medicaid HC,159.15,"This service costs $316.93 as standard price when patient does not have any insurance.
Same service costs $159.15 if patient has 'Amerihealth Medicaid HC' insurance plan.",General Hospital,hospital1,19103,Philadelphia,PA,39.9526,-75.1652
ABDOMINAL CT SCAN,74150,BOTH,316.93,Amerihealth,Amerihealth Commercial,268.96,"This service costs $316.93 as standard price when patient does not have any insurance.
Same service costs $268.96 if patient has 'Amerihealth Commercial' insurance plan.",General Hospital,hospital1,19103,Philadelphia,PA,39.9526,-75.1652
ABDOMINAL CT SCAN,74150,BOTH,316.93,,,,Standard charge with no insurance.,General Hospital,hospital1,19103,Philadelphia,PA,39.9526,-75.1652
ABDOMINAL CT SCAN,74150,BOTH,316.93,Highmark,Highmark ACA Products PROF,230.25,"This service costs $316.93 as standard price when patient does not have any insurance.
Same service costs $230.25 if patient has 'Highmark ACA Products PROF' insurance plan.",General Hospital,hospital1,19103,Philadelphia,PA,39.9526,-75.1652
ABDOMINAL CT SCAN,74150,BOTH,316.93,,,,Standard charge with no insurance.,General Hospital,hospital1,19103,Philadelphia,PA,39.9526,-75.1652
2D ECHO,93306,OUTPATIENT,1862.26,,,,"Only standard charge and no price with insurance – meaning this service is provided by the hospital directly, and not through any insurance.",General Hospital,hospital1,19103,Philadelphia,PA,39.9526,-75.1652
TRILOCK GRIDPL,C1713,BOTH,840.28,United Healthcare,United Healthcare Medicaid,681.01,"This service costs $840.28 as standard price when patient does not have any insurance.
Same service costs $681.01 if patient has 'United Healthcare Medicaid' insurance plan.",General Hospital,hospital1,19103,Philadelphia,PA,39.9526,-75.1652
TRILOCK GRIDPL,C1713,BOTH,840.28,United Healthcare,United Healthcare Commercial,692.88,"This service costs $840.28 as standard price when patient does not have any insurance.
Same service costs $692.88 if patient has 'United Healthcare Commercial' insurance plan.",General Hospital,hospital1,19103,Philadelphia,PA,39.9526,-75.1652
TRILOCK GRIDPL,C1713,BOTH,840.28,,,,Standard charge with no insurance.,General Hospital,hospital1,19103,Philadelphia,PA,39.9526,-75.1652
TRILOCK GRIDPL,C1713,BOTH,840.28,Amerihealth,Amerihealth Medicaid HC,575.98,"This service costs $840.28 as standard price when patient does not have any insurance.
Same service costs $575.98 if patient has 'Amerihealth Medicaid HC' insurance plan.",General Hospital,hospital1,19103,Philadelphia,PA,39.9526,-75.1652
TRILOCK GRIDPL,C1713,BOTH,840.28,Amerihealth,Amerihealth Medicare,451.24,"This service costs $840.28 as standard price when patient does not have any insurance.
Same service costs $451.24 if patient has 'Amerihealth Medicare' insurance plan.",General Hospital,hospital1,19103,Philadelphia,PA,39.9526,-75.1652
TRILOCK GRIDPL,C1713,BOTH,840.28,Amerihealth,Amerihealth Commercial,538.97,"This service costs $840.28 as standard price when patient does not have any insurance.
Same service costs $538.97 if patient has 'Amerihealth Commercial' insurance plan.",General Hospital,hospital1,19103,Philadelphia,PA,39.9526,-75.1652
TRILOCK GRIDPL,C1713,BOTH,840.28,,,,Standard charge with no insurance.,General Hospital,hospital1,19103,Philadelphia,PA,39.9526,-75.1652
ABDOMINAL CT SCAN,74150,BOTH,1176.52,Highmark,Highmark Medicare,1053.64,"This service costs $1176.52 as standard price when patient does not have any insurance.
Same service costs $1053.64 if patient has 'Highmark Medicare' insurance plan.",General Hospital,hospital1,19103,Philadelphia,PA,39.9526,-75.1652
ABDOMINAL CT SCAN,74150,BOTH,1176.52,,,,Standard charge with no insurance.,General Hospital,hospital1,19103,Philadelphia,PA,39.9526,-75.1652
ABDOMINAL CT SCAN,74150,BOTH,1176.52,Amerihealth,Amerihealth Medicare,639.55,"This service costs $1176.52 as standard price when patient does not have any insurance.
Same service costs $639.55 if patient has 'Amerihealth Medicare' insurance plan.",General Hospital,hospital1,19103,Philadelphia,PA,39.9526,-75.1652
ABDOMINAL CT SCAN,74150,BOTH,1176.52,,,,Standard charge with no insurance.,General Hospital,hospital1,19103,Philadelphia,PA,39.9526,-75.1652
TRILOCK SCAPHOID PLATE,C1713,BOTH,74.7,Aetna,Aetna Commercial,58.22,"This service costs $74.7 as standard price when patient does not have any insurance.
Same service costs $58.22 if patient has 'Aetna Commercial' insurance plan.",General Hospital,hospital1,19103,Philadelphia,PA,39.9526,-75.1652
TRILOCK SCAPHOID PLATE,C1713,BOTH,74.7,Aetna,Aetna Medicare,69.23,"This service costs $74.7 as standard price when patient does not have any insurance.
Same service costs $69.23 if patient has 'Aetna Medicare' insurance plan.",General Hospital,hospital1,19103,Philadelphia,PA,39.9526,-75.1652
TRILOCK SCAPHOID PLATE,C1713,BOTH,74.7,Aetna,Aetna Medicaid CHIP,43.06,"This service costs $74.7 as standard price when patient does not have any insurance.
Same service costs $43.06 if patient has 'Aetna Medicaid CHIP' insurance plan.",General Hospital,hospital1,19103,Philadelphia,PA,39.9526,-75.1652
TRILOCK SCAPHOID PLATE,C1713,BOTH,74.7,,,,Standard charge with no insurance.,General Hospital,hospital1,19103,Philadelphia,PA,39.9526,-75.1652
ABDOMINAL CT SCAN,74150,BOTH,1256.16,Humana,Humana Medicare HMO,862.58,"This service costs $1256.16 as standard price when patient does not have any insurance.
Same service costs $862.58 if patient has 'Humana Medicare HMO' insurance plan.",General Hospital,hospital1,19103,Philadelphia,PA,39.9526,-75.1652
ABDOMINAL CT SCAN,74150,BOTH,1256.16,Humana,Humana Commercial,669.77,"This service costs $1256.16 as standard price when patient does not have any insurance.
Same service costs $669.77 if patient has 'Humana Commercial' insurance plan.",General Hospital,hospital1,19103,Philadelphia,PA,39.9526,-75.1652
ABDOMINAL CT SCAN,74150,BOTH,1256.16,,,,Standard charge with no insurance.,General Hospital,hospital1,19103,Philadelphia,PA,39.9526,-75.1652
ABDOMINAL CT SCAN,74150,BOTH,1256.16,Amerihealth,Amerihealth Medicare,985.17,"This service costs $1256.16 as standard price when patient does not have any insurance.
Same service costs $985.17 if patient has 'Amerihealth Medicare' insurance plan.",General Hospital,hospital1,19103,Philadelphia,PA,39.9526,-75.1652
ABDOMINAL CT SCAN,74150,BOTH,1256.16,Amerihealth,Amerihealth Medicaid HC,806.88,"This service costs $1256.16 as standard price when patient does not have any insurance.
Same service costs $806.88 if patient has 'Amerihealth Medicaid HC' insurance plan.",General Hospital,hospital1,19103,Philadelphia,PA,39.9526,-75.1652
ABDOMINAL CT SCAN,74150,BOTH,1256.16,,,,Standard charge with no insurance.,General Hospital,hospital1,19103,Philadelphia,PA,39.9526,-75.1652
ABDOMINAL CT SCAN,74150,BOTH,1256.16,Highmark,Highmark ACA Products PROF,947.51,"This service costs $1256.16 as standard price when patient does not have any insurance.
Same service costs $947.51 if patient has 'Highmark ACA Products PROF' insurance plan.",General Hospital,hospital1,19103,Philadelphia,PA,39.9526,-75.1652
ABDOMINAL CT SCAN,74150,BOTH,1256.16,Highmark,Highmark Commercial PROF,746.35,"This service costs $1256.16 as standard price when patient does not have any insurance.
Same service costs $746.35 if patient has 'Highmark Commercial PROF' insurance plan.",General Hospital,hospital1,19103,Philadelphia,PA,39.9526,-75.1652
ABDOMINAL CT SCAN,74150,BOTH,1256.16,Highmark,Highmark Medicare,1093.33,"This service costs $1256.16 as standard price when patient does not have any insurance.
Same service costs $1093.33 if patient has 'Highmark Medicare' insurance plan.",General Hospital,hospital1,19103,Philadelphia,PA,39.9526,-75.1652
ABDOMINAL CT SCAN,74150,BOTH,1256.16,,,,Standard charge with no insurance.,General Hospital,hospital1,19103,Philadelphia,PA,39.9526,-75.1652
TRILOCK SCAPHOID PLATE,C1713,BOTH,1528.55,Humana,Humana Commercial,928.0,"This service costs $1528.55 as standard price when patient does not have any insurance.
Same service costs $928.0 if patient has 'Humana Commercial' insurance plan.",General Hospital,hospital1,19103,Philadelphia,PA,39.9526,-75.1652
TRILOCK SCAPHOID PLATE,C1713,BOTH,1528.55,Humana,Humana Medicare HMO,1258.57,"This service costs $1528.55 as standard price when patient does not have any insurance.
Same service costs $1258.57 if patient has 'Humana Medicare HMO' insurance plan.",General Hospital,hospital1,19103,Philadelphia,PA,39.9526,-75.1652
TRILOCK SCAPHOID PLATE,C1713,BOTH,1528.55,,,,Standard charge with no insurance.,General Hospital,hospital1,19103,Philadelphia,PA,39.9526,-75.1652
TRILOCK SCAPHOID PLATE,C1713,BOTH,1528.55,United Healthcare,United Healthcare CHIP,855.84,"This service costs $1528.55 as standard price when patient does not have any insurance.
Same service costs $855.84 if patient has 'United Healthcare CHIP' insurance plan.",General Hospital,hospital1,19103,Philadelphia,PA,39.9526,-75.1652
TRILOCK SCAPHOID PLATE,C1713,BOTH,1528.55,United Healthcare,United Healthcare Medicaid,1098.91,"This service costs $1528.55 as standard price when patient does not have any insurance.
Same service costs $1098.91 if patient has 'United Healthcare Medicaid' insurance plan.",General Hospital,hospital1,19103,Philadelphia,PA,39.9526,-75.1652
TRILOCK SCAPHOID PLATE,C1713,BOTH,1528.55,,,,Standard charge with no insurance.,General Hospital,hospital1,19103,Philadelphia,PA,39.9526,-75.1652
TRILOCK SCAPHOID PLATE,C1713,BOTH,1528.55,Aetna,Aetna Commercial,1044.09,"This service costs $1528.55 as standard price when patient does not have any insurance.
Same service costs $1044.09 if patient has 'Aetna Commercial' insurance plan.",General Hospital,hospital1,19103,Philadelphia,PA,39.9526,-75.1652
TRILOCK SCAPHOID PLATE,C1713,BOTH,1528.55,,,,Standard charge with no insurance.,General Hospital,hospital1,19103,Philadelphia,PA,39.9526,-75.1652
2D ECHO,93306,OUTPATIENT,501.32,Aetna,Aetna Medicare,284.05,"This service costs $501.32 as standard price when patient does not have any insurance.
Same service costs $284.05 if patient has 'Aetna Medicare' insurance plan.",General Hospital,hospital1,19103,Philadelphia,PA,39.9526,-75.1652
2D ECHO,93306,OUTPATIENT,501.32,Aetna,Aetna Medicaid CHIP,476.14,"This service costs $501.32 as standard price when patient does not have any insurance.
Same service costs $476.14 if patient has 'Aetna Medicaid CHIP' insurance plan.",General Hospital,hospital1,19103,Philadelphia,PA,39.9526,-75.1652
2D ECHO,93306,OUTPATIENT,501.32,Aetna,Aetna Commercial,299.75,"This service costs $501.32 as standard price when patient does not have any insurance.
Same service costs $299.75 if patient has 'Aetna Commercial' insurance plan.",General Hospital,hospital1,19103,Philadelphia,PA,39.9526,-75.1652
2D ECHO,93306,OUTPATIENT,501.32,,,,Standard charge with no insurance.,General Hospital,hospital1,19103,Philadelphia,PA,39.9526,-75.1652
CHG MRI BRAIN,70551,OUTPATIENT,1848.82,Humana,Humana Commercial,1378.23,"This service costs $1848.82 as standard price when patient does not have any insurance.
Same service costs $1378.23 if patient has 'Humana Commercial' insurance plan.",General Hospital,hospital1,19103,Philadelphia,PA,39.9526,-75.1652
CHG MRI BRAIN,70551,OUTPATIENT,1848.82,Humana,Humana Medicare PPO,1365.17,"This service costs $1848.82 as standard price when patient does not have any insurance.
Same service costs $1365.17 if patient has 'Humana Medicare PPO' insurance plan.",General Hospital,hospital1,19103,Philadelphia,PA,39.9526,-75.1652
CHG MRI BRAIN,70551,OUTPATIENT,1848.82,,,,Standard charge with no insurance.,General Hospital,hospital1,19103,Philadelphia,PA,39.9526,-75.1652
CHG MRI BRAIN,70551,OUTPATIENT,1848.82,Highmark,Highmark ACA Products PROF,969.89,"This service costs $1848.82 as standard price when patient does not have any insurance.
Same service costs $969.89 if patient has 'Highmark ACA Products PROF' insurance plan.",General Hospital,hospital1,19103,Philadelphia,PA,39.9526,-75.1652
CHG MRI BRAIN,70551,OUTPATIENT,1848.82,Highmark,Highmark Commercial PROF,1527.9,"This service costs $1848.82 as standard price when patient does not have any insurance.
Same service costs $1527.9 if patient has 'Highmark Commercial PROF' insurance plan.",General Hospital,hospital1,19103,Philadelphia,PA,39.9526,-75.1652
CHG MRI BRAIN,70551,OUTPATIENT,1848.82,,,,Standard charge with no insurance.,General Hospital,hospital1,19103,Philadelphia,PA,39.9526,-75.1652
CHG MRI BRAIN,70551,OUTPATIENT,1848.82,Amerihealth,Amerihealth Medicaid HC,1055.17,"This service costs $1848.82 as standard price when patient does not have any insurance.
Same service costs $1055.17 if patient has 'Amerihealth Medicaid HC' insurance plan.",General Hospital,hospital1,19103,Philadelphia,PA,39.9526,-75.1652
CHG MRI BRAIN,70551,OUTPATIENT,1848.82,Amerihealth,Amerihealth Medicare,1448.04,"This service costs $1848.82 as standard price when patient does not have any insurance.
Same service costs $1448.04 if patient has 'Amerihealth Medicare' insurance plan.",General Hospital,hospital1,19103,Philadelphia,PA,39.9526,-75.1652
CHG MRI BRAIN,70551,OUTPATIENT,1848.82,,,,Standard charge with no insurance.,General Hospital,hospital1,19103,Philadelphia,PA,39.9526,-75.1652
BASIC METABOLIC PANEL,80048,BOTH,1925.97,Amerihealth,Amerihealth Commercial,1476.29,"This service costs $1925.97 as standard price when patient does not have any insurance.
Same service costs $1476.29 if patient has 'Amerihealth Commercial' insurance plan.",General Hospital,hospital1,19103,Philadelphia,PA,39.9526,-75.1652
BASIC METABOLIC PANEL,80048,BOTH,1925.97,Amerihealth,Amerihealth Medicare,1723.18,"This service costs $1925.97 as standard price when patient does not have any insurance.
Same service costs $1723.18 if patient has 'Amerihealth Medicare' insurance plan.",General Hospital,hospital1,19103,Philadelphia,PA,39.9526,-75.1652
BASIC METABOLIC PANEL,80048,BOTH,1925.97,,,,Standard charge with no insurance.,General Hospital,hospital1,19103,Philadelphia,PA,39.9526,-75.1652
TRILOCK SCAPHOID PLATE,C1713,BOTH,1730.24,United Healthcare,United Healthcare Medicaid,1564.62,"This service costs $1730.24 as standard price when patient does not have any insurance.
Same service costs $1564.62 if patient has 'United Healthcare Medicaid' insurance plan.",General Hospital,hospital1,19103,Philadelphia,PA,39.9526,-75.1652
TRILOCK SCAPHOID PLATE,C1713,BOTH,1730.24,United Healthcare,United Healthcare Commercial,1437.56,"This service costs $1730.24 as standard price when patient does not have any insurance.
Same service costs $1437.56 if patient has 'United Healthcare Commercial' insurance plan.",General Hospital,hospital1,19103,Philadelphia,PA,39.9526,-75.1652
TRILOCK SCAPHOID PLATE,C1713,BOTH,1730.24,United Healthcare,United Healthcare CHIP,1333.63,"This service costs $1730.24 as standard price when patient does not have any insurance.
Same service costs $1333.63 if patient has 'United Healthcare CHIP' insurance plan.",General Hospital,hospital1,19103,Philadelphia,PA,39.9526,-75.1652
TRILOCK SCAPHOID PLATE,C1713,BOTH,1730.24,,,,Standard charge with no insurance.,General Hospital,hospital1,19103,Philadelphia,PA,39.9526,-75.1652
1 CC STERILE SYRINGE&NEEDLE,A4206,INPATIENT,1545.35,Highmark,Highmark Medicare,890.19,"This service costs $1545.35 as standard price when patient does not have any insurance.
Same service costs $890.19 if patient has 'Highmark Medicare' insurance plan.",General Hospital,hospital1,19103,Philadelphia,PA,39.9526,-75.1652
1 CC STERILE SYRINGE&NEEDLE,A4206,OUTPATIENT,1545.35,Highmark,Highmark Medicare,890.19,"This service costs $1545.35 as standard price when patient does not have any insurance.
Same service costs $890.19 if patient has 'Highmark Medicare' insurance plan.",General Hospital,hospital1,19103,Philadelphia,PA,39.9526,-75.1652
1 CC STERILE SYRINGE&NEEDLE,A4206,INPATIENT,1545.35,,,,Standard charge with no insurance.,General Hospital,hospital1,19103,Philadelphia,PA,39.9526,-75.1652
1 CC STERILE SYRINGE&NEEDLE,A4206,OUTPATIENT,1545.35,,,,Standard charge with no insurance.,General Hospital,hospital1,19103,Philadelphia,PA,39.9526,-75.1652
1 CC STERILE SYRINGE&NEEDLE,A4206,INPATIENT,1545.35,United Healthcare,United Healthcare Medicaid,1355.69,"This service costs $1545.35 as standard price when patient does not have any insurance.
Same service costs $1355.69 if patient has 'United Healthcare Medicaid' insurance plan.",General Hospital,hospital1,19103,Philadelphia,PA,39.9526,-75.1652
1 CC STERILE SYRINGE&NEEDLE,A4206,OUTPATIENT,1545.35,United Healthcare,United Healthcare Medicaid,1355.69,"This service costs $1545.35 as standard price when patient does not have any insurance.
Same service costs $1355.69 if patient has 'United Healthcare Medicaid' insurance plan.",General Hospital,hospital1,19103,Philadelphia,PA,39.9526,-75.1652
1 CC STERILE SYRINGE&NEEDLE,A4206,INPATIENT,1545.35,United Healthcare,United Healthcare Commercial,877.14,"This service costs $1545.35 as standard price when patient does not have any insurance.
Same service costs $877.14 if patient has 'United Healthcare Commercial' insurance plan.",General Hospital,hospital1,19103,Philadelphia,PA,39.9526,-75.1652
1 CC STERILE SYRINGE&NEEDLE,A4206,OUTPATIENT,1545.35,United Healthcare,United Healthcare Commercial,877.14,"This service costs $1545.35 as standard price when patient does not have any insurance.
Same service costs $877.14 if patient has 'United Healthcare Commercial' insurance plan.",General Hospital,hospital1,19103,Philadelphia,PA,39.9526,-75.1652
1 CC STERILE SYRINGE&NEEDLE,A4206,INPATIENT,1545.35,,,,Standard charge with no insurance.,General Hospital,hospital1,19103,Philadelphia,PA,39.9526,-75.1652
1 CC STERILE SYRINGE&NEEDLE,A4206,OUTPATIENT,1545.35,,,,Standard charge with no insurance.,General Hospital,hospital1,19103,Philadelphia,PA,39.9526,-75.1652
CHEST X-RAY,71045,BOTH,159.81,Aetna,Aetna Commercial,129.25,"This service costs $159.81 as standard price when patient does not have any insurance.
Same service costs $129.25 if patient has 'Aetna Commercial' insurance plan.",General Hospital,hospital1,19103,Philadelphia,PA,39.9526,-75.1652
CHEST X-RAY,71045,BOTH,159.81,Aetna,Aetna Medicaid CHIP,93.61,"This service costs $159.81 as standard price when patient does not have any insurance.
Same service costs $93.61 if patient has 'Aetna Medicaid CHIP' insurance plan.",General Hospital,hospital1,19103,Philadelphia,PA,39.9526,-75.1652
CHEST X-RAY,71045,BOTH,159.81,,,,Standard charge with no insurance.,General Hospital,hospital1,19103,Philadelphia,PA,39.9526,-75.1652
CHEST X-RAY,71045,BOTH,159.81,Humana,Humana Commercial,102.96,"This service costs $159.81 as standard price when patient does not have any insurance.
Same service costs $102.96 if patient has 'Humana Commercial' insurance plan.",General Hospital,hospital1,19103,Philadelphia,PA,39.9526,-75.1652
CHEST X-RAY,71045,BOTH,159.81,Humana,Humana Medicare PPO,88.7,"This service costs $159.81 as standard price when patient does not have any insurance.
Same service costs $88.7 if patient has 'Humana Medicare PPO' insurance plan.",General Hospital,hospital1,19103,Philadelphia,PA,39.9526,-75.1652
CHEST X-RAY,71045,BOTH,159.81,Humana,Humana Medicare HMO,116.29,"This service costs $159.81 as standard price when patient does not have any insurance.
Same service costs $116.29 if patient has 'Humana Medicare HMO' insurance plan.",General Hospital,hospital1,19103,Philadelphia,PA,39.9526,-75.1652
CHEST X-RAY,71045,BOTH,159.81,,,,Standard charge with no insurance.,General Hospital,hospital1,19103,Philadelphia,PA,39.9526,-75.1652
CHEST X-RAY,71045,BOTH,159.81,Highmark,Highmark Medicare,101.74,"This service costs $159.81 as standard price when patient does not have any insurance.
Same service costs $101.74 if patient has 'Highmark Medicare' insurance plan.",General Hospital,hospital1,19103,Philadelphia,PA,39.9526,-75.1652
CHEST X-RAY,71045,BOTH,159.81,,,,Standard charge with no insurance.,General Hospital,hospital1,19103,Philadelphia,PA,39.9526,-75.1652
TRILOCK SCAPHOID PLATE,C1713,BOTH,1672.59,Amerihealth,Amerihealth Medicare,1481.85,"This service costs $1672.59 as standard price when patient does not have any insurance.
Same service costs $1481.85 if patient has 'Amerihealth Medicare' insurance plan.",Medical Center,hospital2,19106,Philadelphia,PA,39.9496,-75.1467
TRILOCK SCAPHOID PLATE,C1713,BOTH,1672.59,Amerihealth,Amerihealth Commercial,1538.98,"This service costs $1672.59 as standard price when patient does not have any insurance.
Same service costs $1538.98 if patient has 'Amerihealth Commercial' insurance plan.",Medical Center,hospital2,19106,Philadelphia,PA,39.9496,-75.1467
TRILOCK SCAPHOID PLATE,C1713,BOTH,1672.59,,,,Standard charge with no insurance.,Medical Center,hospital2,19106,Philadelphia,PA,39.9496,-75.1467
2D ECHO,93306,OUTPATIENT,863.73,Highmark,Highmark ACA Products PROF,602.57,"This service costs $863.73 as standard price when patient does not have any insurance.
Same service costs $602.57 if patient has 'Highmark ACA Products PROF' insurance plan.",Medical Center,hospital2,19106,Philadelphia,PA,39.9496,-75.1467
2D ECHO,93306,OUTPATIENT,863.73,Highmark,Highmark Medicare,447.58,"This service costs $863.73 as standard price when patient does not have any insurance.
Same service costs $447.58 if patient has 'Highmark Medicare' insurance plan.",Medical Center,hospital2,19106,Philadelphia,PA,39.9496,-75.1467
2D ECHO,93306,OUTPATIENT,863.73,,,,Standard charge with no insurance.,Medical Center,hospital2,19106,Philadelphia,PA,39.9496,-75.1467
2D ECHO,93306,OUTPATIENT,863.73,United Healthcare,United Healthcare Medicaid,511.77,"This service costs $863.73 as standard price when patient does not have any insurance.
Same service costs $511.77 if patient has 'United Healthcare Medicaid' insurance plan.",Medical Center,hospital2,19106,Philadelphia,PA,39.9496,-75.1467
2D ECHO,93306,OUTPATIENT,863.73,,,,Standard charge with no insurance.,Medical Center,hospital2,19106,Philadelphia,PA,39.9496,-75.1467
BASIC METABOLIC PANEL,80048,BOTH,773.03,Humana,Humana Medicare PPO,523.98,"This service costs $773.03 as standard price when patient does not have any insurance.
Same service costs $523.98 if patient has 'Humana Medicare PPO' insurance plan.",Medical Center,hospital2,19106,Philadelphia,PA,39.9496,-75.1467
BASIC METABOLIC PANEL,80048,BOTH,773.03,Humana,Humana Commercial,687.2,"This service costs $773.03 as standard price when patient does not have any insurance.
Same service costs $687.2 if patient has 'Humana Commercial' insurance plan.",Medical Center,hospital2,19106,Philadelphia,PA,39.9496,-75.1467
BASIC METABOLIC PANEL,80048,BOTH,773.03,,,,Standard charge with no insurance.,Medical Center,hospital2,19106,Philadelphia,PA,39.9496,-75.1467
TRILOCK GRIDPL,C1713,BOTH,1332.12,Humana,Humana Commercial,1011.18,"This service costs $1332.12 as standard price when patient does not have any insurance.
Same service costs $1011.18 if patient has 'Humana Commercial' insurance plan.",Medical Center,hospital2,19106,Philadelphia,PA,39.9496,-75.1467
TRILOCK GRIDPL,C1713,BOTH,1332.12,,,,Standard charge with no insurance.,Medical Center,hospital2,19106,Philadelphia,PA,39.9496,-75.1467
ABDOMINAL CT SCAN,74150,BOTH,1155.66,Aetna,Aetna Medicare,631.3,"This service costs $1155.66 as standard price when patient does not have any insurance.
Same service costs $631.3 if patient has 'Aetna Medicare' insurance plan.",Medical Center,hospital2,19106,Philadelphia,PA,39.9496,-75.1467
ABDOMINAL CT SCAN,74150,BOTH,1155.66,Aetna,Aetna Medicaid CHIP,1033.73,"This service costs $1155.66 as standard price when patient does not have any insurance.
Same service costs $1033.73 if patient has 'Aetna Medicaid CHIP' insurance plan.",Medical Center,hospital2,19106,Philadelphia,PA,39.9496,-75.1467
ABDOMINAL CT SCAN,74150,BOTH,1155.66,Aetna,Aetna Commercial,808.45,"This service costs $1155.66 as standard price when patient does not have any insurance.
Same service costs $808.45 if patient has 'Aetna Commercial' insurance plan.",Medical Center,hospital2,19106,Philadelphia,PA,39.9496,-75.1467
ABDOMINAL CT SCAN,74150,BOTH,1155.66,,,,Standard charge with no insurance.,Medical Center,hospital2,19106,Philadelphia,PA,39.9496,-75.1467
CHEST X-RAY,71045,BOTH,716.42,,,,"Only standard charge and no price with insurance – meaning this service is provided by the hospital directly, and not through any insurance.",Medical Center,hospital2,19106,Philadelphia,PA,39.9496,-75.1467
ACETYLCYSTEINE NON-COMP UNIT,J7608,OUTPATIENT,607.42,Humana,Humana Commercial,560.94,"This service costs $607.42 as standard price when patient does not have any insurance.
Same service costs $560.94 if patient has 'Humana Commercial' insurance plan.",Medical Center,hospital2,19106,Philadelphia,PA,39.9496,-75.1467
ACETYLCYSTEINE NON-COMP UNIT,J7608,INPATIENT,607.42,Humana,Humana Commercial,560.94,"This service costs $607.42 as standard price when patient does not have any insurance.
Same service costs $560.94 if patient has 'Humana Commercial' insurance plan.",Medical Center,hospital2,19106,Philadelphia,PA,39.9496,-75.1467
ACETYLCYSTEINE NON-COMP UNIT,J7608,OUTPATIENT,607.42,Humana,Humana Medicare HMO,375.65,"This service costs $607.42 as standard price when patient does not have any insurance.
Same service costs $375.65 if patient has 'Humana Medicare HMO' insurance plan.",Medical Center,hospital2,19106,Philadelphia,PA,39.9496,-75.1467
ACETYLCYSTEINE NON-COMP UNIT,J7608,INPATIENT,607.42,Humana,Humana Medicare HMO,375.65,"This service costs $607.42 as standard price when patient does not have any insurance.
Same service costs $375.65 if patient has 'Humana Medicare HMO' insurance plan.",Medical Center,hospital2,19106,Philadelphia,PA,39.9496,-75.1467
ACETYLCYSTEINE NON-COMP UNIT,J7608,OUTPATIENT,607.42,Humana,Humana Medicare PPO,400.9,"This service costs $607.42 as standard price when patient does not have any insurance.
Same service costs $400.9 if patient has 'Humana Medicare PPO' insurance plan.",Medical Center,hospital2,19106,Philadelphia,PA,39.9496,-75.1467
ACETYLCYSTEINE NON-COMP UNIT,J7608,INPATIENT,607.42,Humana,Humana Medicare PPO,400.9,"This service costs $607.42 as standard price when patient does not have any insurance.
Same service costs $400.9 if patient has 'Humana Medicare PPO' insurance plan.",Medical Center,hospital2,19106,Philadelphia,PA,39.9496,-75.1467
ACETYLCYSTEINE NON-COMP UNIT,J7608,OUTPATIENT,607.42,,,,Standard charge with no insurance.,Medical Center,hospital2,19106,Philadelphia,PA,39.9496,-75.1467
ACETYLCYSTEINE NON-COMP UNIT,J7608,INPATIENT,607.42,,,,Standard charge with no insurance.,Medical Center,hospital2,19106,Philadelphia,PA,39.9496,-75.1467
ACETYLCYSTEINE NON-COMP UNIT,J7608,OUTPATIENT,607.42,Aetna,Aetna Commercial,431.21,"This service costs $607.42 as standard price when patient does not have any insurance.
Same service costs $431.21 if patient has 'Aetna Commercial' insurance plan.",Medical Center,hospital2,19106,Philadelphia,PA,39.9496,-75.1467
ACETYLCYSTEINE NON-COMP UNIT,J7608,INPATIENT,607.42,Aetna,Aetna Commercial,431.21,"This service costs $607.42 as standard price when patient does not have any insurance.
Same service costs $431.21 if patient has 'Aetna Commercial' insurance plan.",Medical Center,hospital2,19106,Philadelphia,PA,39.9496,-75.1467
ACETYLCYSTEINE NON-COMP UNIT,J7608,OUTPATIENT,607.42,Aetna,Aetna Medicaid CHIP,453.81,"This service costs $607.42 as standard price when patient does not have any insurance.
Same service costs $453.81 if patient has 'Aetna Medicaid CHIP' insurance plan.",Medical Center,hospital2,19106,Philadelphia,PA,39.9496,-75.1467
ACETYLCYSTEINE NON-COMP UNIT,J7608,INPATIENT,607.42,Aetna,Aetna Medicaid CHIP,453.81,"This service costs $607.42 as standard price when patient does not have any insurance.
Same service costs $453.81 if patient has 'Aetna Medicaid CHIP' insurance plan.",Medical Center,hospital2,19106,Philadelphia,PA,39.9496,-75.1467
ACETYLCYSTEINE NON-COMP UNIT,J7608,OUTPATIENT,607.42,Aetna,Aetna Medicare,458.65,"This service costs $607.42 as standard price when patient does not have any insurance.
Same service costs $458.65 if patient has 'Aetna Medicare' insurance plan.",Medical Center,hospital2,19106,Philadelphia,PA,39.9496,-75.1467
ACETYLCYSTEINE NON-COMP UNIT,J7608,INPATIENT,607.42,Aetna,Aetna Medicare,458.65,"This service costs $607.42 as standard price when patient does not have any insurance.
Same service costs $458.65 if patient has 'Aetna Medicare' insurance plan.",Medical Center,hospital2,19106,Philadelphia,PA,39.9496,-75.1467
ACETYLCYSTEINE NON-COMP UNIT,J7608,OUTPATIENT,607.42,,,,Standard charge with no insurance.,Medical Center,hospital2,19106,Philadelphia,PA,39.9496,-75.1467
ACETYLCYSTEINE NON-COMP UNIT,J7608,INPATIENT,607.42,,,,Standard charge with no insurance.,Medical Center,hospital2,19106,Philadelphia,PA,39.9496,-75.1467
1 CC STERILE SYRINGE&NEEDLE,A4206,INPATIENT,670.17,Amerihealth,Amerihealth Medicare,489.07,"This service costs $670.17 as standard price when patient does not have any insurance.
Same service costs $489.07 if patient has 'Amerihealth Medicare' insurance plan.",Medical Center,hospital2,19106,Philadelphia,PA,39.9496,-75.1467
1 CC STERILE SYRINGE&NEEDLE,A4206,OUTPATIENT,670.17,Amerihealth,Amerihealth Medicare,489.07,"This service costs $670.17 as standard price when patient does not have any insurance.
Same service costs $489.07 if patient has 'Amerihealth Medicare' insurance plan.",Medical Center,hospital2,19106,Philadelphia,PA,39.9496,-75.1467
1 CC STERILE SYRINGE&NEEDLE,A4206,INPATIENT,670.17,Amerihealth,Amerihealth Medicaid HC,594.98,"This service costs $670.17 as standard price when patient does not have any insurance.
Same service costs $594.98 if patient has 'Amerihealth Medicaid HC' insurance plan.",Medical Center,hospital2,19106,Philadelphia,PA,39.9496,-75.1467
1 CC STERILE SYRINGE&NEEDLE,A4206,OUTPATIENT,670.17,Amerihealth,Amerihealth Medicaid HC,594.98,"This service costs $670.17 as standard price when patient does not have any insurance.
Same service costs $594.98 if patient has 'Amerihealth Medicaid HC' insurance plan.",Medical Center,hospital2,19106,Philadelphia,PA,39.9496,-75.1467
1 CC STERILE SYRINGE&NEEDLE,A4206,INPATIENT,670.17,,,,Standard charge with no insurance.,Medical Center,hospital2,19106,Philadelphia,PA,39.9496,-75.1467
1 CC STERILE SYRINGE&NEEDLE,A4206,OUTPATIENT,670.17,,,,Standard charge with no insurance.,Medical Center,hospital2,19106,Philadelphia,PA,39.9496,-75.1467
1 CC STERILE SYRINGE&NEEDLE,A4206,INPATIENT,670.17,Highmark,Highmark Medicare,446.17,"This service costs $670.17 as standard price when patient does not have any insurance.
Same service costs $446.17 if patient has 'Highmark Medicare' insurance plan.",Medical Center,hospital2,19106,Philadelphia,PA,39.9496,-75.1467
1 CC STERILE SYRINGE&NEEDLE,A4206,OUTPATIENT,670.17,Highmark,Highmark Medicare,446.17,"This service costs $670.17 as standard price when patient does not have any insurance.
Same service costs $446.17 if patient has 'Highmark Medicare' insurance plan.",Medical Center,hospital2,19106,Philadelphia,PA,39.9496,-75.1467
1 CC STERILE SYRINGE&NEEDLE,A4206,INPATIENT,670.17,,,,Standard charge with no insurance.,Medical Center,hospital2,19106,Philadelphia,PA,39.9496,-75.1467
1 CC STERILE SYRINGE&NEEDLE,A4206,OUTPATIENT,670.17,,,,Standard charge with no insurance.,Medical Center,hospital2,19106,Philadelphia,PA,39.9496,-75.1467
CHG MRI BRAIN,70551,OUTPATIENT,1569.55,Amerihealth,Amerihealth Medicare,1452.67,"This service costs $1569.55 as standard price when patient does not have any insurance.
Same service costs $1452.67 if patient has 'Amerihealth Medicare' insurance plan.",Medical Center,hospital2,19106,Philadelphia,PA,39.9496,-75.1467
CHG MRI BRAIN,70551,OUTPATIENT,1569.55,Amerihealth,Amerihealth Medicaid HC,1043.87,"This service costs $1569.55 as standard price when patient does not have any insurance.
Same service costs $1043.87 if patient has 'Amerihealth Medicaid HC' insurance plan.",Medical Center,hospital2,19106,Philadelphia,PA,39.9496,-75.1467
CHG MRI BRAIN,70551,OUTPATIENT,1569.55,Amerihealth,Amerihealth Commercial,826.82,"This service costs $1569.55 as standard price when patient does not have any insurance.
Same service costs $826.82 if patient has 'Amerihealth Commercial' insurance plan.",Medical Center,hospital2,19106,Philadelphia,PA,39.9496,-75.1467
CHG MRI BRAIN,70551,OUTPATIENT,1569.55,,,,Standard charge with no insurance.,Medical Center,hospital2,19106,Philadelphia,PA,39.9496,-75.1467
CHG MRI BRAIN,70551,OUTPATIENT,1569.55,United Healthcare,United Healthcare CHIP,1321.12,"This service costs $1569.55 as standard price when patient does not have any insurance.
Same service costs $1321.12 if patient has 'United Healthcare CHIP' insurance plan.",Medical Center,hospital2,19106,Philadelphia,PA,39.9496,-75.1467
CHG MRI BRAIN,70551,OUTPATIENT,1569.55,,,,Standard charge with no insurance.,Medical Center,hospital2,19106,Philadelphia,PA,39.9496,-75.1467
CHG MRI BRAIN,70551,OUTPATIENT,1569.55,Aetna,Aetna Medicaid CHIP,1012.78,"This service costs $1569.55 as standard price when patient does not have any insurance.
Same service costs $1012.78 if patient has 'Aetna Medicaid CHIP' insurance plan.",Medical Center,hospital2,19106,Philadelphia,PA,39.9496,-75.1467
CHG MRI BRAIN,70551,OUTPATIENT,1569.55,,,,Standard charge with no insurance.,Medical Center,hospital2,19106,Philadelphia,PA,39.9496,-75.1467
COMPLETE BLOOD COUNT,85025,BOTH,632.46,,,,"Only standard charge and no price with insurance – meaning this service is provided by the hospital directly, and not through any insurance.",Medical Center,hospital2,19106,Philadelphia,PA,39.9496,-75.1467
ABDOMINAL CT SCAN,74150,BOTH,706.4,Highmark,Highmark ACA Products PROF,421.55,"This service costs $706.4 as standard price when patient does not have any insurance.
Same service costs $421.55 if patient has 'Highmark ACA Products PROF' insurance plan.",Medical Center,hospital2,19106,Philadelphia,PA,39.9496,-75.1467
ABDOMINAL CT SCAN,74150,BOTH,706.4,Highmark,Highmark Medicare,390.3,"This service costs $706.4 as standard price when patient does not have any insurance.
Same service costs $390.3 if patient has 'Highmark Medicare' insurance plan.",Medical Center,hospital2,19106,Philadelphia,PA,39.9496,-75.1467
ABDOMINAL CT SCAN,74150,BOTH,706.4,Highmark,Highmark Commercial PROF,611.64,"This service costs $706.4 as standard price when patient does not have any insurance.
Same service costs $611.64 if patient has 'Highmark Commercial PROF' insurance plan.",Medical Center,hospital2,19106,Philadelphia,PA,39.9496,-75.1467
ABDOMINAL CT SCAN,74150,BOTH,706.4,,,,Standard charge with no insurance.,Medical Center,hospital2,19106,Philadelphia,PA,39.9496,-75.1467
ABDOMINAL CT SCAN,74150,BOTH,706.4,United Healthcare,United Healthcare Commercial,477.6,"This service costs $706.4 as standard price when patient does not have any insurance.
Same service costs $477.6 if patient has 'United Healthcare Commercial' insurance plan.",Medical Center,hospital2,19106,Philadelphia,PA,39.9496,-75.1467
ABDOMINAL CT SCAN,74150,BOTH,706.4,United Healthcare,United Healthcare Medicaid,540.87,"This service costs $706.4 as standard price when patient does not have any insurance.
Same service costs $540.87 if patient has 'United Healthcare Medicaid' insurance plan.",Medical Center,hospital2,19106,Philadelphia,PA,39.9496,-75.1467
ABDOMINAL CT SCAN,74150,BOTH,706.4,United Healthcare,United Healthcare CHIP,466.11,"This service costs $706.4 as standard price when patient does not have any insurance.
Same service costs $466.11 if patient has 'United Healthcare CHIP' insurance plan.",Medical Center,hospital2,19106,Philadelphia,PA,39.9496,-75.1467
ABDOMINAL CT SCAN,74150,BOTH,706.4,,,,Standard charge with no insurance.,Medical Center,hospital2,19106,Philadelphia,PA,39.9496,-75.1467
ABDOMINAL CT SCAN,74150,BOTH,706.4,Aetna,Aetna Medicaid CHIP,374.29,"This service costs $706.4 as standard price when patient does not have any insurance.
Same service costs $374.29 if patient has 'Aetna Medicaid CHIP' insurance plan.",Medical Center,hospital2,19106,Philadelphia,PA,39.9496,-75.1467
ABDOMINAL CT SCAN,74150,BOTH,706.4,Aetna,Aetna Medicare,633.75,"This service costs $706.4 as standard price when patient does not have any insurance.
Same service costs $633.75 if patient has 'Aetna Medicare' insurance plan.",Medical Center,hospital2,19106,Philadelphia,PA,39.9496,-75.1467
ABDOMINAL CT SCAN,74150,BOTH,706.4,Aetna,Aetna Commercial,583.39,"This service costs $706.4 as standard price when patient does not have any insurance.
Same service costs $583.39 if patient has 'Aetna Commercial' insurance plan.",Medical Center,hospital2,19106,Philadelphia,PA,39.9496,-75.1467
ABDOMINAL CT SCAN,74150,BOTH,706.4,,,,Standard charge with no insurance.,Medical Center,hospital2,19106,Philadelphia,PA,39.9496,-75.1467
BASIC METABOLIC PANEL,80048,BOTH,960.21,Aetna,Aetna Commercial,749.94,"This service costs $960.21 as standard price when patient does not have any insurance.
Same service costs $749.94 if patient has 'Aetna Commercial' insurance plan.",Medical Center,hospital2,19106,Philadelphia,PA,39.9496,-75.1467
BASIC METABOLIC PANEL,80048,BOTH,960.21,Aetna,Aetna Medicaid CHIP,820.41,"This service costs $960.21 as standard price when patient does not have any insurance.
Same service costs $820.41 if patient has 'Aetna Medicaid CHIP' insurance plan.",Medical Center,hospital2,19106,Philadelphia,PA,39.9496,-75.1467
BASIC METABOLIC PANEL,80048,BOTH,960.21,Aetna,Aetna Medicare,908.71,"This service costs $960.21 as standard price when patient does not have any insurance.
Same service costs $908.71 if patient has 'Aetna Medicare' insurance plan.",Medical Center,hospital2,19106,Philadelphia,PA,39.9496,-75.1467
BASIC METABOLIC PANEL,80048,BOTH,960.21,,,,Standard charge with no insurance.,Medical Center,hospital2,19106,Philadelphia,PA,39.9496,-75.1467
BASIC METABOLIC PANEL,80048,BOTH,960.21,Amerihealth,Amerihealth Medicaid HC,630.23,"This service costs $960.21 as standard price when patient does not have any insurance.
Same service costs $630.23 if patient has 'Amerihealth Medicaid HC' insurance plan.",Medical Center,hospital2,19106,Philadelphia,PA,39.9496,-75.1467
BASIC METABOLIC PANEL,80048,BOTH,960.21,Amerihealth,Amerihealth Commercial,642.04,"This service costs $960.21 as standard price when patient does not have any insurance.
Same service costs $642.04 if patient has 'Amerihealth Commercial' insurance plan.",Medical Center,hospital2,19106,Philadelphia,PA,39.9496,-75.1467
BASIC METABOLIC PANEL,80048,BOTH,960.21,,,,Standard charge with no insurance.,Medical Center,hospital2,19106,Philadelphia,PA,39.9496,-75.1467
TRILOCK GRIDPL,C1713,BOTH,761.68,Highmark,Highmark ACA Products PROF,501.64,"This service costs $761.68 as standard price when patient does not have any insurance.
Same service costs $501.64 if patient has 'Highmark ACA Products PROF' insurance plan.",Medical Center,hospital2,19106,Philadelphia,PA,39.9496,-75.1467
TRILOCK GRIDPL,C1713,BOTH,761.68,Highmark,Highmark Commercial PROF,452.6,"This service costs $761.68 as standard price when patient does not have any insurance.
Same service costs $452.6 if patient has 'Highmark Commercial PROF' insurance plan.",Medical Center,hospital2,19106,Philadelphia,PA,39.9496,-75.1467
TRILOCK GRIDPL,C1713,BOTH,761.68,,,,Standard charge with no insurance.,Medical Center,hospital2,19106,Philadelphia,PA,39.9496,-75.1467
TRILOCK GRIDPL,C1713,BOTH,761.68,United Healthcare,United Healthcare Medicaid,545.82,"This service costs $761.68 as standard price when patient does not have any insurance.
Same service costs $545.82 if patient has 'United Healthcare Medicaid' insurance plan.",Medical Center,hospital2,19106,Philadelphia,PA,39.9496,-75.1467
TRILOCK GRIDPL,C1713,BOTH,761.68,United Healthcare,United Healthcare CHIP,500.95,"This service costs $761.68 as standard price when patient does not have any insurance.
Same service costs $500.95 if patient has 'United Healthcare CHIP' insurance plan.",Medical Center,hospital2,19106,Philadelphia,PA,39.9496,-75.1467
TRILOCK GRIDPL,C1713,BOTH,761.68,United Healthcare,United Healthcare Commercial,492.3,"This service costs $761.68 as standard price when patient does not have any insurance.
Same service costs $492.3 if patient has 'United Healthcare Commercial' insurance plan.",Medical Center,hospital2,19106,Philadelphia,PA,39.9496,-75.1467
TRILOCK GRIDPL,C1713,BOTH,761.68,,,,Standard charge with no insurance.,Medical Center,hospital2,19106,Philadelphia,PA,39.9496,-75.1467
COMPLETE BLOOD COUNT,85025,BOTH,940.72,Highmark,Highmark ACA Products PROF,788.39,"This service costs $940.72 as standard price when patient does not have any insurance.
Same service costs $788.39 if patient has 'Highmark ACA Products PROF' insurance plan.",Medical Center,hospital2,19106,Philadelphia,PA,39.9496,-75.1467
COMPLETE BLOOD COUNT,85025,BOTH,940.72,Highmark,Highmark Medicare,664.32,"This service costs $940.72 as standard price when patient does not have any insurance.
Same service costs $664.32 if patient has 'Highmark Medicare' insurance plan.",Medical Center,hospital2,19106,Philadelphia,PA,39.9496,-75.1467
COMPLETE BLOOD COUNT,85025,BOTH,940.72,,,,Standard charge with no insurance.,Medical Center,hospital2,19106,Philadelphia,PA,39.9496,-75.1467
COMPLETE BLOOD COUNT,85025,BOTH,940.72,Aetna,Aetna Commercial,569.81,"This service costs $940.72 as standard price when patient does not have any insurance.
Same service costs $569.81 if patient has 'Aetna Commercial' insurance plan.",Medical Center,hospital2,19106,Philadelphia,PA,39.9496,-75.1467
COMPLETE BLOOD COUNT,85025,BOTH,940.72,,,,Standard charge with no insurance.,Medical Center,hospital2,19106,Philadelphia,PA,39.9496,-75.1467
1 CC STERILE SYRINGE&NEEDLE,A4206,INPATIENT,1086.06,Highmark,Highmark ACA Products PROF,751.77,"This service costs $1086.06 as standard price when patient does not have any insurance.
Same service costs $751.77 if patient has 'Highmark ACA Products PROF' insurance plan.",Medical Center,hospital2,19106,Philadelphia,PA,39.9496,-75.1467
1 CC STERILE SYRINGE&NEEDLE,A4206,OUTPATIENT,1086.06,Highmark,Highmark ACA Products PROF,751.77,"This service costs $1086.06 as standard price when patient does not have any insurance.
Same service costs $751.77 if patient has 'Highmark ACA Products PROF' insurance plan.",Medical Center,hospital2,19106,Philadelphia,PA,39.9496,-75.1467
1 CC STERILE SYRINGE&NEEDLE,A4206,INPATIENT,1086.06,,,,Standard charge with no insurance.,Medical Center,hospital2,19106,Philadelphia,PA,39.9496,-75.1467
1 CC STERILE SYRINGE&NEEDLE,A4206,OUTPATIENT,1086.06,,,,Standard charge with no insurance.,Medical Center,hospital2,19106,Philadelphia,PA,39.9496,-75.1467
1 CC STERILE SYRINGE&NEEDLE,A4206,INPATIENT,1086.06,United Healthcare,United Healthcare Commercial,546.45,"This service costs $1086.06 as standard price when patient does not have any insurance.
Same service costs $546.45 if patient has 'United Healthcare Commercial' insurance plan.",Medical Center,hospital2,19106,Philadelphia,PA,39.9496,-75.1467
1 CC STERILE SYRINGE&NEEDLE,A4206,OUTPATIENT,1086.06,United Healthcare,United Healthcare Commercial,546.45,"This service costs $1086.06 as standard price when patient does not have any insurance.
Same service costs $546.45 if patient has 'United Healthcare Commercial' insurance plan.",Medical Center,hospital2,19106,Philadelphia,PA,39.9496,-75.1467
1 CC STERILE SYRINGE&NEEDLE,A4206,INPATIENT,1086.06,United Healthcare,United Healthcare Medicaid,906.09,"This service costs $1086.06 as standard price when patient does not have any insurance.
Same service costs $906.09 if patient has 'United Healthcare Medicaid' insurance plan.",Medical Center,hospital2,19106,Philadelphia,PA,39.9496,-75.1467
1 CC STERILE SYRINGE&NEEDLE,A4206,OUTPATIENT,1086.06,United Healthcare,United Healthcare Medicaid,906.09,"This service costs $1086.06 as standard price when patient does not have any insurance.
Same service costs $906.09 if patient has 'United Healthcare Medicaid' insurance plan.",Medical Center,hospital2,19106,Philadelphia,PA,39.9496,-75.1467
1 CC STERILE SYRINGE&NEEDLE,A4206,INPATIENT,1086.06,,,,Standard charge with no insurance.,Medical Center,hospital2,19106,Philadelphia,PA,39.9496,-75.1467
1 CC STERILE SYRINGE&NEEDLE,A4206,OUTPATIENT,1086.06,,,,Standard charge with no insurance.,Medical Center,hospital2,19106,Philadelphia,PA,39.9496,-75.1467
1 CC STERILE SYRINGE&NEEDLE,A4206,INPATIENT,1086.06,Aetna,Aetna Medicare,941.24,"This service costs $1086.06 as standard price when patient does not have any insurance.
Same service costs $941.24 if patient has 'Aetna Medicare' insurance plan.",Medical Center,hospital2,19106,Philadelphia,PA,39.9496,-75.1467
1 CC STERILE SYRINGE&NEEDLE,A4206,OUTPATIENT,1086.06,Aetna,Aetna Medicare,941.24,"This service costs $1086.06 as standard price when patient does not have any insurance.
Same service costs $941.24 if patient has 'Aetna Medicare' insurance plan.",Medical Center,hospital2,19106,Philadelphia,PA,39.9496,-75.1467
1 CC STERILE SYRINGE&NEEDLE,A4206,INPATIENT,1086.06,,,,Standard charge with no insurance.,Medical Center,hospital2,19106,Philadelphia,PA,39.9496,-75.1467
1 CC STERILE SYRINGE&NEEDLE,A4206,OUTPATIENT,1086.06,,,,Standard charge with no insurance.,Medical Center,hospital2,19106,Philadelphia,PA,39.9496,-75.1467
CHG MRI BRAIN,70551,OUTPATIENT,415.57,Humana,Humana Medicare PPO,265.57,"This service costs $415.57 as standard price when patient does not have any insurance.
Same service costs $265.57 if patient has 'Humana Medicare PPO' insurance plan.",Medical Center,hospital2,19106,Philadelphia,PA,39.9496,-75.1467
CHG MRI BRAIN,70551,OUTPATIENT,415.57,Humana,Humana Commercial,374.6,"This service costs $415.57 as standard price when patient does not have any insurance.
Same service costs $374.6 if patient has 'Humana Commercial' insurance plan.",Medical Center,hospital2,19106,Philadelphia,PA,39.9496,-75.1467
CHG MRI BRAIN,70551,OUTPATIENT,415.57,,,,Standard charge with no insurance.,Medical Center,hospital2,19106,Philadelphia,PA,39.9496,-75.1467
CHG MRI BRAIN,70551,OUTPATIENT,1557.67,Humana,Humana Medicare HMO,1217.65,"This service costs $1557.67 as standard price when patient does not have any insurance.
Same service costs $1217.65 if patient has 'Humana Medicare HMO' insurance plan.",Medical Center,hospital2,19106,Philadelphia,PA,39.9496,-75.1467
CHG MRI BRAIN,70551,OUTPATIENT,1557.67,Humana,Humana Commercial,959.03,"This service costs $1557.67 as standard price when patient does not have any insurance.
Same service costs $959.03 if patient has 'Humana Commercial' insurance plan.",Medical Center,hospital2,19106,Philadelphia,PA,39.9496,-75.1467
CHG MRI BRAIN,70551,OUTPATIENT,1557.67,,,,Standard charge with no insurance.,Medical Center,hospital2,19106,Philadelphia,PA,39.9496,-75.1467
CHG MRI BRAIN,70551,OUTPATIENT,1557.67,Aetna,Aetna Medicaid CHIP,1386.93,"This service costs $1557.67 as standard price when patient does not have any insurance.
Same service costs $1386.93 if patient has 'Aetna Medicaid CHIP' insurance plan.",Medical Center,hospital2,19106,Philadelphia,PA,39.9496,-75.1467
CHG MRI BRAIN,70551,OUTPATIENT,1557.67,Aetna,Aetna Medicare,1364.77,"This service costs $1557.67 as standard price when patient does not have any insurance.
Same service costs $1364.77 if patient has 'Aetna Medicare' insurance plan.",Medical Center,hospital2,19106,Philadelphia,PA,39.9496,-75.1467
CHG MRI BRAIN,70551,OUTPATIENT,1557.67,Aetna,Aetna Commercial,1228.16,"This service costs $1557.67 as standard price when patient does not have any insurance.
Same service costs $1228.16 if patient has 'Aetna Commercial' insurance plan.",Medical Center,hospital2,19106,Philadelphia,PA,39.9496,-75.1467
CHG MRI BRAIN,70551,OUTPATIENT,1557.67,,,,Standard charge with no insurance.,Medical Center,hospital2,19106,Philadelphia,PA,39.9496,-75.1467
CHG MRI BRAIN,70551,OUTPATIENT,1557.67,Amerihealth,Amerihealth Medicare,1159.0,"This service costs $1557.67 as standard price when patient does not have any insurance.
Same service costs $1159.0 if patient has 'Amerihealth Medicare' insurance plan.",Medical Center,hospital2,19106,Philadelphia,PA,39.9496,-75.1467
CHG MRI BRAIN,70551,OUTPATIENT,1557.67,Amerihealth,Amerihealth Medicaid HC,917.27,"This service costs $1557.67 as standard price when patient does not have any insurance.
Same service costs $917.27 if patient has 'Amerihealth Medicaid HC' insurance plan.",Medical Center,hospital2,19106,Philadelphia,PA,39.9496,-75.1467
CHG MRI BRAIN,70551,OUTPATIENT,1557.67,,,,Standard charge with no insurance.,Medical Center,hospital2,19106,Philadelphia,PA,39.9496,-75.1467
COMPLETE BLOOD COUNT,85025,BOTH,1585.27,United Healthcare,United Healthcare CHIP,1403.44,"This service costs $1585.27 as standard price when patient does not have any insurance.
Same service costs $1403.44 if patient has 'United Healthcare CHIP' insurance plan.",Medical Center,hospital2,19106,Philadelphia,PA,39.9496,-75.1467
COMPLETE BLOOD COUNT,85025,BOTH,1585.27,United Healthcare,United Healthcare Commercial,1334.19,"This service costs $1585.27 as standard price when patient does not have any insurance.
Same service costs $1334.19 if patient has 'United Healthcare Commercial' insurance plan.",Medical Center,hospital2,19106,Philadelphia,PA,39.9496,-75.1467
COMPLETE BLOOD COUNT,85025,BOTH,1585.27,United Healthcare,United Healthcare Medicaid,1069.8,"This service costs $1585.27 as standard price when patient does not have any insurance.
Same service costs $1069.8 if patient has 'United Healthcare Medicaid' insurance plan.",Medical Center,hospital2,19106,Philadelphia,PA,39.9496,-75.1467
COMPLETE BLOOD COUNT,85025,BOTH,1585.27,,,,Standard charge with no insurance.,Medical Center,hospital2,19106,Philadelphia,PA,39.9496,-75.1467
COMPLETE BLOOD COUNT,85025,BOTH,1585.27,Humana,Humana Medicare HMO,1254.54,"This service costs $1585.27 as standard price when patient does not have any insurance.
Same service costs $1254.54 if patient has 'Humana Medicare HMO' insurance plan.",Medical Center,hospital2,19106,Philadelphia,PA,39.9496,-75.1467
COMPLETE BLOOD COUNT,85025,BOTH,1585.27,Humana,Humana Medicare PPO,988.6,"This service costs $1585.27 as standard price when patient does not have any insurance.
Same service costs $988.6 if patient has 'Humana Medicare PPO' insurance plan.",Medical Center,hospital2,19106,Philadelphia,PA,39.9496,-75.1467
COMPLETE BLOOD COUNT,85025,BOTH,1585.27,Humana,Humana Commercial,891.65,"This service costs $1585.27 as standard price when patient does not have any insurance.
Same service costs $891.65 if patient has 'Humana Commercial' insurance plan.",Medical Center,hospital2,19106,Philadelphia,PA,39.9496,-75.1467
COMPLETE BLOOD COUNT,85025,BOTH,1585.27,,,,Standard charge with no insurance.,Medical Center,hospital2,19106,Philadelphia,PA,39.9496,-75.1467
CHEST X-RAY,71045,BOTH,42.84,Humana,Humana Medicare PPO,21.74,"This service costs $42.84 as standard price when patient does not have any insurance.
Same service costs $21.74 if patient has 'Humana Medicare PPO' insurance plan.",Medical Center,hospital2,19106,Philadelphia,PA,39.9496,-75.1467
CHEST X-RAY,71045,BOTH,42.84,Humana,Humana Commercial,35.57,"This service costs $42.84 as standard price when patient does not have any insurance.
Same service costs $35.57 if patient has 'Humana Commercial' insurance plan.",Medical Center,hospital2,19106,Philadelphia,PA,39.9496,-75.1467
CHEST X-RAY,71045,BOTH,42.84,Humana,Humana Medicare HMO,30.1,"This service costs $42.84 as standard price when patient does not have any insurance.
Same service costs $30.1 if patient has 'Humana Medicare HMO' insurance plan.",Medical Center,hospital2,19106,Philadelphia,PA,39.9496,-75.1467
CHEST X-RAY,71045,BOTH,42.84,,,,Standard charge with no insurance.,Medical Center,hospital2,19106,Philadelphia,PA,39.9496,-75.1467
COMPLETE BLOOD COUNT,85025,BOTH,1606.47,Amerihealth,Amerihealth Commercial,1367.79,"This service costs $1606.47 as standard price when patient does not have any insurance.
Same service costs $1367.79 if patient has 'Amerihealth Commercial' insurance plan.",Medical Center,hospital2,19106,Philadelphia,PA,39.9496,-75.1467
COMPLETE BLOOD COUNT,85025,BOTH,1606.47,Amerihealth,Amerihealth Medicaid HC,1014.67,"This service costs $1606.47 as standard price when patient does not have any insurance.
Same service costs $1014.67 if patient has 'Amerihealth Medicaid HC' insurance plan.",Medical Center,hospital2,19106,Philadelphia,PA,39.9496,-75.1467
COMPLETE BLOOD COUNT,85025,BOTH,1606.47,Amerihealth,Amerihealth Medicare,809.58,"This service costs $1606.47 as standard price when patient does not have any insurance.
Same service costs $809.58 if patient has 'Amerihealth Medicare' insurance plan.",Medical Center,hospital2,19106,Philadelphia,PA,39.9496,-75.1467
COMPLETE BLOOD COUNT,85025,BOTH,1606.47,,,,Standard charge with no insurance.,Medical Center,hospital2,19106,Philadelphia,PA,39.9496,-75.1467
COMPLETE BLOOD COUNT,85025,BOTH,1606.47,Aetna,Aetna Commercial,995.65,"This service costs $1606.47 as standard price when patient does not have any insurance.
Same service costs $995.65 if patient has 'Aetna Commercial' insurance plan.",Medical Center,hospital2,19106,Philadelphia,PA,39.9496,-75.1467
COMPLETE BLOOD COUNT,85025,BOTH,1606.47,Aetna,Aetna Medicaid CHIP,1088.16,"This service costs $1606.47 as standard price when patient does not have any insurance.
Same service costs $1088.16 if patient has 'Aetna Medicaid CHIP' insurance plan.",Medical Center,hospital2,19106,Philadelphia,PA,39.9496,-75.1467
COMPLETE BLOOD COUNT,85025,BOTH,1606.47,Aetna,Aetna Medicare,948.15,"This service costs $1606.47 as standard price when patient does not have any insurance.
Same service costs $948.15 if patient has 'Aetna Medicare' insurance plan.",Medical Center,hospital2,19106,Philadelphia,PA,39.9496,-75.1467
COMPLETE BLOOD COUNT,85025,BOTH,1606.47,,,,Standard charge with no insurance.,Medical Center,hospital2,19106,Philadelphia,PA,39.9496,-75.1467
COMPLETE BLOOD COUNT,85025,BOTH,1606.47,United Healthcare,United Healthcare Medicaid,1168.36,"This service costs $1606.47 as standard price when patient does not have any insurance.
Same service costs $1168.36 if patient has 'United Healthcare Medicaid' insurance plan.",Medical Center,hospital2,19106,Philadelphia,PA,39.9496,-75.1467
COMPLETE BLOOD COUNT,85025,BOTH,1606.47,United Healthcare,United Healthcare Commercial,1523.94,"This service costs $1606.47 as standard price when patient does not have any insurance.
Same service costs $1523.94 if patient has 'United Healthcare Commercial' insurance plan.",Medical Center,hospital2,19106,Philadelphia,PA,39.9496,-75.1467
COMPLETE BLOOD COUNT,85025,BOTH,1606.47,,,,Standard charge with no insurance.,Medical Center,hospital2,19106,Philadelphia,PA,39.9496,-75.1467
1 CC STERILE SYRINGE&NEEDLE,A4206,INPATIENT,1015.53,,,,"Only standard charge and no price with insurance – meaning this service is provided by the hospital directly, and not through any insurance.",Medical Center,hospital2,19106,Philadelphia,PA,39.9496,-75.1467
1 CC STERILE SYRINGE&NEEDLE,A4206,OUTPATIENT,1015.53,,,,"Only standard charge and no price with insurance – meaning this service is provided by the hospital directly, and not through any insurance.",Medical Center,hospital2,19106,Philadelphia,PA,39.9496,-75.1467
2D ECHO,93306,OUTPATIENT,658.95,Highmark,Highmark Commercial PROF,340.2,"This service costs $658.95 as standard price when patient does not have any insurance.
Same service costs $340.2 if patient has 'Highmark Commercial PROF' insurance plan.",Medical Center,hospital2,19106,Philadelphia,PA,39.9496,-75.1467
2D ECHO,93306,OUTPATIENT,658.95,Highmark,Highmark Medicare,565.54,"This service costs $658.95 as standard price when patient does not have any insurance.
Same service costs $565.54 if patient has 'Highmark Medicare' insurance plan.",Medical Center,hospital2,19106,Philadelphia,PA,39.9496,-75.1467
2D ECHO,93306,OUTPATIENT,658.95,,,,Standard charge with no insurance.,Medical Center,hospital2,19106,Philadelphia,PA,39.9496,-75.1467
2D ECHO,93306,OUTPATIENT,658.95,Aetna,Aetna Commercial,470.58,"This service costs $658.95 as standard price when patient does not have any insurance.
Same service costs $470.58 if patient has 'Aetna Commercial' insurance plan.",Medical Center,hospital2,19106,Philadelphia,PA,39.9496,-75.1467
2D ECHO,93306,OUTPATIENT,658.95,Aetna,Aetna Medicare,370.46,"This service costs $658.95 as standard price when patient does not have any insurance.
Same service costs $370.46 if patient has 'Aetna Medicare' insurance plan.",Medical Center,hospital2,19106,Philadelphia,PA,39.9496,-75.1467
2D ECHO,93306,OUTPATIENT,658.95,Aetna,Aetna Medicaid CHIP,357.59,"This service costs $658.95 as standard price when patient does not have any insurance.
Same service costs $357.59 if patient has 'Aetna Medicaid CHIP' insurance plan.",Medical Center,hospital2,19106,Philadelphia,PA,39.9496,-75.1467
2D ECHO,93306,OUTPATIENT,658.95,,,,Standard charge with no insurance.,Medical Center,hospital2,19106,Philadelphia,PA,39.9496,-75.1467
CHEST X-RAY,71045,BOTH,1735.46,,,,"Only standard charge and no price with insurance – meaning this service is provided by the hospital directly, and not through any insurance.",Medical Center,hospital2,19106,Philadelphia,PA,39.9496,-75.1467
TRILOCK SCAPHOID PLATE,C1713,BOTH,724.66,,,,"Only standard charge and no price with insurance – meaning this service is provided by the hospital directly, and not through any insurance.",Medical Center,hospital2,19106,Philadelphia,PA,39.9496,-75.1467
TRILOCK GRIDPL,C1713,BOTH,1121.18,Highmark,Highmark Commercial PROF,776.79,"This service costs $1121.18 as standard price when patient does not have any insurance.
Same service costs $776.79 if patient has 'Highmark Commercial PROF' insurance plan.",Medical Center,hospital2,19106,Philadelphia,PA,39.9496,-75.1467
TRILOCK GRIDPL,C1713,BOTH,1121.18,Highmark,Highmark ACA Products PROF,964.79,"This service costs $1121.18 as standard price when patient does not have any insurance.
Same service costs $964.79 if patient has 'Highmark ACA Products PROF' insurance plan.",Medical Center,hospital2,19106,Philadelphia,PA,39.9496,-75.1467
TRILOCK GRIDPL,C1713,BOTH,1121.18,Highmark,Highmark Medicare,1059.58,"This service costs $1121.18 as standard price when patient does not have any insurance.
Same service costs $1059.58 if patient has 'Highmark Medicare' insurance plan.",Medical Center,hospital2,19106,Philadelphia,PA,39.9496,-75.1467
TRILOCK GRIDPL,C1713,BOTH,1121.18,,,,Standard charge with no insurance.,Medical Center,hospital2,19106,Philadelphia,PA,39.9496,-75.1467
TRILOCK GRIDPL,C1713,BOTH,1121.18,Amerihealth,Amerihealth Commercial,1060.32,"This service costs $1121.18 as standard price when patient does not have any insurance.
Same service costs $1060.32 if patient has 'Amerihealth Commercial' insurance plan.",Medical Center,hospital2,19106,Philadelphia,PA,39.9496,-75.1467
TRILOCK GRIDPL,C1713,BOTH,1121.18,,,,Standard charge with no insurance.,Medical Center,hospital2,19106,Philadelphia,PA,39.9496,-75.1467
CHG MRI BRAIN,70551,OUTPATIENT,1710.09,Humana,Humana Medicare PPO,1311.59,"This service costs $1710.09 as standard price when patient does not have any insurance.
Same service costs $1311.59 if patient has 'Humana Medicare PPO' insurance plan.",Medical Center,hospital2,19106,Philadelphia,PA,39.9496,-75.1467
CHG MRI BRAIN,70551,OUTPATIENT,1710.09,Humana,Humana Commercial,1245.66,"This service costs $1710.09 as standard price when patient does not have any insurance.
Same service costs $1245.66 if patient has 'Humana Commercial' insurance plan.",Medical Center,hospital2,19106,Philadelphia,PA,39.9496,-75.1467
CHG MRI BRAIN,70551,OUTPATIENT,1710.09,Humana,Humana Medicare HMO,1576.7,"This service costs $1710.09 as standard price when patient does not have any insurance.
Same service costs $1576.7 if patient has 'Humana Medicare HMO' insurance plan.",Medical Center,hospital2,19106,Philadelphia,PA,39.9496,-75.1467
CHG MRI BRAIN,70551,OUTPATIENT,1710.09,,,,Standard charge with no insurance.,Medical Center,hospital2,19106,Philadelphia,PA,39.9496,-75.1467
TRILOCK GRIDPL,C1713,BOTH,1007.17,Highmark,Highmark Commercial PROF,517.12,"This service costs $1007.17 as standard price when patient does not have any insurance.
Same service costs $517.12 if patient has 'Highmark Commercial PROF' insurance plan.",Medical Center,hospital2,19106,Philadelphia,PA,39.9496,-75.1467
TRILOCK GRIDPL,C1713,BOTH,1007.17,Highmark,Highmark ACA Products PROF,874.96,"This service costs $1007.17 as standard price when patient does not have any insurance.
Same service costs $874.96 if patient has 'Highmark ACA Products PROF' insurance plan.",Medical Center,hospital2,19106,Philadelphia,PA,39.9496,-75.1467
TRILOCK GRIDPL,C1713,BOTH,1007.17,,,,Standard charge with no insurance.,Medical Center,hospital2,19106,Philadelphia,PA,39.9496,-75.1467
TRILOCK GRIDPL,C1713,BOTH,1007.17,United Healthcare,United Healthcare CHIP,944.68,"This service costs $1007.17 as standard price when patient does not have any insurance.
Same service costs $944.68 if patient has 'United Healthcare CHIP' insurance plan.",Medical Center,hospital2,19106,Philadelphia,PA,39.9496,-75.1467
TRILOCK GRIDPL,C1713,BOTH,1007.17,,,,Standard charge with no insurance.,Medical Center,hospital2,19106,Philadelphia,PA,39.9496,-75.1467
BASIC METABOLIC PANEL,80048,BOTH,1775.41,Aetna,Aetna Medicaid CHIP,953.76,"This service costs $1775.41 as standard price when patient does not have any insurance.
Same service costs $953.76 if patient has 'Aetna Medicaid CHIP' insurance plan.",Medical Center,hospital2,19106,Philadelphia,PA,39.9496,-75.1467
BASIC METABOLIC PANEL,80048,BOTH,1775.41,Aetna,Aetna Commercial,1039.4,"This service costs $1775.41 as standard price when patient does not have any insurance.
Same service costs $1039.4 if patient has 'Aetna Commercial' insurance plan.",Medical Center,hospital2,19106,Philadelphia,PA,39.9496,-75.1467
BASIC METABOLIC PANEL,80048,BOTH,1775.41,,,,Standard charge with no insurance.,Medical Center,hospital2,19106,Philadelphia,PA,39.9496,-75.1467
BASIC METABOLIC PANEL,80048,BOTH,1775.41,Amerihealth,Amerihealth Medicaid HC,1365.3,"This service costs $1775.41 as standard price when patient does not have any insurance.
Same service costs $1365.3 if patient has 'Amerihealth Medicaid HC' insurance plan.",Medical Center,hospital2,19106,Philadelphia,PA,39.9496,-75.1467
BASIC METABOLIC PANEL,80048,BOTH,1775.41,Amerihealth,Amerihealth Medicare,1215.54,"This service costs $1775.41 as standard price when patient does not have any insurance.
Same service costs $1215.54 if patient has 'Amerihealth Medicare' insurance plan.",Medical Center,hospital2,19106,Philadelphia,PA,39.9496,-75.1467
BASIC METABOLIC PANEL,80048,BOTH,1775.41,Amerihealth,Amerihealth Commercial,984.44,"This service costs $1775.41 as standard price when patient does not have any insurance.
Same service costs $984.44 if patient has 'Amerihealth Commercial' insurance plan.",Medical Center,hospital2,19106,Philadelphia,PA,39.9496,-75.1467
BASIC METABOLIC PANEL,80048,BOTH,1775.41,,,,Standard charge with no insurance.,Medical Center,hospital2,19106,Philadelphia,PA,39.9496,-75.1467
1 CC STERILE SYRINGE&NEEDLE,A4206,INPATIENT,880.91,,,,"Only standard charge and no price with insurance – meaning this service is provided by the hospital directly, and not through any insurance.",Medical Center,hospital2,19106,Philadelphia,PA,39.9496,-75.1467
1 CC STERILE SYRINGE&NEEDLE,A4206,OUTPATIENT,880.91,,,,"Only standard charge and no price with insurance – meaning this service is provided by the hospital directly, and not through any insurance.",Medical Center,hospital2,19106,Philadelphia,PA,39.9496,-75.1467
COMPLETE BLOOD COUNT,85025,BOTH,1680.96,,,,"Only standard charge and no price with insurance – meaning this service is provided by the hospital directly, and not through any insurance.",Medical Center,hospital2,19106,Philadelphia,PA,39.9496,-75.1467
COMPLETE BLOOD COUNT,85025,BOTH,1152.52,,,,"Only standard charge and no price with insurance – meaning this service is provided by the hospital directly, and not through any insurance.",Medical Center,hospital2,19106,Philadelphia,PA,39.9496,-75.1467
COMPLETE BLOOD COUNT,85025,BOTH,1036.7,Humana,Humana Medicare PPO,696.86,"This service costs $1036.7 as standard price when patient does not have any insurance.
Same service costs $696.86 if patient has 'Humana Medicare PPO' insurance plan.",Medical Center,hospital2,19106,Philadelphia,PA,39.9496,-75.1467
COMPLETE BLOOD COUNT,85025,BOTH,1036.7,,,,Standard charge with no insurance.,Medical Center,hospital2,19106,Philadelphia,PA,39.9496,-75.1467
COMPLETE BLOOD COUNT,85025,BOTH,1036.7,Amerihealth,Amerihealth Medicaid HC,731.95,"This service costs $1036.7 as standard price when patient does not have any insurance.
Same service costs $731.95 if patient has 'Amerihealth Medicaid HC' insurance plan.",Medical Center,hospital2,19106,Philadelphia,PA,39.9496,-75.1467
COMPLETE BLOOD COUNT,85025,BOTH,1036.7,Amerihealth,Amerihealth Commercial,539.91,"This service costs $1036.7 as standard price when patient does not have any insurance.
Same service costs $539.91 if patient has 'Amerihealth Commercial' insurance plan.",Medical Center,hospital2,19106,Philadelphia,PA,39.9496,-75.1467
COMPLETE BLOOD COUNT,85025,BOTH,1036.7,Amerihealth,Amerihealth Medicare,552.45,"This service costs $1036.7 as standard price when patient does not have any insurance.
Same service costs $552.45 if patient has 'Amerihealth Medicare' insurance plan.",Medical Center,hospital2,19106,Philadelphia,PA,39.9496,-75.1467
COMPLETE BLOOD COUNT,85025,BOTH,1036.7,,,,Standard charge with no insurance.,Medical Center,hospital2,19106,Philadelphia,PA,39.9496,-75.1467
TRILOCK GRIDPL,C1713,BOTH,910.07,United Healthcare,United Healthcare Commercial,831.75,"This service costs $910.07 as standard price when patient does not have any insurance.
Same service costs $831.75 if patient has 'United Healthcare Commercial' insurance plan.",Medical Center,hospital2,19106,Philadelphia,PA,39.9496,-75.1467
TRILOCK GRIDPL,C1713,BOTH,910.07,United Healthcare,United Healthcare Medicaid,480.5,"This service costs $910.07 as standard price when patient does not have any insurance.
Same service costs $480.5 if patient has 'United Healthcare Medicaid' insurance plan.",Medical Center,hospital2,19106,Philadelphia,PA,39.9496,-75.1467
TRILOCK GRIDPL,C1713,BOTH,910.07,,,,Standard charge with no insurance.,Medical Center,hospital2,19106,Philadelphia,PA,39.9496,-75.1467
1 CC STERILE SYRINGE&NEEDLE,A4206,INPATIENT,1626.55,Amerihealth,Amerihealth Medicare,1059.75,"This service costs $1626.55 as standard price when patient does not have any insurance.
Same service costs $1059.75 if patient has 'Amerihealth Medicare' insurance plan.",Medical Center,hospital2,19106,Philadelphia,PA,39.9496,-75.1467
1 CC STERILE SYRINGE&NEEDLE,A4206,OUTPATIENT,1626.55,Amerihealth,Amerihealth Medicare,1059.75,"This service costs $1626.55 as standard price when patient does not have any insurance.
Same service costs $1059.75 if patient has 'Amerihealth Medicare' insurance plan.",Medical Center,hospital2,19106,Philadelphia,PA,39.9496,-75.1467
1 CC STERILE SYRINGE&NEEDLE,A4206,INPATIENT,1626.55,Amerihealth,Amerihealth Medicaid HC,1430.44,"This service costs $1626.55 as standard price when patient does not have any insurance.
Same service costs $1430.44 if patient has 'Amerihealth Medicaid HC' insurance plan.",Medical Center,hospital2,19106,Philadelphia,PA,39.9496,-75.1467
1 CC STERILE SYRINGE&NEEDLE,A4206,OUTPATIENT,1626.55,Amerihealth,Amerihealth Medicaid HC,1430.44,"This service costs $1626.55 as standard price when patient does not have any insurance.
Same service costs $1430.44 if patient has 'Amerihealth Medicaid HC' insurance plan.",Medical Center,hospital2,19106,Philadelphia,PA,39.9496,-75.1467
1 CC STERILE SYRINGE&NEEDLE,A4206,INPATIENT,1626.55,Amerihealth,Amerihealth Commercial,1284.82,"This service costs $1626.55 as standard price when patient does not have any insurance.
Same service costs $1284.82 if patient has 'Amerihealth Commercial' insurance plan.",Medical Center,hospital2,19106,Philadelphia,PA,39.9496,-75.1467
1 CC STERILE SYRINGE&NEEDLE,A4206,OUTPATIENT,1626.55,Amerihealth,Amerihealth Commercial,1284.82,"This service costs $1626.55 as standard price when patient does not have any insurance.
Same service costs $1284.82 if patient has 'Amerihealth Commercial' insurance plan.",Medical Center,hospital2,19106,Philadelphia,PA,39.9496,-75.1467
1 CC STERILE SYRINGE&NEEDLE,A4206,INPATIENT,1626.55,,,,Standard charge with no insurance.,Medical Center,hospital2,19106,Philadelphia,PA,39.9496,-75.1467
1 CC STERILE SYRINGE&NEEDLE,A4206,OUTPATIENT,1626.55,,,,Standard charge with no insurance.,Medical Center,hospital2,19106,Philadelphia,PA,39.9496,-75.1467
1 CC STERILE SYRINGE&NEEDLE,A4206,INPATIENT,1626.55,Humana,Humana Commercial,861.05,"This service costs $1626.55 as standard price when patient does not have any insurance.
Same service costs $861.05 if patient has 'Humana Commercial' insurance plan.",Medical Center,hospital2,19106,Philadelphia,PA,39.9496,-75.1467
1 CC STERILE SYRINGE&NEEDLE,A4206,OUTPATIENT,1626.55,Humana,Humana Commercial,861.05,"This service costs $1626.55 as standard price when patient does not have any insurance.
Same service costs $861.05 if patient has 'Humana Commercial' insurance plan.",Medical Center,hospital2,19106,Philadelphia,PA,39.9496,-75.1467
1 CC STERILE SYRINGE&NEEDLE,A4206,INPATIENT,1626.55,Humana,Humana Medicare PPO,1110.43,"This service costs $1626.55 as standard price when patient does not have any insurance.
Same service costs $1110.43 if patient has 'Humana Medicare PPO' insurance plan.",Medical Center,hospital2,19106,Philadelphia,PA,39.9496,-75.1467
1 CC STERILE SYRINGE&NEEDLE,A4206,OUTPATIENT,1626.55,Humana,Humana Medicare PPO,1110.43,"This service costs $1626.55 as standard price when patient does not have any insurance.
Same service costs $1110.43 if patient has 'Humana Medicare PPO' insurance plan.",Medical Center,hospital2,19106,Philadelphia,PA,39.9496,-75.1467
1 CC STERILE SYRINGE&NEEDLE,A4206,INPATIENT,1626.55,Humana,Humana Medicare HMO,951.58,"This service costs $1626.55 as standard price when patient does not have any insurance.
Same service costs $951.58 if patient has 'Humana Medicare HMO' insurance plan.",Medical Center,hospital2,19106,Philadelphia,PA,39.9496,-75.1467
1 CC STERILE SYRINGE&NEEDLE,A4206,OUTPATIENT,1626.55,Humana,Humana Medicare HMO,951.58,"This service costs $1626.55 as standard price when patient does not have any insurance.
Same service costs $951.58 if patient has 'Humana Medicare HMO' insurance plan.",Medical Center,hospital2,19106,Philadelphia,PA,39.9496,-75.1467
1 CC STERILE SYRINGE&NEEDLE,A4206,INPATIENT,1626.55,,,,Standard charge with no insurance.,Medical Center,hospital2,19106,Philadelphia,PA,39.9496,-75.1467
1 CC STERILE SYRINGE&NEEDLE,A4206,OUTPATIENT,1626.55,,,,Standard charge with no insurance.,Medical Center,hospital2,19106,Philadelphia,PA,39.9496,-75.1467
1 CC STERILE SYRINGE&NEEDLE,A4206,INPATIENT,1626.55,United Healthcare,United Healthcare Commercial,1512.82,"This service costs $1626.55 as standard price when patient does not have any insurance.
Same service costs $1512.82 if patient has 'United Healthcare Commercial' insurance plan.",Medical Center,hospital2,19106,Philadelphia,PA,39.9496,-75.1467
1 CC STERILE SYRINGE&NEEDLE,A4206,OUTPATIENT,1626.55,United Healthcare,United Healthcare Commercial,1512.82,"This service costs $1626.55 as standard price when patient does not have any insurance.
Same service costs $1512.82 if patient has 'United Healthcare Commercial' insurance plan.",Medical Center,hospital2,19106,Philadelphia,PA,39.9496,-75.1467
1 CC STERILE SYRINGE&NEEDLE,A4206,INPATIENT,1626.55,United Healthcare,United Healthcare Medicaid,1280.12,"This service costs $1626.55 as standard price when patient does not have any insurance.
Same service costs $1280.12 if patient has 'United Healthcare Medicaid' insurance plan.",Medical Center,hospital2,19106,Philadelphia,PA,39.9496,-75.1467
1 CC STERILE SYRINGE&NEEDLE,A4206,OUTPATIENT,1626.55,United Healthcare,United Healthcare Medicaid,1280.12,"This service costs $1626.55 as standard price when patient does not have any insurance.
Same service costs $1280.12 if patient has 'United Healthcare Medicaid' insurance plan.",Medical Center,hospital2,19106,Philadelphia,PA,39.9496,-75.1467
1 CC STERILE SYRINGE&NEEDLE,A4206,INPATIENT,1626.55,,,,Standard charge with no insurance.,Medical Center,hospital2,19106,Philadelphia,PA,39.9496,-75.1467
1 CC STERILE SYRINGE&NEEDLE,A4206,OUTPATIENT,1626.55,,,,Standard charge with no insurance.,Medical Center,hospital2,19106,Philadelphia,PA,39.9496,-75.1467
TRILOCK GRIDPL,C1713,BOTH,670.33,Highmark,Highmark Medicare,603.44,"This service costs $670.33 as standard price when patient does not have any insurance.
Same service costs $603.44 if patient has 'Highmark Medicare' insurance plan.",Medical Center,hospital2,19106,Philadelphia,PA,39.9496,-75.1467
TRILOCK GRIDPL,C1713,BOTH,670.33,Highmark,Highmark ACA Products PROF,585.31,"This service costs $670.33 as standard price when patient does not have any insurance.
Same service costs $585.31 if patient has 'Highmark ACA Products PROF' insurance plan.",Medical Center,hospital2,19106,Philadelphia,PA,39.9496,-75.1467
TRILOCK GRIDPL,C1713,BOTH,670.33,,,,Standard charge with no insurance.,Medical Center,hospital2,19106,Philadelphia,PA,39.9496,-75.1467
TRILOCK GRIDPL,C1713,BOTH,670.33,Humana,Humana Commercial,432.02,"This service costs $670.33 as standard price when patient does not have any insurance.
Same service costs $432.02 if patient has 'Humana Commercial' insurance plan.",Medical Center,hospital2,19106,Philadelphia,PA,39.9496,-75.1467
TRILOCK GRIDPL,C1713,BOTH,670.33,Humana,Humana Medicare HMO,403.25,"This service costs $670.33 as standard price when patient does not have any insurance.
Same service costs $403.25 if patient has 'Humana Medicare HMO' insurance plan.",Medical Center,hospital2,19106,Philadelphia,PA,39.9496,-75.1467
TRILOCK GRIDPL,C1713,BOTH,670.33,Humana,Humana Medicare PPO,380.03,"This service costs $670.33 as standard price when patient does not have any insurance.
Same service costs $380.03 if patient has 'Humana Medicare PPO' insurance plan.",Medical Center,hospital2,19106,Philadelphia,PA,39.9496,-75.1467
TRILOCK GRIDPL,C1713,BOTH,670.33,,,,Standard charge with no insurance.,Medical Center,hospital2,19106,Philadelphia,PA,39.9496,-75.1467
TRILOCK GRIDPL,C1713,BOTH,670.33,Amerihealth,Amerihealth Medicaid HC,610.23,"This service costs $670.33 as standard price when patient does not have any insurance.
Same service costs $610.23 if patient has 'Amerihealth Medicaid HC' insurance plan.",Medical Center,hospital2,19106,Philadelphia,PA,39.9496,-75.1467
TRILOCK GRIDPL,C1713,BOTH,670.33,Amerihealth,Amerihealth Commercial,600.27,"This service costs $670.33 as standard price when patient does not have any insurance.
Same service costs $600.27 if patient has 'Amerihealth Commercial' insurance plan.",Medical Center,hospital2,19106,Philadelphia,PA,39.9496,-75.1467
TRILOCK GRIDPL,C1713,BOTH,670.33,Amerihealth,Amerihealth Medicare,489.37,"This service costs $670.33 as standard price when patient does not have any insurance.
Same service costs $489.37 if patient has 'Amerihealth Medicare' insurance plan.",Medical Center,hospital2,19106,Philadelphia,PA,39.9496,-75.1467
TRILOCK GRIDPL,C1713,BOTH,670.33,,,,Standard charge with no insurance.,Medical Center,hospital2,19106,Philadelphia,PA,39.9496,-75.1467
ACETYLCYSTEINE NON-COMP UNIT,J7608,OUTPATIENT,1358.26,,,,"Only standard charge and no price with insurance – meaning this service is provided by the hospital directly, and not through any insurance.",Medical Center,hospital2,19106,Philadelphia,PA,39.9496,-75.1467
ACETYLCYSTEINE NON-COMP UNIT,J7608,INPATIENT,1358.26,,,,"Only standard charge and no price with insurance – meaning this service is provided by the hospital directly, and not through any insurance.",Medical Center,hospital2,19106,Philadelphia,PA,39.9496,-75.1467
CHEST X-RAY,71045,BOTH,1118.89,Humana,Humana Medicare HMO,741.1,"This service costs $1118.89 as standard price when patient does not have any insurance.
Same service costs $741.1 if patient has 'Humana Medicare HMO' insurance plan.",Medical Center,hospital2,19106,Philadelphia,PA,39.9496,-75.1467
CHEST X-RAY,71045,BOTH,1118.89,Humana,Humana Commercial,929.37,"This service costs $1118.89 as standard price when patient does not have any insurance.
Same service costs $929.37 if patient has 'Humana Commercial' insurance plan.",Medical Center,hospital2,19106,Philadelphia,PA,39.9496,-75.1467
CHEST X-RAY,71045,BOTH,1118.89,Humana,Humana Medicare PPO,793.31,"This service costs $1118.89 as standard price when patient does not have any insurance.
Same service costs $793.31 if patient has 'Humana Medicare PPO' insurance plan.",Medical Center,hospital2,19106,Philadelphia,PA,39.9496,-75.1467
CHEST X-RAY,71045,BOTH,1118.89,,,,Standard charge with no insurance.,Medical Center,hospital2,19106,Philadelphia,PA,39.9496,-75.1467
CHEST X-RAY,71045,BOTH,1118.89,Aetna,Aetna Commercial,614.54,"This service costs $1118.89 as standard price when patient does not have any insurance.
Same service costs $614.54 if patient has 'Aetna Commercial' insurance plan.",Medical Center,hospital2,19106,Philadelphia,PA,39.9496,-75.1467
CHEST X-RAY,71045,BOTH,1118.89,,,,Standard charge with no insurance.,Medical Center,hospital2,19106,Philadelphia,PA,39.9496,-75.1467
CHEST X-RAY,71045,BOTH,1118.89,United Healthcare,United Healthcare CHIP,898.41,"This service costs $1118.89 as standard price when patient does not have any insurance.
Same service costs $898.41 if patient has 'United Healthcare CHIP' insurance plan.",Medical Center,hospital2,19106,Philadelphia,PA,39.9496,-75.1467
CHEST X-RAY,71045,BOTH,1118.89,,,,Standard charge with no insurance.,Medical Center,hospital2,19106,Philadelphia,PA,39.9496,-75.1467
BASIC METABOLIC PANEL,80048,BOTH,1021.68,Highmark,Highmark Commercial PROF,542.8,"This service costs $1021.68 as standard price when patient does not have any insurance.
Same service costs $542.8 if patient has 'Highmark Commercial PROF' insurance plan.",Medical Center,hospital2,19106,Philadelphia,PA,39.9496,-75.1467
BASIC METABOLIC PANEL,80048,BOTH,1021.68,,,,Standard charge with no insurance.,Medical Center,hospital2,19106,Philadelphia,PA,39.9496,-75.1467
BASIC METABOLIC PANEL,80048,BOTH,1021.68,Amerihealth,Amerihealth Commercial,665.45,"This service costs $1021.68 as standard price when patient does not have any insurance.
Same service costs $665.45 if patient has 'Amerihealth Commercial' insurance plan.",Medical Center,hospital2,19106,Philadelphia,PA,39.9496,-75.1467
BASIC METABOLIC PANEL,80048,BOTH,1021.68,,,,Standard charge with no insurance.,Medical Center,hospital2,19106,Philadelphia,PA,39.9496,-75.1467
BASIC METABOLIC PANEL,80048,BOTH,1021.68,Humana,Humana Medicare HMO,628.46,"This service costs $1021.68 as standard price when patient does not have any insurance.
Same service costs $628.46 if patient has 'Humana Medicare HMO' insurance plan.",Medical Center,hospital2,19106,Philadelphia,PA,39.9496,-75.1467
BASIC METABOLIC PANEL,80048,BOTH,1021.68,Humana,Humana Medicare PPO,830.59,"This service costs $1021.68 as standard price when patient does not have any insurance.
Same service costs $830.59 if patient has 'Humana Medicare PPO' insurance plan.",Medical Center,hospital2,19106,Philadelphia,PA,39.9496,-75.1467
BASIC METABOLIC PANEL,80048,BOTH,1021.68,,,,Standard charge with no insurance.,Medical Center,hospital2,19106,Philadelphia,PA,39.9496,-75.1467
1 CC STERILE SYRINGE&NEEDLE,A4206,INPATIENT,1414.17,Aetna,Aetna Medicaid CHIP,1168.12,"This service costs $1414.17 as standard price when patient does not have any insurance.
Same service costs $1168.12 if patient has 'Aetna Medicaid CHIP' insurance plan.",Medical Center,hospital2,19106,Philadelphia,PA,39.9496,-75.1467
1 CC STERILE SYRINGE&NEEDLE,A4206,OUTPATIENT,1414.17,Aetna,Aetna Medicaid CHIP,1168.12,"This service costs $1414.17 as standard price when patient does not have any insurance.
Same service costs $1168.12 if patient has 'Aetna Medicaid CHIP' insurance plan.",Medical Center,hospital2,19106,Philadelphia,PA,39.9496,-75.1467
1 CC STERILE SYRINGE&NEEDLE,A4206,INPATIENT,1414.17,Aetna,Aetna Commercial,1257.18,"This service costs $1414.17 as standard price when patient does not have any insurance.
Same service costs $1257.18 if patient has 'Aetna Commercial' insurance plan.",Medical Center,hospital2,19106,Philadelphia,PA,39.9496,-75.1467
1 CC STERILE SYRINGE&NEEDLE,A4206,OUTPATIENT,1414.17,Aetna,Aetna Commercial,1257.18,"This service costs $1414.17 as standard price when patient does not have any insurance.
Same service costs $1257.18 if patient has 'Aetna Commercial' insurance plan.",Medical Center,hospital2,19106,Philadelphia,PA,39.9496,-75.1467
1 CC STERILE SYRINGE&NEEDLE,A4206,INPATIENT,1414.17,Aetna,Aetna Medicare,942.07,"This service costs $1414.17 as standard price when patient does not have any insurance.
Same service costs $942.07 if patient has 'Aetna Medicare' insurance plan.",Medical Center,hospital2,19106,Philadelphia,PA,39.9496,-75.1467
1 CC STERILE SYRINGE&NEEDLE,A4206,OUTPATIENT,1414.17,Aetna,Aetna Medicare,942.07,"This service costs $1414.17 as standard price when patient does not have any insurance.
Same service costs $942.07 if patient has 'Aetna Medicare' insurance plan.",Medical Center,hospital2,19106,Philadelphia,PA,39.9496,-75.1467
1 CC STERILE SYRINGE&NEEDLE,A4206,INPATIENT,1414.17,,,,Standard charge with no insurance.,Medical Center,hospital2,19106,Philadelphia,PA,39.9496,-75.1467
1 CC STERILE SYRINGE&NEEDLE,A4206,OUTPATIENT,1414.17,,,,Standard charge with no insurance.,Medical Center,hospital2,19106,Philadelphia,PA,39.9496,-75.1467
1 CC STERILE SYRINGE&NEEDLE,A4206,INPATIENT,1414.17,Humana,Humana Medicare HMO,877.24,"This service costs $1414.17 as standard price when patient does not have any insurance.
Same service costs $877.24 if patient has 'Humana Medicare HMO' insurance plan.",Medical Center,hospital2,19106,Philadelphia,PA,39.9496,-75.1467
1 CC STERILE SYRINGE&NEEDLE,A4206,OUTPATIENT,1414.17,Humana,Humana Medicare HMO,877.24,"This service costs $1414.17 as standard price when patient does not have any insurance.
Same service costs $877.24 if patient has 'Humana Medicare HMO' insurance plan.",Medical Center,hospital2,19106,Philadelphia,PA,39.9496,-75.1467
1 CC STERILE SYRINGE&NEEDLE,A4206,INPATIENT,1414.17,,,,Standard charge with no insurance.,Medical Center,hospital2,19106,Philadelphia,PA,39.9496,-75.1467
1 CC STERILE SYRINGE&NEEDLE,A4206,OUTPATIENT,1414.17,,,,Standard charge with no insurance.,Medical Center,hospital2,19106,Philadelphia,PA,39.9496,-75.1467
1 CC STERILE SYRINGE&NEEDLE,A4206,INPATIENT,1414.17,United Healthcare,United Healthcare Medicaid,1158.44,"This service costs $1414.17 as standard price when patient does not have any insurance.
Same service costs $1158.44 if patient has 'United Healthcare Medicaid' insurance plan.",Medical Center,hospital2,19106,Philadelphia,PA,39.9496,-75.1467
1 CC STERILE SYRINGE&NEEDLE,A4206,OUTPATIENT,1414.17,United Healthcare,United Healthcare Medicaid,1158.44,"This service costs $1414.17 as standard price when patient does not have any insurance.
Same service costs $1158.44 if patient has 'United Healthcare Medicaid' insurance plan.",Medical Center,hospital2,19106,Philadelphia,PA,39.9496,-75.1467
1 CC STERILE SYRINGE&NEEDLE,A4206,INPATIENT,1414.17,,,,Standard charge with no insurance.,Medical Center,hospital2,19106,Philadelphia,PA,39.9496,-75.1467
1 CC STERILE SYRINGE&NEEDLE,A4206,OUTPATIENT,1414.17,,,,Standard charge with no insurance.,Medical Center,hospital2,19106,Philadelphia,PA,39.9496,-75.1467
2D ECHO,93306,OUTPATIENT,1804.86,Aetna,Aetna Medicaid CHIP,1017.19,"This service costs $1804.86 as standard price when patient does not have any insurance.
Same service costs $1017.19 if patient has 'Aetna Medicaid CHIP' insurance plan.",Medical Center,hospital2,19106,Philadelphia,PA,39.9496,-75.1467
2D ECHO,93306,OUTPATIENT,1804.86,Aetna,Aetna Commercial,1668.26,"This service costs $1804.86 as standard price when patient does not have any insurance.
Same service costs $1668.26 if patient has 'Aetna Commercial' insurance plan.",Medical Center,hospital2,19106,Philadelphia,PA,39.9496,-75.1467
2D ECHO,93306,OUTPATIENT,1804.86,Aetna,Aetna Medicare,1472.36,"This service costs $1804.86 as standard price when patient does not have any insurance.
Same service costs $1472.36 if patient has 'Aetna Medicare' insurance plan.",Medical Center,hospital2,19106,Philadelphia,PA,39.9496,-75.1467
2D ECHO,93306,OUTPATIENT,1804.86,,,,Standard charge with no insurance.,Medical Center,hospital2,19106,Philadelphia,PA,39.9496,-75.1467
COMPLETE BLOOD COUNT,85025,BOTH,546.31,United Healthcare,United Healthcare Commercial,341.73,"This service costs $546.31 as standard price when patient does not have any insurance.
Same service costs $341.73 if patient has 'United Healthcare Commercial' insurance plan.",Medical Center,hospital2,19106,Philadelphia,PA,39.9496,-75.1467
COMPLETE BLOOD COUNT,85025,BOTH,546.31,United Healthcare,United Healthcare Medicaid,401.88,"This service costs $546.31 as standard price when patient does not have any insurance.
Same service costs $401.88 if patient has 'United Healthcare Medicaid' insurance plan.",Medical Center,hospital2,19106,Philadelphia,PA,39.9496,-75.1467
COMPLETE BLOOD COUNT,85025,BOTH,546.31,,,,Standard charge with no insurance.,Medical Center,hospital2,19106,Philadelphia,PA,39.9496,-75.1467
COMPLETE BLOOD COUNT,85025,BOTH,546.31,Humana,Humana Commercial,311.43,"This service costs $546.31 as standard price when patient does not have any insurance.
Same service costs $311.43 if patient has 'Humana Commercial' insurance plan.",Medical Center,hospital2,19106,Philadelphia,PA,39.9496,-75.1467
COMPLETE BLOOD COUNT,85025,BOTH,546.31,Humana,Humana Medicare HMO,491.99,"This service costs $546.31 as standard price when patient does not have any insurance.
Same service costs $491.99 if patient has 'Humana Medicare HMO' insurance plan.",Medical Center,hospital2,19106,Philadelphia,PA,39.9496,-75.1467
COMPLETE BLOOD COUNT,85025,BOTH,546.31,Humana,Humana Medicare PPO,378.36,"This service costs $546.31 as standard price when patient does not have any insurance.
Same service costs $378.36 if patient has 'Humana Medicare PPO' insurance plan.",Medical Center,hospital2,19106,Philadelphia,PA,39.9496,-75.1467
COMPLETE BLOOD COUNT,85025,BOTH,546.31,,,,Standard charge with no insurance.,Medical Center,hospital2,19106,Philadelphia,PA,39.9496,-75.1467
ABDOMINAL CT SCAN,74150,BOTH,1998.89,Amerihealth,Amerihealth Commercial,1092.57,"This service costs $1998.89 as standard price when patient does not have any insurance.
Same service costs $1092.57 if patient has 'Amerihealth Commercial' insurance plan.",Medical Center,hospital2,19106,Philadelphia,PA,39.9496,-75.1467
ABDOMINAL CT SCAN,74150,BOTH,1998.89,Amerihealth,Amerihealth Medicare,1074.63,"This service costs $1998.89 as standard price when patient does not have any insurance.
Same service costs $1074.63 if patient has 'Amerihealth Medicare' insurance plan.",Medical Center,hospital2,19106,Philadelphia,PA,39.9496,-75.1467
ABDOMINAL CT SCAN,74150,BOTH,1998.89,Amerihealth,Amerihealth Medicaid HC,1364.27,"This service costs $1998.89 as standard price when patient does not have any insurance.
Same service costs $1364.27 if patient has 'Amerihealth Medicaid HC' insurance plan.",Medical Center,hospital2,19106,Philadelphia,PA,39.9496,-75.1467
ABDOMINAL CT SCAN,74150,BOTH,1998.89,,,,Standard charge with no insurance.,Medical Center,hospital2,19106,Philadelphia,PA,39.9496,-75.1467
ABDOMINAL CT SCAN,74150,BOTH,1998.89,Humana,Humana Medicare PPO,1193.02,"This service costs $1998.89 as standard price when patient does not have any insurance.
Same service costs $1193.02 if patient has 'Humana Medicare PPO' insurance plan.",Medical Center,hospital2,19106,Philadelphia,PA,39.9496,-75.1467
ABDOMINAL CT SCAN,74150,BOTH,1998.89,Humana,Humana Medicare HMO,1856.49,"This service costs $1998.89 as standard price when patient does not have any insurance.
Same service costs $1856.49 if patient has 'Humana Medicare HMO' insurance plan.",Medical Center,hospital2,19106,Philadelphia,PA,39.9496,-75.1467
ABDOMINAL CT SCAN,74150,BOTH,1998.89,Humana,Humana Commercial,1188.43,"This service costs $1998.89 as standard price when patient does not have any insurance.
Same service costs $1188.43 if patient has 'Humana Commercial' insurance plan.",Medical Center,hospital2,19106,Philadelphia,PA,39.9496,-75.1467
ABDOMINAL CT SCAN,74150,BOTH,1998.89,,,,Standard charge with no insurance.,Medical Center,hospital2,19106,Philadelphia,PA,39.9496,-75.1467
CHG MRI BRAIN,70551,OUTPATIENT,866.28,Humana,Humana Commercial,682.25,"This service costs $866.28 as standard price when patient does not have any insurance.
Same service costs $682.25 if patient has 'Humana Commercial' insurance plan.",Medical Center,hospital2,19106,Philadelphia,PA,39.9496,-75.1467
CHG MRI BRAIN,70551,OUTPATIENT,866.28,,,,Standard charge with no insurance.,Medical Center,hospital2,19106,Philadelphia,PA,39.9496,-75.1467
CHG MRI BRAIN,70551,OUTPATIENT,866.28,Aetna,Aetna Medicaid CHIP,801.07,"This service costs $866.28 as standard price when patient does not have any insurance.
Same service costs $801.07 if patient has 'Aetna Medicaid CHIP' insurance plan.",Medical Center,hospital2,19106,Philadelphia,PA,39.9496,-75.1467
CHG MRI BRAIN,70551,OUTPATIENT,866.28,Aetna,Aetna Commercial,696.37,"This service costs $866.28 as standard price when patient does not have any insurance.
Same service costs $696.37 if patient has 'Aetna Commercial' insurance plan.",Medical Center,hospital2,19106,Philadelphia,PA,39.9496,-75.1467
CHG MRI BRAIN,70551,OUTPATIENT,866.28,Aetna,Aetna Medicare,619.85,"This service costs $866.28 as standard price when patient does not have any insurance.
Same service costs $619.85 if patient has 'Aetna Medicare' insurance plan.",Medical Center,hospital2,19106,Philadelphia,PA,39.9496,-75.1467
CHG MRI BRAIN,70551,OUTPATIENT,866.28,,,,Standard charge with no insurance.,Medical Center,hospital2,19106,Philadelphia,PA,39.9496,-75.1467
CHG MRI BRAIN,70551,OUTPATIENT,866.28,United Healthcare,United Healthcare CHIP,602.3,"This service costs $866.28 as standard price when patient does not have any insurance.
Same service costs $602.3 if patient has 'United Healthcare CHIP' insurance plan.",Medical Center,hospital2,19106,Philadelphia,PA,39.9496,-75.1467
CHG MRI BRAIN,70551,OUTPATIENT,866.28,United Healthcare,United Healthcare Medicaid,727.21,"This service costs $866.28 as standard price when patient does not have any insurance.
Same service costs $727.21 if patient has 'United Healthcare Medicaid' insurance plan.",Medical Center,hospital2,19106,Philadelphia,PA,39.9496,-75.1467
CHG MRI BRAIN,70551,OUTPATIENT,866.28,United Healthcare,United Healthcare Commercial,776.97,"This service costs $866.28 as standard price when patient does not have any insurance.
Same service costs $776.97 if patient has 'United Healthcare Commercial' insurance plan.",Medical Center,hospital2,19106,Philadelphia,PA,39.9496,-75.1467
CHG MRI BRAIN,70551,OUTPATIENT,866.28,,,,Standard charge with no insurance.,Medical Center,hospital2,19106,Philadelphia,PA,39.9496,-75.1467
1 CC STERILE SYRINGE&NEEDLE,A4206,INPATIENT,1207.36,Highmark,Highmark Commercial PROF,864.27,"This service costs $1207.36 as standard price when patient does not have any insurance.
Same service costs $864.27 if patient has 'Highmark Commercial PROF' insurance plan.",Medical Center,hospital2,19106,Philadelphia,PA,39.9496,-75.1467
1 CC STERILE SYRINGE&NEEDLE,A4206,OUTPATIENT,1207.36,Highmark,Highmark Commercial PROF,864.27,"This service costs $1207.36 as standard price when patient does not have any insurance.
Same service costs $864.27 if patient has 'Highmark Commercial PROF' insurance plan.",Medical Center,hospital2,19106,Philadelphia,PA,39.9496,-75.1467
1 CC STERILE SYRINGE&NEEDLE,A4206,INPATIENT,1207.36,,,,Standard charge with no insurance.,Medical Center,hospital2,19106,Philadelphia,PA,39.9496,-75.1467
1 CC STERILE SYRINGE&NEEDLE,A4206,OUTPATIENT,1207.36,,,,Standard charge with no insurance.,Medical Center,hospital2,19106,Philadelphia,PA,39.9496,-75.1467
ACETYLCYSTEINE NON-COMP UNIT,J7608,OUTPATIENT,1856.26,Humana,Humana Medicare HMO,1760.35,"This service costs $1856.26 as standard price when patient does not have any insurance.
Same service costs $1760.35 if patient has 'Humana Medicare HMO' insurance plan.",Medical Center,hospital2,19106,Philadelphia,PA,39.9496,-75.1467
ACETYLCYSTEINE NON-COMP UNIT,J7608,INPATIENT,1856.26,Humana,Humana Medicare HMO,1760.35,"This service costs $1856.26 as standard price when patient does not have any insurance.
Same service costs $1760.35 if patient has 'Humana Medicare HMO' insurance plan.",Medical Center,hospital2,19106,Philadelphia,PA,39.9496,-75.1467
ACETYLCYSTEINE NON-COMP UNIT,J7608,OUTPATIENT,1856.26,,,,Standard charge with no insurance.,Medical Center,hospital2,19106,Philadelphia,PA,39.9496,-75.1467
ACETYLCYSTEINE NON-COMP UNIT,J7608,INPATIENT,1856.26,,,,Standard charge with no insurance.,Medical Center,hospital2,19106,Philadelphia,PA,39.9496,-75.1467
ACETYLCYSTEINE NON-COMP UNIT,J7608,OUTPATIENT,1856.26,United Healthcare,United Healthcare CHIP,1233.14,"This service costs $1856.26 as standard price when patient does not have any insurance.
Same service costs $1233.14 if patient has 'United Healthcare CHIP' insurance plan.",Medical Center,hospital2,19106,Philadelphia,PA,39.9496,-75.1467
ACETYLCYSTEINE NON-COMP UNIT,J7608,INPATIENT,1856.26,United Healthcare,United Healthcare CHIP,1233.14,"This service costs $1856.26 as standard price when patient does not have any insurance.
Same service costs $1233.14 if patient has 'United Healthcare CHIP' insurance plan.",Medical Center,hospital2,19106,Philadelphia,PA,39.9496,-75.1467
ACETYLCYSTEINE NON-COMP UNIT,J7608,OUTPATIENT,1856.26,,,,Standard charge with no insurance.,Medical Center,hospital2,19106,Philadelphia,PA,39.9496,-75.1467
ACETYLCYSTEINE NON-COMP UNIT,J7608,INPATIENT,1856.26,,,,Standard charge with no insurance.,Medical Center,hospital2,19106,Philadelphia,PA,39.9496,-75.1467
ACETYLCYSTEINE NON-COMP UNIT,J7608,OUTPATIENT,301.06,Amerihealth,Amerihealth Medicare,228.39,"This service costs $301.06 as standard price when patient does not have any insurance.
Same service costs $228.39 if patient has 'Amerihealth Medicare' insurance plan.",Medical Center,hospital2,19106,Philadelphia,PA,39.9496,-75.1467
ACETYLCYSTEINE NON-COMP UNIT,J7608,INPATIENT,301.06,Amerihealth,Amerihealth Medicare,228.39,"This service costs $301.06 as standard price when patient does not have any insurance.
Same service costs $228.39 if patient has 'Amerihealth Medicare' insurance plan.",Medical Center,hospital2,19106,Philadelphia,PA,39.9496,-75.1467
ACETYLCYSTEINE NON-COMP UNIT,J7608,OUTPATIENT,301.06,,,,Standard charge with no insurance.,Medical Center,hospital2,19106,Philadelphia,PA,39.9496,-75.1467
ACETYLCYSTEINE NON-COMP UNIT,J7608,INPATIENT,301.06,,,,Standard charge with no insurance.,Medical Center,hospital2,19106,Philadelphia,PA,39.9496,-75.1467
TRILOCK GRIDPL,C1713,BOTH,1027.54,Humana,Humana Commercial,957.68,"This service costs $1027.54 as standard price when patient does not have any insurance.
Same service costs $957.68 if patient has 'Humana Commercial' insurance plan.",Medical Center,hospital2,19106,Philadelphia,PA,39.9496,-75.1467
TRILOCK GRIDPL,C1713,BOTH,1027.54,Humana,Humana Medicare HMO,544.12,"This service costs $1027.54 as standard price when patient does not have any insurance.
Same service costs $544.12 if patient has 'Humana Medicare HMO' insurance plan.",Medical Center,hospital2,19106,Philadelphia,PA,39.9496,-75.1467
TRILOCK GRIDPL,C1713,BOTH,1027.54,Humana,Humana Medicare PPO,692.83,"This service costs $1027.54 as standard price when patient does not have any insurance.
Same service costs $692.83 if patient has 'Humana Medicare PPO' insurance plan.",Medical Center,hospital2,19106,Philadelphia,PA,39.9496,-75.1467
TRILOCK GRIDPL,C1713,BOTH,1027.54,,,,Standard charge with no insurance.,Medical Center,hospital2,19106,Philadelphia,PA,39.9496,-75.1467
TRILOCK GRIDPL,C1713,BOTH,1027.54,United Healthcare,United Healthcare CHIP,890.18,"This service costs $1027.54 as standard price when patient does not have any insurance.
Same service costs $890.18 if patient has 'United Healthcare CHIP' insurance plan.",Medical Center,hospital2,19106,Philadelphia,PA,39.9496,-75.1467
TRILOCK GRIDPL,C1713,BOTH,1027.54,,,,Standard charge with no insurance.,Medical Center,hospital2,19106,Philadelphia,PA,39.9496,-75.1467
TRILOCK GRIDPL,C1713,BOTH,1027.54,Highmark,Highmark Medicare,821.29,"This service costs $1027.54 as standard price when patient does not have any insurance.
Same service costs $821.29 if patient has 'Highmark Medicare' insurance plan.",Medical Center,hospital2,19106,Philadelphia,PA,39.9496,-75.1467
TRILOCK GRIDPL,C1713,BOTH,1027.54,Highmark,Highmark ACA Products PROF,554.03,"This service costs $1027.54 as standard price when patient does not have any insurance.
Same service costs $554.03 if patient has 'Highmark ACA Products PROF' insurance plan.",Medical Center,hospital2,19106,Philadelphia,PA,39.9496,-75.1467
TRILOCK GRIDPL,C1713,BOTH,1027.54,Highmark,Highmark Commercial PROF,641.22,"This service costs $1027.54 as standard price when patient does not have any insurance.
Same service costs $641.22 if patient has 'Highmark Commercial PROF' insurance plan.",Medical Center,hospital2,19106,Philadelphia,PA,39.9496,-75.1467
TRILOCK GRIDPL,C1713,BOTH,1027.54,,,,Standard charge with no insurance.,Medical Center,hospital2,19106,Philadelphia,PA,39.9496,-75.1467
ABDOMINAL CT SCAN,74150,BOTH,1710.28,,,,"Only standard charge and no price with insurance – meaning this service is provided by the hospital directly, and not through any insurance.",Medical Center,hospital2,19106,Philadelphia,PA,39.9496,-75.1467
CHEST X-RAY,71045,BOTH,1250.51,Amerihealth,Amerihealth Medicare,691.45,"This service costs $1250.51 as standard price when patient does not have any insurance.
Same service costs $691.45 if patient has 'Amerihealth Medicare' insurance plan.",Medical Center,hospital2,19106,Philadelphia,PA,39.9496,-75.1467
CHEST X-RAY,71045,BOTH,1250.51,,,,Standard charge with no insurance.,Medical Center,hospital2,19106,Philadelphia,PA,39.9496,-75.1467
CHEST X-RAY,71045,BOTH,1250.51,Humana,Humana Medicare PPO,645.82,"This service costs $1250.51 as standard price when patient does not have any insurance.
Same service costs $645.82 if patient has 'Humana Medicare PPO' insurance plan.",Medical Center,hospital2,19106,Philadelphia,PA,39.9496,-75.1467
CHEST X-RAY,71045,BOTH,1250.51,Humana,Humana Medicare HMO,1153.72,"This service costs $1250.51 as standard price when patient does not have any insurance.
Same service costs $1153.72 if patient has 'Humana Medicare HMO' insurance plan.",Medical Center,hospital2,19106,Philadelphia,PA,39.9496,-75.1467
CHEST X-RAY,71045,BOTH,1250.51,Humana,Humana Commercial,873.74,"This service costs $1250.51 as standard price when patient does not have any insurance.
Same service costs $873.74 if patient has 'Humana Commercial' insurance plan.",Medical Center,hospital2,19106,Philadelphia,PA,39.9496,-75.1467
CHEST X-RAY,71045,BOTH,1250.51,,,,Standard charge with no insurance.,Medical Center,hospital2,19106,Philadelphia,PA,39.9496,-75.1467
TRILOCK SCAPHOID PLATE,C1713,BOTH,1817.23,Amerihealth,Amerihealth Medicaid HC,1501.86,"This service costs $1817.23 as standard price when patient does not have any insurance.
Same service costs $1501.86 if patient has 'Amerihealth Medicaid HC' insurance plan.",Medical Center,hospital2,19106,Philadelphia,PA,39.9496,-75.1467
TRILOCK SCAPHOID PLATE,C1713,BOTH,1817.23,,,,Standard charge with no insurance.,Medical Center,hospital2,19106,Philadelphia,PA,39.9496,-75.1467
TRILOCK SCAPHOID PLATE,C1713,BOTH,1817.23,Aetna,Aetna Medicare,1132.2,"This service costs $1817.23 as standard price when patient does not have any insurance.
Same service costs $1132.2 if patient has 'Aetna Medicare' insurance plan.",Medical Center,hospital2,19106,Philadelphia,PA,39.9496,-75.1467
TRILOCK SCAPHOID PLATE,C1713,BOTH,1817.23,,,,Standard charge with no insurance.,Medical Center,hospital2,19106,Philadelphia,PA,39.9496,-75.1467
TRILOCK SCAPHOID PLATE,C1713,BOTH,1817.23,Humana,Humana Medicare HMO,1006.26,"This service costs $1817.23 as standard price when patient does not have any insurance.
Same service costs $1006.26 if patient has 'Humana Medicare HMO' insurance plan.",Medical Center,hospital2,19106,Philadelphia,PA,39.9496,-75.1467
TRILOCK SCAPHOID PLATE,C1713,BOTH,1817.23,,,,Standard charge with no insurance.,Medical Center,hospital2,19106,Philadelphia,PA,39.9496,-75.1467
CHG MRI BRAIN,70551,OUTPATIENT,1060.13,Aetna,Aetna Medicaid CHIP,654.78,"This service costs $1060.13 as standard price when patient does not have any insurance.
Same service costs $654.78 if patient has 'Aetna Medicaid CHIP' insurance plan.",Community Hospital,hospital3,19107,Philadelphia,PA,39.9483,-75.1594
CHG MRI BRAIN,70551,OUTPATIENT,1060.13,Aetna,Aetna Medicare,836.39,"This service costs $1060.13 as standard price when patient does not have any insurance.
Same service costs $836.39 if patient has 'Aetna Medicare' insurance plan.",Community Hospital,hospital3,19107,Philadelphia,PA,39.9483,-75.1594
CHG MRI BRAIN,70551,OUTPATIENT,1060.13,,,,Standard charge with no insurance.,Community Hospital,hospital3,19107,Philadelphia,PA,39.9483,-75.1594
CHG MRI BRAIN,70551,OUTPATIENT,1060.13,United Healthcare,United Healthcare Commercial,567.6,"This service costs $1060.13 as standard price when patient does not have any insurance.
Same service costs $567.6 if patient has 'United Healthcare Commercial' insurance plan.",Community Hospital,hospital3,19107,Philadelphia,PA,39.9483,-75.1594
CHG MRI BRAIN,70551,OUTPATIENT,1060.13,,,,Standard charge with no insurance.,Community Hospital,hospital3,19107,Philadelphia,PA,39.9483,-75.1594
CHG MRI BRAIN,70551,OUTPATIENT,1060.13,Amerihealth,Amerihealth Medicaid HC,761.32,"This service costs $1060.13 as standard price when patient does not have any insurance.
Same service costs $761.32 if patient has 'Amerihealth Medicaid HC' insurance plan.",Community Hospital,hospital3,19107,Philadelphia,PA,39.9483,-75.1594
CHG MRI BRAIN,70551,OUTPATIENT,1060.13,Amerihealth,Amerihealth Commercial,652.81,"This service costs $1060.13 as standard price when patient does not have any insurance.
Same service costs $652.81 if patient has 'Amerihealth Commercial' insurance plan.",Community Hospital,hospital3,19107,Philadelphia,PA,39.9483,-75.1594
CHG MRI BRAIN,70551,OUTPATIENT,1060.13,,,,Standard charge with no insurance.,Community Hospital,hospital3,19107,Philadelphia,PA,39.9483,-75.1594
2D ECHO,93306,OUTPATIENT,1666.51,Aetna,Aetna Commercial,1036.35,"This service costs $1666.51 as standard price when patient does not have any insurance.
Same service costs $1036.35 if patient has 'Aetna Commercial' insurance plan.",Community Hospital,hospital3,19107,Philadelphia,PA,39.9483,-75.1594
2D ECHO,93306,OUTPATIENT,1666.51,Aetna,Aetna Medicaid CHIP,1380.39,"This service costs $1666.51 as standard price when patient does not have any insurance.
Same service costs $1380.39 if patient has 'Aetna Medicaid CHIP' insurance plan.",Community Hospital,hospital3,19107,Philadelphia,PA,39.9483,-75.1594
2D ECHO,93306,OUTPATIENT,1666.51,Aetna,Aetna Medicare,882.83,"This service costs $1666.51 as standard price when patient does not have any insurance.
Same service costs $882.83 if patient has 'Aetna Medicare' insurance plan.",Community Hospital,hospital3,19107,Philadelphia,PA,39.9483,-75.1594
2D ECHO,93306,OUTPATIENT,1666.51,,,,Standard charge with no insurance.,Community Hospital,hospital3,19107,Philadelphia,PA,39.9483,-75.1594
2D ECHO,93306,OUTPATIENT,1666.51,Humana,Humana Medicare PPO,975.9,"This service costs $1666.51 as standard price when patient does not have any insurance.
Same service costs $975.9 if patient has 'Humana Medicare PPO' insurance plan.",Community Hospital,hospital3,19107,Philadelphia,PA,39.9483,-75.1594
2D ECHO,93306,OUTPATIENT,1666.51,Humana,Humana Commercial,1393.13,"This service costs $1666.51 as standard price when patient does not have any insurance.
Same service costs $1393.13 if patient has 'Humana Commercial' insurance plan.",Community Hospital,hospital3,19107,Philadelphia,PA,39.9483,-75.1594
2D ECHO,93306,OUTPATIENT,1666.51,,,,Standard charge with no insurance.,Community Hospital,hospital3,19107,Philadelphia,PA,39.9483,-75.1594
COMPLETE BLOOD COUNT,85025,BOTH,1419.78,Humana,Humana Commercial,801.94,"This service costs $1419.78 as standard price when patient does not have any insurance.
Same service costs $801.94 if patient has 'Humana Commercial' insurance plan.",Community Hospital,hospital3,19107,Philadelphia,PA,39.9483,-75.1594
COMPLETE BLOOD COUNT,85025,BOTH,1419.78,Humana,Humana Medicare HMO,998.75,"This service costs $1419.78 as standard price when patient does not have any insurance.
Same service costs $998.75 if patient has 'Humana Medicare HMO' insurance plan.",Community Hospital,hospital3,19107,Philadelphia,PA,39.9483,-75.1594
COMPLETE BLOOD COUNT,85025,BOTH,1419.78,,,,Standard charge with no insurance.,Community Hospital,hospital3,19107,Philadelphia,PA,39.9483,-75.1594
COMPLETE BLOOD COUNT,85025,BOTH,1419.78,Amerihealth,Amerihealth Medicaid HC,1182.91,"This service costs $1419.78 as standard price when patient does not have any insurance.
Same service costs $1182.91 if patient has 'Amerihealth Medicaid HC' insurance plan.",Community Hospital,hospital3,19107,Philadelphia,PA,39.9483,-75.1594
COMPLETE BLOOD COUNT,85025,BOTH,1419.78,Amerihealth,Amerihealth Medicare,901.12,"This service costs $1419.78 as standard price when patient does not have any insurance.
Same service costs $901.12 if patient has 'Amerihealth Medicare' insurance plan.",Community Hospital,hospital3,19107,Philadelphia,PA,39.9483,-75.1594
COMPLETE BLOOD COUNT,85025,BOTH,1419.78,,,,Standard charge with no insurance.,Community Hospital,hospital3,19107,Philadelphia,PA,39.9483,-75.1594
ABDOMINAL CT SCAN,74150,BOTH,1346.52,Amerihealth,Amerihealth Medicare,762.79,"This service costs $1346.52 as standard price when patient does not have any insurance.
Same service costs $762.79 if patient has 'Amerihealth Medicare' insurance plan.",Community Hospital,hospital3,19107,Philadelphia,PA,39.9483,-75.1594
ABDOMINAL CT SCAN,74150,BOTH,1346.52,,,,Standard charge with no insurance.,Community Hospital,hospital3,19107,Philadelphia,PA,39.9483,-75.1594
CHEST X-RAY,71045,BOTH,937.23,Aetna,Aetna Commercial,794.01,"This service costs $937.23 as standard price when patient does not have any insurance.
Same service costs $794.01 if patient has 'Aetna Commercial' insurance plan.",Community Hospital,hospital3,19107,Philadelphia,PA,39.9483,-75.1594
CHEST X-RAY,71045,BOTH,937.23,,,,Standard charge with no insurance.,Community Hospital,hospital3,19107,Philadelphia,PA,39.9483,-75.1594
TRILOCK GRIDPL,C1713,BOTH,1456.63,Highmark,Highmark Medicare,1079.24,"This service costs $1456.63 as standard price when patient does not have any insurance.
Same service costs $1079.24 if patient has 'Highmark Medicare' insurance plan.",Community Hospital,hospital3,19107,Philadelphia,PA,39.9483,-75.1594
TRILOCK GRIDPL,C1713,BOTH,1456.63,,,,Standard charge with no insurance.,Community Hospital,hospital3,19107,Philadelphia,PA,39.9483,-75.1594
TRILOCK GRIDPL,C1713,BOTH,1456.63,Amerihealth,Amerihealth Medicaid HC,888.37,"This service costs $1456.63 as standard price when patient does not have any insurance.
Same service costs $888.37 if patient has 'Amerihealth Medicaid HC' insurance plan.",Community Hospital,hospital3,19107,Philadelphia,PA,39.9483,-75.1594
TRILOCK GRIDPL,C1713,BOTH,1456.63,,,,Standard charge with no insurance.,Community Hospital,hospital3,19107,Philadelphia,PA,39.9483,-75.1594
TRILOCK GRIDPL,C1713,BOTH,1456.63,Humana,Humana Medicare PPO,1240.78,"This service costs $1456.63 as standard price when patient does not have any insurance.
Same service costs $1240.78 if patient has 'Humana Medicare PPO' insurance plan.",Community Hospital,hospital3,19107,Philadelphia,PA,39.9483,-75.1594
TRILOCK GRIDPL,C1713,BOTH,1456.63,,,,Standard charge with no insurance.,Community Hospital,hospital3,19107,Philadelphia,PA,39.9483,-75.1594
BASIC METABOLIC PANEL,80048,BOTH,1075.55,Aetna,Aetna Commercial,937.51,"This service costs $1075.55 as standard price when patient does not have any insurance.
Same service costs $937.51 if patient has 'Aetna Commercial' insurance plan.",Community Hospital,hospital3,19107,Philadelphia,PA,39.9483,-75.1594
BASIC METABOLIC PANEL,80048,BOTH,1075.55,Aetna,Aetna Medicare,844.01,"This service costs $1075.55 as standard price when patient does not have any insurance.
Same service costs $844.01 if patient has 'Aetna Medicare' insurance plan.",Community Hospital,hospital3,19107,Philadelphia,PA,39.9483,-75.1594
BASIC METABOLIC PANEL,80048,BOTH,1075.55,,,,Standard charge with no insurance.,Community Hospital,hospital3,19107,Philadelphia,PA,39.9483,-75.1594
BASIC METABOLIC PANEL,80048,BOTH,1075.55,Humana,Humana Medicare PPO,978.11,"This service costs $1075.55 as standard price when patient does not have any insurance.
Same service costs $978.11 if patient has 'Humana Medicare PPO' insurance plan.",Community Hospital,hospital3,19107,Philadelphia,PA,39.9483,-75.1594
BASIC METABOLIC PANEL,80048,BOTH,1075.55,,,,Standard charge with no insurance.,Community Hospital,hospital3,19107,Philadelphia,PA,39.9483,-75.1594
BASIC METABOLIC PANEL,80048,BOTH,1075.55,Highmark,Highmark ACA Products PROF,620.69,"This service costs $1075.55 as standard price when patient does not have any insurance.
Same service costs $620.69 if patient has 'Highmark ACA Products PROF' insurance plan.",Community Hospital,hospital3,19107,Philadelphia,PA,39.9483,-75.1594
BASIC METABOLIC PANEL,80048,BOTH,1075.55,,,,Standard charge with no insurance.,Community Hospital,hospital3,19107,Philadelphia,PA,39.9483,-75.1594
1 CC STERILE SYRINGE&NEEDLE,A4206,INPATIENT,59.54,Humana,Humana Medicare PPO,50.27,"This service costs $59.54 as standard price when patient does not have any insurance.
Same service costs $50.27 if patient has 'Humana Medicare PPO' insurance plan.",Community Hospital,hospital3,19107,Philadelphia,PA,39.9483,-75.1594
1 CC STERILE SYRINGE&NEEDLE,A4206,OUTPATIENT,59.54,Humana,Humana Medicare PPO,50.27,"This service costs $59.54 as standard price when patient does not have any insurance.
Same service costs $50.27 if patient has 'Humana Medicare PPO' insurance plan.",Community Hospital,hospital3,19107,Philadelphia,PA,39.9483,-75.1594
1 CC STERILE SYRINGE&NEEDLE,A4206,INPATIENT,59.54,Humana,Humana Commercial,34.12,"This service costs $59.54 as standard price when patient does not have any insurance.
Same service costs $34.12 if patient has 'Humana Commercial' insurance plan.",Community Hospital,hospital3,19107,Philadelphia,PA,39.9483,-75.1594
1 CC STERILE SYRINGE&NEEDLE,A4206,OUTPATIENT,59.54,Humana,Humana Commercial,34.12,"This service costs $59.54 as standard price when patient does not have any insurance.
Same service costs $34.12 if patient has 'Humana Commercial' insurance plan.",Community Hospital,hospital3,19107,Philadelphia,PA,39.9483,-75.1594
1 CC STERILE SYRINGE&NEEDLE,A4206,INPATIENT,59.54,Humana,Humana Medicare HMO,31.19,"This service costs $59.54 as standard price when patient does not have any insurance.
Same service costs $31.19 if patient has 'Humana Medicare HMO' insurance plan.",Community Hospital,hospital3,19107,Philadelphia,PA,39.9483,-75.1594
1 CC STERILE SYRINGE&NEEDLE,A4206,OUTPATIENT,59.54,Humana,Humana Medicare HMO,31.19,"This service costs $59.54 as standard price when patient does not have any insurance.
Same service costs $31.19 if patient has 'Humana Medicare HMO' insurance plan.",Community Hospital,hospital3,19107,Philadelphia,PA,39.9483,-75.1594
1 CC STERILE SYRINGE&NEEDLE,A4206,INPATIENT,59.54,,,,Standard charge with no insurance.,Community Hospital,hospital3,19107,Philadelphia,PA,39.9483,-75.1594
1 CC STERILE SYRINGE&NEEDLE,A4206,OUTPATIENT,59.54,,,,Standard charge with no insurance.,Community Hospital,hospital3,19107,Philadelphia,PA,39.9483,-75.1594
1 CC STERILE SYRINGE&NEEDLE,A4206,INPATIENT,59.54,United Healthcare,United Healthcare CHIP,49.27,"This service costs $59.54 as standard price when patient does not have any insurance.
Same service costs $49.27 if patient has 'United Healthcare CHIP' insurance plan.",Community Hospital,hospital3,19107,Philadelphia,PA,39.9483,-75.1594
1 CC STERILE SYRINGE&NEEDLE,A4206,OUTPATIENT,59.54,United Healthcare,United Healthcare CHIP,49.27,"This service costs $59.54 as standard price when patient does not have any insurance.
Same service costs $49.27 if patient has 'United Healthcare CHIP' insurance plan.",Community Hospital,hospital3,19107,Philadelphia,PA,39.9483,-75.1594
1 CC STERILE SYRINGE&NEEDLE,A4206,INPATIENT,59.54,United Healthcare,United Healthcare Medicaid,38.45,"This service costs $59.54 as standard price when patient does not have any insurance.
Same service costs $38.45 if patient has 'United Healthcare Medicaid' insurance plan.",Community Hospital,hospital3,19107,Philadelphia,PA,39.9483,-75.1594
1 CC STERILE SYRINGE&NEEDLE,A4206,OUTPATIENT,59.54,United Healthcare,United Healthcare Medicaid,38.45,"This service costs $59.54 as standard price when patient does not have any insurance.
Same service costs $38.45 if patient has 'United Healthcare Medicaid' insurance plan.",Community Hospital,hospital3,19107,Philadelphia,PA,39.9483,-75.1594
1 CC STERILE SYRINGE&NEEDLE,A4206,INPATIENT,59.54,United Healthcare,United Healthcare Commercial,56.05,"This service costs $59.54 as standard price when patient does not have any insurance.
Same service costs $56.05 if patient has 'United Healthcare Commercial' insurance plan.",Community Hospital,hospital3,19107,Philadelphia,PA,39.9483,-75.1594
1 CC STERILE SYRINGE&NEEDLE,A4206,OUTPATIENT,59.54,United Healthcare,United Healthcare Commercial,56.05,"This service costs $59.54 as standard price when patient does not have any insurance.
Same service costs $56.05 if patient has 'United Healthcare Commercial' insurance plan.",Community Hospital,hospital3,19107,Philadelphia,PA,39.9483,-75.1594
1 CC STERILE SYRINGE&NEEDLE,A4206,INPATIENT,59.54,,,,Standard charge with no insurance.,Community Hospital,hospital3,19107,Philadelphia,PA,39.9483,-75.1594
1 CC STERILE SYRINGE&NEEDLE,A4206,OUTPATIENT,59.54,,,,Standard charge with no insurance.,Community Hospital,hospital3,19107,Philadelphia,PA,39.9483,-75.1594
1 CC STERILE SYRINGE&NEEDLE,A4206,INPATIENT,59.54,Amerihealth,Amerihealth Medicaid HC,35.45,"This service costs $59.54 as standard price when patient does not have any insurance.
Same service costs $35.45 if patient has 'Amerihealth Medicaid HC' insurance plan.",Community Hospital,hospital3,19107,Philadelphia,PA,39.9483,-75.1594
1 CC STERILE SYRINGE&NEEDLE,A4206,OUTPATIENT,59.54,Amerihealth,Amerihealth Medicaid HC,35.45,"This service costs $59.54 as standard price when patient does not have any insurance.
Same service costs $35.45 if patient has 'Amerihealth Medicaid HC' insurance plan.",Community Hospital,hospital3,19107,Philadelphia,PA,39.9483,-75.1594
1 CC STERILE SYRINGE&NEEDLE,A4206,INPATIENT,59.54,Amerihealth,Amerihealth Commercial,30.11,"This service costs $59.54 as standard price when patient does not have any insurance.
Same service costs $30.11 if patient has 'Amerihealth Commercial' insurance plan.",Community Hospital,hospital3,19107,Philadelphia,PA,39.9483,-75.1594
1 CC STERILE SYRINGE&NEEDLE,A4206,OUTPATIENT,59.54,Amerihealth,Amerihealth Commercial,30.11,"This service costs $59.54 as standard price when patient does not have any insurance.
Same service costs $30.11 if patient has 'Amerihealth Commercial' insurance plan.",Community Hospital,hospital3,19107,Philadelphia,PA,39.9483,-75.1594
1 CC STERILE SYRINGE&NEEDLE,A4206,INPATIENT,59.54,Amerihealth,Amerihealth Medicare,48.9,"This service costs $59.54 as standard price when patient does not have any insurance.
Same service costs $48.9 if patient has 'Amerihealth Medicare' insurance plan.",Community Hospital,hospital3,19107,Philadelphia,PA,39.9483,-75.1594
1 CC STERILE SYRINGE&NEEDLE,A4206,OUTPATIENT,59.54,Amerihealth,Amerihealth Medicare,48.9,"This service costs $59.54 as standard price when patient does not have any insurance.
Same service costs $48.9 if patient has 'Amerihealth Medicare' insurance plan.",Community Hospital,hospital3,19107,Philadelphia,PA,39.9483,-75.1594
1 CC STERILE SYRINGE&NEEDLE,A4206,INPATIENT,59.54,,,,Standard charge with no insurance.,Community Hospital,hospital3,19107,Philadelphia,PA,39.9483,-75.1594
1 CC STERILE SYRINGE&NEEDLE,A4206,OUTPATIENT,59.54,,,,Standard charge with no insurance.,Community Hospital,hospital3,19107,Philadelphia,PA,39.9483,-75.1594
TRILOCK SCAPHOID PLATE,C1713,BOTH,421.79,United Healthcare,United Healthcare Commercial,334.18,"This service costs $421.79 as standard price when patient does not have any insurance.
Same service costs $334.18 if patient has 'United Healthcare Commercial' insurance plan.",Community Hospital,hospital3,19107,Philadelphia,PA,39.9483,-75.1594
TRILOCK SCAPHOID PLATE,C1713,BOTH,421.79,United Healthcare,United Healthcare CHIP,242.07,"This service costs $421.79 as standard price when patient does not have any insurance.
Same service costs $242.07 if patient has 'United Healthcare CHIP' insurance plan.",Community Hospital,hospital3,19107,Philadelphia,PA,39.9483,-75.1594
TRILOCK SCAPHOID PLATE,C1713,BOTH,421.79,,,,Standard charge with no insurance.,Community Hospital,hospital3,19107,Philadelphia,PA,39.9483,-75.1594
TRILOCK SCAPHOID PLATE,C1713,BOTH,421.79,Highmark,Highmark Commercial PROF,279.45,"This service costs $421.79 as standard price when patient does not have any insurance.
Same service costs $279.45 if patient has 'Highmark Commercial PROF' insurance plan.",Community Hospital,hospital3,19107,Philadelphia,PA,39.9483,-75.1594
TRILOCK SCAPHOID PLATE,C1713,BOTH,421.79,Highmark,Highmark Medicare,283.04,"This service costs $421.79 as standard price when patient does not have any insurance.
Same service costs $283.04 if patient has 'Highmark Medicare' insurance plan.",Community Hospital,hospital3,19107,Philadelphia,PA,39.9483,-75.1594
TRILOCK SCAPHOID PLATE,C1713,BOTH,421.79,,,,Standard charge with no insurance.,Community Hospital,hospital3,19107,Philadelphia,PA,39.9483,-75.1594
TRILOCK SCAPHOID PLATE,C1713,BOTH,421.79,Aetna,Aetna Commercial,256.8,"This service costs $421.79 as standard price when patient does not have any insurance.
Same service costs $256.8 if patient has 'Aetna Commercial' insurance plan.",Community Hospital,hospital3,19107,Philadelphia,PA,39.9483,-75.1594
TRILOCK SCAPHOID PLATE,C1713,BOTH,421.79,,,,Standard charge with no insurance.,Community Hospital,hospital3,19107,Philadelphia,PA,39.9483,-75.1594
ACETYLCYSTEINE NON-COMP UNIT,J7608,OUTPATIENT,1966.24,Aetna,Aetna Medicare,1003.33,"This service costs $1966.24 as standard price when patient does not have any insurance.
Same service costs $1003.33 if patient has 'Aetna Medicare' insurance plan.",Community Hospital,hospital3,19107,Philadelphia,PA,39.9483,-75.1594
ACETYLCYSTEINE NON-COMP UNIT,J7608,INPATIENT,1966.24,Aetna,Aetna Medicare,1003.33,"This service costs $1966.24 as standard price when patient does not have any insurance.
Same service costs $1003.33 if patient has 'Aetna Medicare' insurance plan.",Community Hospital,hospital3,19107,Philadelphia,PA,39.9483,-75.1594
ACETYLCYSTEINE NON-COMP UNIT,J7608,OUTPATIENT,1966.24,Aetna,Aetna Medicaid CHIP,1002.88,"This service costs $1966.24 as standard price when patient does not have any insurance.
Same service costs $1002.88 if patient has 'Aetna Medicaid CHIP' insurance plan.",Community Hospital,hospital3,19107,Philadelphia,PA,39.9483,-75.1594
ACETYLCYSTEINE NON-COMP UNIT,J7608,INPATIENT,1966.24,Aetna,Aetna Medicaid CHIP,1002.88,"This service costs $1966.24 as standard price when patient does not have any insurance.
Same service costs $1002.88 if patient has 'Aetna Medicaid CHIP' insurance plan.",Community Hospital,hospital3,19107,Philadelphia,PA,39.9483,-75.1594
ACETYLCYSTEINE NON-COMP UNIT,J7608,OUTPATIENT,1966.24,Aetna,Aetna Commercial,1673.88,"This service costs $1966.24 as standard price when patient does not have any insurance.
Same service costs $1673.88 if patient has 'Aetna Commercial' insurance plan.",Community Hospital,hospital3,19107,Philadelphia,PA,39.9483,-75.1594
ACETYLCYSTEINE NON-COMP UNIT,J7608,INPATIENT,1966.24,Aetna,Aetna Commercial,1673.88,"This service costs $1966.24 as standard price when patient does not have any insurance.
Same service costs $1673.88 if patient has 'Aetna Commercial' insurance plan.",Community Hospital,hospital3,19107,Philadelphia,PA,39.9483,-75.1594
ACETYLCYSTEINE NON-COMP UNIT,J7608,OUTPATIENT,1966.24,,,,Standard charge with no insurance.,Community Hospital,hospital3,19107,Philadelphia,PA,39.9483,-75.1594
ACETYLCYSTEINE NON-COMP UNIT,J7608,INPATIENT,1966.24,,,,Standard charge with no insurance.,Community Hospital,hospital3,19107,Philadelphia,PA,39.9483,-75.1594
ACETYLCYSTEINE NON-COMP UNIT,J7608,OUTPATIENT,1966.24,United Healthcare,United Healthcare Medicaid,1730.4,"This service costs $1966.24 as standard price when patient does not have any insurance.
Same service costs $1730.4 if patient has 'United Healthcare Medicaid' insurance plan.",Community Hospital,hospital3,19107,Philadelphia,PA,39.9483,-75.1594
ACETYLCYSTEINE NON-COMP UNIT,J7608,INPATIENT,1966.24,United Healthcare,United Healthcare Medicaid,1730.4,"This service costs $1966.24 as standard price when patient does not have any insurance.
Same service costs $1730.4 if patient has 'United Healthcare Medicaid' insurance plan.",Community Hospital,hospital3,19107,Philadelphia,PA,39.9483,-75.1594
ACETYLCYSTEINE NON-COMP UNIT,J7608,OUTPATIENT,1966.24,United Healthcare,United Healthcare Commercial,1487.42,"This service costs $1966.24 as standard price when patient does not have any insurance.
Same service costs $1487.42 if patient has 'United Healthcare Commercial' insurance plan.",Community Hospital,hospital3,19107,Philadelphia,PA,39.9483,-75.1594
ACETYLCYSTEINE NON-COMP UNIT,J7608,INPATIENT,1966.24,United Healthcare,United Healthcare Commercial,1487.42,"This service costs $1966.24 as standard price when patient does not have any insurance.
Same service costs $1487.42 if patient has 'United Healthcare Commercial' insurance plan.",Community Hospital,hospital3,19107,Philadelphia,PA,39.9483,-75.1594
ACETYLCYSTEINE NON-COMP UNIT,J7608,OUTPATIENT,1966.24,United Healthcare,United Healthcare CHIP,1191.23,"This service costs $1966.24 as standard price when patient does not have any insurance.
Same service costs $1191.23 if patient has 'United Healthcare CHIP' insurance plan.",Community Hospital,hospital3,19107,Philadelphia,PA,39.9483,-75.1594
ACETYLCYSTEINE NON-COMP UNIT,J7608,INPATIENT,1966.24,United Healthcare,United Healthcare CHIP,1191.23,"This service costs $1966.24 as standard price when patient does not have any insurance.
Same service costs $1191.23 if patient has 'United Healthcare CHIP' insurance plan.",Community Hospital,hospital3,19107,Philadelphia,PA,39.9483,-75.1594
ACETYLCYSTEINE NON-COMP UNIT,J7608,OUTPATIENT,1966.24,,,,Standard charge with no insurance.,Community Hospital,hospital3,19107,Philadelphia,PA,39.9483,-75.1594
ACETYLCYSTEINE NON-COMP UNIT,J7608,INPATIENT,1966.24,,,,Standard charge with no insurance.,Community Hospital,hospital3,19107,Philadelphia,PA,39.9483,-75.1594
ACETYLCYSTEINE NON-COMP UNIT,J7608,OUTPATIENT,1966.24,Humana,Humana Medicare PPO,1191.24,"This service costs $1966.24 as standard price when patient does not have any insurance.
Same service costs $1191.24 if patient has 'Humana Medicare PPO' insurance plan.",Community Hospital,hospital3,19107,Philadelphia,PA,39.9483,-75.1594
ACETYLCYSTEINE NON-COMP UNIT,J7608,INPATIENT,1966.24,Humana,Humana Medicare PPO,1191.24,"This service costs $1966.24 as standard price when patient does not have any insurance.
Same service costs $1191.24 if patient has 'Humana Medicare PPO' insurance plan.",Community Hospital,hospital3,19107,Philadelphia,PA,39.9483,-75.1594
ACETYLCYSTEINE NON-COMP UNIT,J7608,OUTPATIENT,1966.24,,,,Standard charge with no insurance.,Community Hospital,hospital3,19107,Philadelphia,PA,39.9483,-75.1594
ACETYLCYSTEINE NON-COMP UNIT,J7608,INPATIENT,1966.24,,,,Standard charge with no insurance.,Community Hospital,hospital3,19107,Philadelphia,PA,39.9483,-75.1594
COMPLETE BLOOD COUNT,85025,BOTH,307.48,,,,"Only standard charge and no price with insurance – meaning this service is provided by the hospital directly, and not through any insurance.",Community Hospital,hospital3,19107,Philadelphia,PA,39.9483,-75.1594
COMPLETE BLOOD COUNT,85025,BOTH,1980.02,United Healthcare,United Healthcare Medicaid,1496.52,"This service costs $1980.02 as standard price when patient does not have any insurance.
Same service costs $1496.52 if patient has 'United Healthcare Medicaid' insurance plan.",Community Hospital,hospital3,19107,Philadelphia,PA,39.9483,-75.1594
COMPLETE BLOOD COUNT,85025,BOTH,1980.02,United Healthcare,United Healthcare Commercial,1834.49,"This service costs $1980.02 as standard price when patient does not have any insurance.
Same service costs $1834.49 if patient has 'United Healthcare Commercial' insurance plan.",Community Hospital,hospital3,19107,Philadelphia,PA,39.9483,-75.1594
COMPLETE BLOOD COUNT,85025,BOTH,1980.02,,,,Standard charge with no insurance.,Community Hospital,hospital3,19107,Philadelphia,PA,39.9483,-75.1594
COMPLETE BLOOD COUNT,85025,BOTH,1980.02,Aetna,Aetna Medicaid CHIP,1335.74,"This service costs $1980.02 as standard price when patient does not have any insurance.
Same service costs $1335.74 if patient has 'Aetna Medicaid CHIP' insurance plan.",Community Hospital,hospital3,19107,Philadelphia,PA,39.9483,-75.1594
COMPLETE BLOOD COUNT,85025,BOTH,1980.02,Aetna,Aetna Medicare,1306.91,"This service costs $1980.02 as standard price when patient does not have any insurance.
Same service costs $1306.91 if patient has 'Aetna Medicare' insurance plan.",Community Hospital,hospital3,19107,Philadelphia,PA,39.9483,-75.1594
COMPLETE BLOOD COUNT,85025,BOTH,1980.02,,,,Standard charge with no insurance.,Community Hospital,hospital3,19107,Philadelphia,PA,39.9483,-75.1594
2D ECHO,93306,OUTPATIENT,585.29,Highmark,Highmark Medicare,553.13,"This service costs $585.29 as standard price when patient does not have any insurance.
Same service costs $553.13 if patient has 'Highmark Medicare' insurance plan.",Community Hospital,hospital3,19107,Philadelphia,PA,39.9483,-75.1594
2D ECHO,93306,OUTPATIENT,585.29,,,,Standard charge with no insurance.,Community Hospital,hospital3,19107,Philadelphia,PA,39.9483,-75.1594
2D ECHO,93306,OUTPATIENT,585.29,Humana,Humana Medicare PPO,514.72,"This service costs $585.29 as standard price when patient does not have any insurance.
Same service costs $514.72 if patient has 'Humana Medicare PPO' insurance plan.",Community Hospital,hospital3,19107,Philadelphia,PA,39.9483,-75.1594
2D ECHO,93306,OUTPATIENT,585.29,,,,Standard charge with no insurance.,Community Hospital,hospital3,19107,Philadelphia,PA,39.9483,-75.1594
CHEST X-RAY,71045,BOTH,542.74,Humana,Humana Commercial,468.85,"This service costs $542.74 as standard price when patient does not have any insurance.
Same service costs $468.85 if patient has 'Humana Commercial' insurance plan.",Community Hospital,hospital3,19107,Philadelphia,PA,39.9483,-75.1594
CHEST X-RAY,71045,BOTH,542.74,Humana,Humana Medicare HMO,422.43,"This service costs $542.74 as standard price when patient does not have any insurance.
Same service costs $422.43 if patient has 'Humana Medicare HMO' insurance plan.",Community Hospital,hospital3,19107,Philadelphia,PA,39.9483,-75.1594
CHEST X-RAY,71045,BOTH,542.74,,,,Standard charge with no insurance.,Community Hospital,hospital3,19107,Philadelphia,PA,39.9483,-75.1594
CHEST X-RAY,71045,BOTH,542.74,Amerihealth,Amerihealth Medicare,436.34,"This service costs $542.74 as standard price when patient does not have any insurance.
Same service costs $436.34 if patient has 'Amerihealth Medicare' insurance plan.",Community Hospital,hospital3,19107,Philadelphia,PA,39.9483,-75.1594
CHEST X-RAY,71045,BOTH,542.74,,,,Standard charge with no insurance.,Community Hospital,hospital3,19107,Philadelphia,PA,39.9483,-75.1594
CHEST X-RAY,71045,BOTH,542.74,United Healthcare,United Healthcare Medicaid,465.25,"This service costs $542.74 as standard price when patient does not have any insurance.
Same service costs $465.25 if patient has 'United Healthcare Medicaid' insurance plan.",Community Hospital,hospital3,19107,Philadelphia,PA,39.9483,-75.1594
CHEST X-RAY,71045,BOTH,542.74,United Healthcare,United Healthcare CHIP,290.98,"This service costs $542.74 as standard price when patient does not have any insurance.
Same service costs $290.98 if patient has 'United Healthcare CHIP' insurance plan.",Community Hospital,hospital3,19107,Philadelphia,PA,39.9483,-75.1594
CHEST X-RAY,71045,BOTH,542.74,United Healthcare,United Healthcare Commercial,288.48,"This service costs $542.74 as standard price when patient does not have any insurance.
Same service costs $288.48 if patient has 'United Healthcare Commercial' insurance plan.",Community Hospital,hospital3,19107,Philadelphia,PA,39.9483,-75.1594
CHEST X-RAY,71045,BOTH,542.74,,,,Standard charge with no insurance.,Community Hospital,hospital3,19107,Philadelphia,PA,39.9483,-75.1594
BASIC METABOLIC PANEL,80048,BOTH,1375.65,Amerihealth,Amerihealth Commercial,973.64,"This service costs $1375.65 as standard price when patient does not have any insurance.
Same service costs $973.64 if patient has 'Amerihealth Commercial' insurance plan.",Community Hospital,hospital3,19107,Philadelphia,PA,39.9483,-75.1594
BASIC METABOLIC PANEL,80048,BOTH,1375.65,Amerihealth,Amerihealth Medicaid HC,853.31,"This service costs $1375.65 as standard price when patient does not have any insurance.
Same service costs $853.31 if patient has 'Amerihealth Medicaid HC' insurance plan.",Community Hospital,hospital3,19107,Philadelphia,PA,39.9483,-75.1594
BASIC METABOLIC PANEL,80048,BOTH,1375.65,Amerihealth,Amerihealth Medicare,1106.09,"This service costs $1375.65 as standard price when patient does not have any insurance.
Same service costs $1106.09 if patient has 'Amerihealth Medicare' insurance plan.",Community Hospital,hospital3,19107,Philadelphia,PA,39.9483,-75.1594
BASIC METABOLIC PANEL,80048,BOTH,1375.65,,,,Standard charge with no insurance.,Community Hospital,hospital3,19107,Philadelphia,PA,39.9483,-75.1594
BASIC METABOLIC PANEL,80048,BOTH,1375.65,Aetna,Aetna Medicare,706.7,"This service costs $1375.65 as standard price when patient does not have any insurance.
Same service costs $706.7 if patient has 'Aetna Medicare' insurance plan.",Community Hospital,hospital3,19107,Philadelphia,PA,39.9483,-75.1594
BASIC METABOLIC PANEL,80048,BOTH,1375.65,Aetna,Aetna Medicaid CHIP,1019.77,"This service costs $1375.65 as standard price when patient does not have any insurance.
Same service costs $1019.77 if patient has 'Aetna Medicaid CHIP' insurance plan.",Community Hospital,hospital3,19107,Philadelphia,PA,39.9483,-75.1594
BASIC METABOLIC PANEL,80048,BOTH,1375.65,Aetna,Aetna Commercial,1286.46,"This service costs $1375.65 as standard price when patient does not have any insurance.
Same service costs $1286.46 if patient has 'Aetna Commercial' insurance plan.",Community Hospital,hospital3,19107,Philadelphia,PA,39.9483,-75.1594
BASIC METABOLIC PANEL,80048,BOTH,1375.65,,,,Standard charge with no insurance.,Community Hospital,hospital3,19107,Philadelphia,PA,39.9483,-75.1594
BASIC METABOLIC PANEL,80048,BOTH,1375.65,Highmark,Highmark Commercial PROF,804.83,"This service costs $1375.65 as standard price when patient does not have any insurance.
Same service costs $804.83 if patient has 'Highmark Commercial PROF' insurance plan.",Community Hospital,hospital3,19107,Philadelphia,PA,39.9483,-75.1594
BASIC METABOLIC PANEL,80048,BOTH,1375.65,Highmark,Highmark ACA Products PROF,1163.21,"This service costs $1375.65 as standard price when patient does not have any insurance.
Same service costs $1163.21 if patient has 'Highmark ACA Products PROF' insurance plan.",Community Hospital,hospital3,19107,Philadelphia,PA,39.9483,-75.1594
BASIC METABOLIC PANEL,80048,BOTH,1375.65,Highmark,Highmark Medicare,1277.07,"This service costs $1375.65 as standard price when patient does not have any insurance.
Same service costs $1277.07 if patient has 'Highmark Medicare' insurance plan.",Community Hospital,hospital3,19107,Philadelphia,PA,39.9483,-75.1594
BASIC METABOLIC PANEL,80048,BOTH,1375.65,,,,Standard charge with no insurance.,Community Hospital,hospital3,19107,Philadelphia,PA,39.9483,-75.1594
2D ECHO,93306,OUTPATIENT,1213.48,,,,"Only standard charge and no price with insurance – meaning this service is provided by the hospital directly, and not through any insurance.",Community Hospital,hospital3,19107,Philadelphia,PA,39.9483,-75.1594
ACETYLCYSTEINE NON-COMP UNIT,J7608,OUTPATIENT,1606.67,,,,"Only standard charge and no price with insurance – meaning this service is provided by the hospital directly, and not through any insurance.",Community Hospital,hospital3,19107,Philadelphia,PA,39.9483,-75.1594
ACETYLCYSTEINE NON-COMP UNIT,J7608,INPATIENT,1606.67,,,,"Only standard charge and no price with insurance – meaning this service is provided by the hospital directly, and not through any insurance.",Community Hospital,hospital3,19107,Philadelphia,PA,39.9483,-75.1594
CHG MRI BRAIN,70551,OUTPATIENT,1824.03,United Healthcare,United Healthcare Medicaid,1606.39,"This service costs $1824.03 as standard price when patient does not have any insurance.
Same service costs $1606.39 if patient has 'United Healthcare Medicaid' insurance plan.",Community Hospital,hospital3,19107,Philadelphia,PA,39.9483,-75.1594
CHG MRI BRAIN,70551,OUTPATIENT,1824.03,United Healthcare,United Healthcare CHIP,1307.79,"This service costs $1824.03 as standard price when patient does not have any insurance.
Same service costs $1307.79 if patient has 'United Healthcare CHIP' insurance plan.",Community Hospital,hospital3,19107,Philadelphia,PA,39.9483,-75.1594
CHG MRI BRAIN,70551,OUTPATIENT,1824.03,United Healthcare,United Healthcare Commercial,1174.82,"This service costs $1824.03 as standard price when patient does not have any insurance.
Same service costs $1174.82 if patient has 'United Healthcare Commercial' insurance plan.",Community Hospital,hospital3,19107,Philadelphia,PA,39.9483,-75.1594
CHG MRI BRAIN,70551,OUTPATIENT,1824.03,,,,Standard charge with no insurance.,Community Hospital,hospital3,19107,Philadelphia,PA,39.9483,-75.1594
ABDOMINAL CT SCAN,74150,BOTH,342.1,,,,"Only standard charge and no price with insurance – meaning this service is provided by the hospital directly, and not through any insurance.",Community Hospital,hospital3,19107,Philadelphia,PA,39.9483,-75.1594
ABDOMINAL CT SCAN,74150,BOTH,1827.19,Amerihealth,Amerihealth Commercial,1480.14,"This service costs $1827.19 as standard price when patient does not have any insurance.
Same service costs $1480.14 if patient has 'Amerihealth Commercial' insurance plan.",Community Hospital,hospital3,19107,Philadelphia,PA,39.9483,-75.1594
ABDOMINAL CT SCAN,74150,BOTH,1827.19,,,,Standard charge with no insurance.,Community Hospital,hospital3,19107,Philadelphia,PA,39.9483,-75.1594
ACETYLCYSTEINE NON-COMP UNIT,J7608,OUTPATIENT,1028.67,,,,"Only standard charge and no price with insurance – meaning this service is provided by the hospital directly, and not through any insurance.",Community Hospital,hospital3,19107,Philadelphia,PA,39.9483,-75.1594
ACETYLCYSTEINE NON-COMP UNIT,J7608,INPATIENT,1028.67,,,,"Only standard charge and no price with insurance – meaning this service is provided by the hospital directly, and not through any insurance.",Community Hospital,hospital3,19107,Philadelphia,PA,39.9483,-75.1594
CHEST X-RAY,71045,BOTH,476.78,United Healthcare,United Healthcare Commercial,356.33,"This service costs $476.78 as standard price when patient does not have any insurance.
Same service costs $356.33 if patient has 'United Healthcare Commercial' insurance plan.",Community Hospital,hospital3,19107,Philadelphia,PA,39.9483,-75.1594
CHEST X-RAY,71045,BOTH,476.78,United Healthcare,United Healthcare Medicaid,262.19,"This service costs $476.78 as standard price when patient does not have any insurance.
Same service costs $262.19 if patient has 'United Healthcare Medicaid' insurance plan.",Community Hospital,hospital3,19107,Philadelphia,PA,39.9483,-75.1594
CHEST X-RAY,71045,BOTH,476.78,,,,Standard charge with no insurance.,Community Hospital,hospital3,19107,Philadelphia,PA,39.9483,-75.1594
2D ECHO,93306,OUTPATIENT,1132.13,United Healthcare,United Healthcare Commercial,633.16,"This service costs $1132.13 as standard price when patient does not have any insurance.
Same service costs $633.16 if patient has 'United Healthcare Commercial' insurance plan.",Community Hospital,hospital3,19107,Philadelphia,PA,39.9483,-75.1594
2D ECHO,93306,OUTPATIENT,1132.13,United Healthcare,United Healthcare CHIP,797.63,"This service costs $1132.13 as standard price when patient does not have any insurance.
Same service costs $797.63 if patient has 'United Healthcare CHIP' insurance plan.",Community Hospital,hospital3,19107,Philadelphia,PA,39.9483,-75.1594
2D ECHO,93306,OUTPATIENT,1132.13,,,,Standard charge with no insurance.,Community Hospital,hospital3,19107,Philadelphia,PA,39.9483,-75.1594
2D ECHO,93306,OUTPATIENT,1132.13,Amerihealth,Amerihealth Commercial,880.0,"This service costs $1132.13 as standard price when patient does not have any insurance.
Same service costs $880.0 if patient has 'Amerihealth Commercial' insurance plan.",Community Hospital,hospital3,19107,Philadelphia,PA,39.9483,-75.1594
2D ECHO,93306,OUTPATIENT,1132.13,Amerihealth,Amerihealth Medicare,842.12,"This service costs $1132.13 as standard price when patient does not have any insurance.
Same service costs $842.12 if patient has 'Amerihealth Medicare' insurance plan.",Community Hospital,hospital3,19107,Philadelphia,PA,39.9483,-75.1594
2D ECHO,93306,OUTPATIENT,1132.13,,,,Standard charge with no insurance.,Community Hospital,hospital3,19107,Philadelphia,PA,39.9483,-75.1594
COMPLETE BLOOD COUNT,85025,BOTH,1301.05,Highmark,Highmark Medicare,792.57,"This service costs $1301.05 as standard price when patient does not have any insurance.
Same service costs $792.57 if patient has 'Highmark Medicare' insurance plan.",Community Hospital,hospital3,19107,Philadelphia,PA,39.9483,-75.1594
COMPLETE BLOOD COUNT,85025,BOTH,1301.05,Highmark,Highmark ACA Products PROF,700.05,"This service costs $1301.05 as standard price when patient does not have any insurance.
Same service costs $700.05 if patient has 'Highmark ACA Products PROF' insurance plan.",Community Hospital,hospital3,19107,Philadelphia,PA,39.9483,-75.1594
COMPLETE BLOOD COUNT,85025,BOTH,1301.05,Highmark,Highmark Commercial PROF,907.15,"This service costs $1301.05 as standard price when patient does not have any insurance.
Same service costs $907.15 if patient has 'Highmark Commercial PROF' insurance plan.",Community Hospital,hospital3,19107,Philadelphia,PA,39.9483,-75.1594
COMPLETE BLOOD COUNT,85025,BOTH,1301.05,,,,Standard charge with no insurance.,Community Hospital,hospital3,19107,Philadelphia,PA,39.9483,-75.1594
COMPLETE BLOOD COUNT,85025,BOTH,1301.05,Humana,Humana Medicare PPO,959.57,"This service costs $1301.05 as standard price when patient does not have any insurance.
Same service costs $959.57 if patient has 'Humana Medicare PPO' insurance plan.",Community Hospital,hospital3,19107,Philadelphia,PA,39.9483,-75.1594
COMPLETE BLOOD COUNT,85025,BOTH,1301.05,,,,Standard charge with no insurance.,Community Hospital,hospital3,19107,Philadelphia,PA,39.9483,-75.1594
1 CC STERILE SYRINGE&NEEDLE,A4206,INPATIENT,897.0,,,,"Only standard charge and no price with insurance – meaning this service is provided by the hospital directly, and not through any insurance.",Community Hospital,hospital3,19107,Philadelphia,PA,39.9483,-75.1594
1 CC STERILE SYRINGE&NEEDLE,A4206,OUTPATIENT,897.0,,,,"Only standard charge and no price with insurance – meaning this service is provided by the hospital directly, and not through any insurance.",Community Hospital,hospital3,19107,Philadelphia,PA,39.9483,-75.1594
TRILOCK SCAPHOID PLATE,C1713,BOTH,356.23,United Healthcare,United Healthcare CHIP,208.32,"This service costs $356.23 as standard price when patient does not have any insurance.
Same service costs $208.32 if patient has 'United Healthcare CHIP' insurance plan.",Community Hospital,hospital3,19107,Philadelphia,PA,39.9483,-75.1594
TRILOCK SCAPHOID PLATE,C1713,BOTH,356.23,United Healthcare,United Healthcare Commercial,323.35,"This service costs $356.23 as standard price when patient does not have any insurance.
Same service costs $323.35 if patient has 'United Healthcare Commercial' insurance plan.",Community Hospital,hospital3,19107,Philadelphia,PA,39.9483,-75.1594
TRILOCK SCAPHOID PLATE,C1713,BOTH,356.23,United Healthcare,United Healthcare Medicaid,306.48,"This service costs $356.23 as standard price when patient does not have any insurance.
Same service costs $306.48 if patient has 'United Healthcare Medicaid' insurance plan.",Community Hospital,hospital3,19107,Philadelphia,PA,39.9483,-75.1594
TRILOCK SCAPHOID PLATE,C1713,BOTH,356.23,,,,Standard charge with no insurance.,Community Hospital,hospital3,19107,Philadelphia,PA,39.9483,-75.1594
TRILOCK SCAPHOID PLATE,C1713,BOTH,356.23,Amerihealth,Amerihealth Commercial,201.72,"This service costs $356.23 as standard price when patient does not have any insurance.
Same service costs $201.72 if patient has 'Amerihealth Commercial' insurance plan.",Community Hospital,hospital3,19107,Philadelphia,PA,39.9483,-75.1594
TRILOCK SCAPHOID PLATE,C1713,BOTH,356.23,,,,Standard charge with no insurance.,Community Hospital,hospital3,19107,Philadelphia,PA,39.9483,-75.1594
1 CC STERILE SYRINGE&NEEDLE,A4206,INPATIENT,1844.89,,,,"Only standard charge and no price with insurance – meaning this service is provided by the hospital directly, and not through any insurance.",Community Hospital,hospital3,19107,Philadelphia,PA,39.9483,-75.1594
1 CC STERILE SYRINGE&NEEDLE,A4206,OUTPATIENT,1844.89,,,,"Only standard charge and no price with insurance – meaning this service is provided by the hospital directly, and not through any insurance.",Community Hospital,hospital3,19107,Philadelphia,PA,39.9483,-75.1594
ABDOMINAL CT SCAN,74150,BOTH,1366.73,Humana,Humana Medicare HMO,1184.86,"This service costs $1366.73 as standard price when patient does not have any insurance.
Same service costs $1184.86 if patient has 'Humana Medicare HMO' insurance plan.",Community Hospital,hospital3,19107,Philadelphia,PA,39.9483,-75.1594
ABDOMINAL CT SCAN,74150,BOTH,1366.73,Humana,Humana Medicare PPO,1064.41,"This service costs $1366.73 as standard price when patient does not have any insurance.
Same service costs $1064.41 if patient has 'Humana Medicare PPO' insurance plan.",Community Hospital,hospital3,19107,Philadelphia,PA,39.9483,-75.1594
ABDOMINAL CT SCAN,74150,BOTH,1366.73,Humana,Humana Commercial,978.55,"This service costs $1366.73 as standard price when patient does not have any insurance.
Same service costs $978.55 if patient has 'Humana Commercial' insurance plan.",Community Hospital,hospital3,19107,Philadelphia,PA,39.9483,-75.1594
ABDOMINAL CT SCAN,74150,BOTH,1366.73,,,,Standard charge with no insurance.,Community Hospital,hospital3,19107,Philadelphia,PA,39.9483,-75.1594
ACETYLCYSTEINE NON-COMP UNIT,J7608,OUTPATIENT,27.47,Aetna,Aetna Medicare,17.48,"This service costs $27.47 as standard price when patient does not have any insurance.
Same service costs $17.48 if patient has 'Aetna Medicare' insurance plan.",Community Hospital,hospital3,19107,Philadelphia,PA,39.9483,-75.1594
ACETYLCYSTEINE NON-COMP UNIT,J7608,INPATIENT,27.47,Aetna,Aetna Medicare,17.48,"This service costs $27.47 as standard price when patient does not have any insurance.
Same service costs $17.48 if patient has 'Aetna Medicare' insurance plan.",Community Hospital,hospital3,19107,Philadelphia,PA,39.9483,-75.1594
ACETYLCYSTEINE NON-COMP UNIT,J7608,OUTPATIENT,27.47,Aetna,Aetna Medicaid CHIP,16.38,"This service costs $27.47 as standard price when patient does not have any insurance.
Same service costs $16.38 if patient has 'Aetna Medicaid CHIP' insurance plan.",Community Hospital,hospital3,19107,Philadelphia,PA,39.9483,-75.1594
ACETYLCYSTEINE NON-COMP UNIT,J7608,INPATIENT,27.47,Aetna,Aetna Medicaid CHIP,16.38,"This service costs $27.47 as standard price when patient does not have any insurance.
Same service costs $16.38 if patient has 'Aetna Medicaid CHIP' insurance plan.",Community Hospital,hospital3,19107,Philadelphia,PA,39.9483,-75.1594
ACETYLCYSTEINE NON-COMP UNIT,J7608,OUTPATIENT,27.47,,,,Standard charge with no insurance.,Community Hospital,hospital3,19107,Philadelphia,PA,39.9483,-75.1594
ACETYLCYSTEINE NON-COMP UNIT,J7608,INPATIENT,27.47,,,,Standard charge with no insurance.,Community Hospital,hospital3,19107,Philadelphia,PA,39.9483,-75.1594
ACETYLCYSTEINE NON-COMP UNIT,J7608,OUTPATIENT,27.47,Highmark,Highmark Medicare,14.38,"This service costs $27.47 as standard price when patient does not have any insurance.
Same service costs $14.38 if patient has 'Highmark Medicare' insurance plan.",Community Hospital,hospital3,19107,Philadelphia,PA,39.9483,-75.1594
ACETYLCYSTEINE NON-COMP UNIT,J7608,INPATIENT,27.47,Highmark,Highmark Medicare,14.38,"This service costs $27.47 as standard price when patient does not have any insurance.
Same service costs $14.38 if patient has 'Highmark Medicare' insurance plan.",Community Hospital,hospital3,19107,Philadelphia,PA,39.9483,-75.1594
ACETYLCYSTEINE NON-COMP UNIT,J7608,OUTPATIENT,27.47,Highmark,Highmark Commercial PROF,25.17,"This service costs $27.47 as standard price when patient does not have any insurance.
Same service costs $25.17 if patient has 'Highmark Commercial PROF' insurance plan.",Community Hospital,hospital3,19107,Philadelphia,PA,39.9483,-75.1594
ACETYLCYSTEINE NON-COMP UNIT,J7608,INPATIENT,27.47,Highmark,Highmark Commercial PROF,25.17,"This service costs $27.47 as standard price when patient does not have any insurance.
Same service costs $25.17 if patient has 'Highmark Commercial PROF' insurance plan.",Community Hospital,hospital3,19107,Philadelphia,PA,39.9483,-75.1594
ACETYLCYSTEINE NON-COMP UNIT,J7608,OUTPATIENT,27.47,Highmark,Highmark ACA Products PROF,18.14,"This service costs $27.47 as standard price when patient does not have any insurance.
Same service costs $18.14 if patient has 'Highmark ACA Products PROF' insurance plan.",Community Hospital,hospital3,19107,Philadelphia,PA,39.9483,-75.1594
ACETYLCYSTEINE NON-COMP UNIT,J7608,INPATIENT,27.47,Highmark,Highmark ACA Products PROF,18.14,"This service costs $27.47 as standard price when patient does not have any insurance.
Same service costs $18.14 if patient has 'Highmark ACA Products PROF' insurance plan.",Community Hospital,hospital3,19107,Philadelphia,PA,39.9483,-75.1594
ACETYLCYSTEINE NON-COMP UNIT,J7608,OUTPATIENT,27.47,,,,Standard charge with no insurance.,Community Hospital,hospital3,19107,Philadelphia,PA,39.9483,-75.1594
ACETYLCYSTEINE NON-COMP UNIT,J7608,INPATIENT,27.47,,,,Standard charge with no insurance.,Community Hospital,hospital3,19107,Philadelphia,PA,39.9483,-75.1594
1 CC STERILE SYRINGE&NEEDLE,A4206,INPATIENT,1857.75,,,,"Only standard charge and no price with insurance – meaning this service is provided by the hospital directly, and not through any insurance.",Community Hospital,hospital3,19107,Philadelphia,PA,39.9483,-75.1594
1 CC STERILE SYRINGE&NEEDLE,A4206,OUTPATIENT,1857.75,,,,"Only standard charge and no price with insurance – meaning this service is provided by the hospital directly, and not through any insurance.",Community Hospital,hospital3,19107,Philadelphia,PA,39.9483,-75.1594
ABDOMINAL CT SCAN,74150,BOTH,1839.51,Amerihealth,Amerihealth Commercial,953.82,"This service costs $1839.51 as standard price when patient does not have any insurance.
Same service costs $953.82 if patient has 'Amerihealth Commercial' insurance plan.",Community Hospital,hospital3,19107,Philadelphia,PA,39.9483,-75.1594
ABDOMINAL CT SCAN,74150,BOTH,1839.51,,,,Standard charge with no insurance.,Community Hospital,hospital3,19107,Philadelphia,PA,39.9483,-75.1594
ABDOMINAL CT SCAN,74150,BOTH,1839.51,United Healthcare,United Healthcare Medicaid,1153.75,"This service costs $1839.51 as standard price when patient does not have any insurance.
Same service costs $1153.75 if patient has 'United Healthcare Medicaid' insurance plan.",Community Hospital,hospital3,19107,Philadelphia,PA,39.9483,-75.1594
ABDOMINAL CT SCAN,74150,BOTH,1839.51,United Healthcare,United Healthcare CHIP,1591.66,"This service costs $1839.51 as standard price when patient does not have any insurance.
Same service costs $1591.66 if patient has 'United Healthcare CHIP' insurance plan.",Community Hospital,hospital3,19107,Philadelphia,PA,39.9483,-75.1594
ABDOMINAL CT SCAN,74150,BOTH,1839.51,,,,Standard charge with no insurance.,Community Hospital,hospital3,19107,Philadelphia,PA,39.9483,-75.1594
ABDOMINAL CT SCAN,74150,BOTH,1839.51,Aetna,Aetna Commercial,1436.21,"This service costs $1839.51 as standard price when patient does not have any insurance.
Same service costs $1436.21 if patient has 'Aetna Commercial' insurance plan.",Community Hospital,hospital3,19107,Philadelphia,PA,39.9483,-75.1594
ABDOMINAL CT SCAN,74150,BOTH,1839.51,Aetna,Aetna Medicaid CHIP,1335.88,"This service costs $1839.51 as standard price when patient does not have any insurance.
Same service costs $1335.88 if patient has 'Aetna Medicaid CHIP' insurance plan.",Community Hospital,hospital3,19107,Philadelphia,PA,39.9483,-75.1594
ABDOMINAL CT SCAN,74150,BOTH,1839.51,,,,Standard charge with no insurance.,Community Hospital,hospital3,19107,Philadelphia,PA,39.9483,-75.1594
TRILOCK GRIDPL,C1713,BOTH,1996.47,Amerihealth,Amerihealth Commercial,1102.35,"This service costs $1996.47 as standard price when patient does not have any insurance.
Same service costs $1102.35 if patient has 'Amerihealth Commercial' insurance plan.",Community Hospital,hospital3,19107,Philadelphia,PA,39.9483,-75.1594
TRILOCK GRIDPL,C1713,BOTH,1996.47,,,,Standard charge with no insurance.,Community Hospital,hospital3,19107,Philadelphia,PA,39.9483,-75.1594
TRILOCK GRIDPL,C1713,BOTH,1996.47,United Healthcare,United Healthcare Medicaid,1481.41,"This service costs $1996.47 as standard price when patient does not have any insurance.
Same service costs $1481.41 if patient has 'United Healthcare Medicaid' insurance plan.",Community Hospital,hospital3,19107,Philadelphia,PA,39.9483,-75.1594
TRILOCK GRIDPL,C1713,BOTH,1996.47,,,,Standard charge with no insurance.,Community Hospital,hospital3,19107,Philadelphia,PA,39.9483,-75.1594
TRILOCK GRIDPL,C1713,BOTH,470.49,United Healthcare,United Healthcare Commercial,265.97,"This service costs $470.49 as standard price when patient does not have any insurance.
Same service costs $265.97 if patient has 'United Healthcare Commercial' insurance plan.",Community Hospital,hospital3,19107,Philadelphia,PA,39.9483,-75.1594
TRILOCK GRIDPL,C1713,BOTH,470.49,United Healthcare,United Healthcare CHIP,365.94,"This service costs $470.49 as standard price when patient does not have any insurance.
Same service costs $365.94 if patient has 'United Healthcare CHIP' insurance plan.",Community Hospital,hospital3,19107,Philadelphia,PA,39.9483,-75.1594
TRILOCK GRIDPL,C1713,BOTH,470.49,United Healthcare,United Healthcare Medicaid,244.4,"This service costs $470.49 as standard price when patient does not have any insurance.
Same service costs $244.4 if patient has 'United Healthcare Medicaid' insurance plan.",Community Hospital,hospital3,19107,Philadelphia,PA,39.9483,-75.1594
TRILOCK GRIDPL,C1713,BOTH,470.49,,,,Standard charge with no insurance.,Community Hospital,hospital3,19107,Philadelphia,PA,39.9483,-75.1594
TRILOCK GRIDPL,C1713,BOTH,470.49,Aetna,Aetna Medicare,328.65,"This service costs $470.49 as standard price when patient does not have any insurance.
Same service costs $328.65 if patient has 'Aetna Medicare' insurance plan.",Community Hospital,hospital3,19107,Philadelphia,PA,39.9483,-75.1594
TRILOCK GRIDPL,C1713,BOTH,470.49,,,,Standard charge with no insurance.,Community Hospital,hospital3,19107,Philadelphia,PA,39.9483,-75.1594
1 CC STERILE SYRINGE&NEEDLE,A4206,INPATIENT,617.26,Amerihealth,Amerihealth Commercial,539.97,"This service costs $617.26 as standard price when patient does not have any insurance.
Same service costs $539.97 if patient has 'Amerihealth Commercial' insurance plan.",Community Hospital,hospital3,19107,Philadelphia,PA,39.9483,-75.1594
1 CC STERILE SYRINGE&NEEDLE,A4206,OUTPATIENT,617.26,Amerihealth,Amerihealth Commercial,539.97,"This service costs $617.26 as standard price when patient does not have any insurance.
Same service costs $539.97 if patient has 'Amerihealth Commercial' insurance plan.",Community Hospital,hospital3,19107,Philadelphia,PA,39.9483,-75.1594
1 CC STERILE SYRINGE&NEEDLE,A4206,INPATIENT,617.26,Amerihealth,Amerihealth Medicare,533.05,"This service costs $617.26 as standard price when patient does not have any insurance.
Same service costs $533.05 if patient has 'Amerihealth Medicare' insurance plan.",Community Hospital,hospital3,19107,Philadelphia,PA,39.9483,-75.1594
1 CC STERILE SYRINGE&NEEDLE,A4206,OUTPATIENT,617.26,Amerihealth,Amerihealth Medicare,533.05,"This service costs $617.26 as standard price when patient does not have any insurance.
Same service costs $533.05 if patient has 'Amerihealth Medicare' insurance plan.",Community Hospital,hospital3,19107,Philadelphia,PA,39.9483,-75.1594
1 CC STERILE SYRINGE&NEEDLE,A4206,INPATIENT,617.26,,,,Standard charge with no insurance.,Community Hospital,hospital3,19107,Philadelphia,PA,39.9483,-75.1594
1 CC STERILE SYRINGE&NEEDLE,A4206,OUTPATIENT,617.26,,,,Standard charge with no insurance.,Community Hospital,hospital3,19107,Philadelphia,PA,39.9483,-75.1594
1 CC STERILE SYRINGE&NEEDLE,A4206,INPATIENT,617.26,Aetna,Aetna Commercial,512.06,"This service costs $617.26 as standard price when patient does not have any insurance.
Same service costs $512.06 if patient has 'Aetna Commercial' insurance plan.",Community Hospital,hospital3,19107,Philadelphia,PA,39.9483,-75.1594
1 CC STERILE SYRINGE&NEEDLE,A4206,OUTPATIENT,617.26,Aetna,Aetna Commercial,512.06,"This service costs $617.26 as standard price when patient does not have any insurance.
Same service costs $512.06 if patient has 'Aetna Commercial' insurance plan.",Community Hospital,hospital3,19107,Philadelphia,PA,39.9483,-75.1594
1 CC STERILE SYRINGE&NEEDLE,A4206,INPATIENT,617.26,Aetna,Aetna Medicare,378.43,"This service costs $617.26 as standard price when patient does not have any insurance.
Same service costs $378.43 if patient has 'Aetna Medicare' insurance plan.",Community Hospital,hospital3,19107,Philadelphia,PA,39.9483,-75.1594
1 CC STERILE SYRINGE&NEEDLE,A4206,OUTPATIENT,617.26,Aetna,Aetna Medicare,378.43,"This service costs $617.26 as standard price when patient does not have any insurance.
Same service costs $378.43 if patient has 'Aetna Medicare' insurance plan.",Community Hospital,hospital3,19107,Philadelphia,PA,39.9483,-75.1594
1 CC STERILE SYRINGE&NEEDLE,A4206,INPATIENT,617.26,,,,Standard charge with no insurance.,Community Hospital,hospital3,19107,Philadelphia,PA,39.9483,-75.1594
1 CC STERILE SYRINGE&NEEDLE,A4206,OUTPATIENT,617.26,,,,Standard charge with no insurance.,Community Hospital,hospital3,19107,Philadelphia,PA,39.9483,-75.1594
1 CC STERILE SYRINGE&NEEDLE,A4206,INPATIENT,617.26,Humana,Humana Medicare HMO,378.32,"This service costs $617.26 as standard price when patient does not have any insurance.
Same service costs $378.32 if patient has 'Humana Medicare HMO' insurance plan.",Community Hospital,hospital3,19107,Philadelphia,PA,39.9483,-75.1594
1 CC STERILE SYRINGE&NEEDLE,A4206,OUTPATIENT,617.26,Humana,Humana Medicare HMO,378.32,"This service costs $617.26 as standard price when patient does not have any insurance.
Same service costs $378.32 if patient has 'Humana Medicare HMO' insurance plan.",Community Hospital,hospital3,19107,Philadelphia,PA,39.9483,-75.1594
1 CC STERILE SYRINGE&NEEDLE,A4206,INPATIENT,617.26,Humana,Humana Commercial,492.19,"This service costs $617.26 as standard price when patient does not have any insurance.
Same service costs $492.19 if patient has 'Humana Commercial' insurance plan.",Community Hospital,hospital3,19107,Philadelphia,PA,39.9483,-75.1594
1 CC STERILE SYRINGE&NEEDLE,A4206,OUTPATIENT,617.26,Humana,Humana Commercial,492.19,"This service costs $617.26 as standard price when patient does not have any insurance.
Same service costs $492.19 if patient has 'Humana Commercial' insurance plan.",Community Hospital,hospital3,19107,Philadelphia,PA,39.9483,-75.1594
1 CC STERILE SYRINGE&NEEDLE,A4206,INPATIENT,617.26,Humana,Humana Medicare PPO,482.61,"This service costs $617.26 as standard price when patient does not have any insurance.
Same service costs $482.61 if patient has 'Humana Medicare PPO' insurance plan.",Community Hospital,hospital3,19107,Philadelphia,PA,39.9483,-75.1594
1 CC STERILE SYRINGE&NEEDLE,A4206,OUTPATIENT,617.26,Humana,Humana Medicare PPO,482.61,"This service costs $617.26 as standard price when patient does not have any insurance.
Same service costs $482.61 if patient has 'Humana Medicare PPO' insurance plan.",Community Hospital,hospital3,19107,Philadelphia,PA,39.9483,-75.1594
1 CC STERILE SYRINGE&NEEDLE,A4206,INPATIENT,617.26,,,,Standard charge with no insurance.,Community Hospital,hospital3,19107,Philadelphia,PA,39.9483,-75.1594
1 CC STERILE SYRINGE&NEEDLE,A4206,OUTPATIENT,617.26,,,,Standard charge with no insurance.,Community Hospital,hospital3,19107,Philadelphia,PA,39.9483,-75.1594
COMPLETE BLOOD COUNT,85025,BOTH,60.23,,,,"Only standard charge and no price with insurance – meaning this service is provided by the hospital directly, and not through any insurance.",Community Hospital,hospital3,19107,Philadelphia,PA,39.9483,-75.1594
1 CC STERILE SYRINGE&NEEDLE,A4206,INPATIENT,760.76,United Healthcare,United Healthcare CHIP,581.9,"This service costs $760.76 as standard price when patient does not have any insurance.
Same service costs $581.9 if patient has 'United Healthcare CHIP' insurance plan.",Community Hospital,hospital3,19107,Philadelphia,PA,39.9483,-75.1594
1 CC STERILE SYRINGE&NEEDLE,A4206,OUTPATIENT,760.76,United Healthcare,United Healthcare CHIP,581.9,"This service costs $760.76 as standard price when patient does not have any insurance.
Same service costs $581.9 if patient has 'United Healthcare CHIP' insurance plan.",Community Hospital,hospital3,19107,Philadelphia,PA,39.9483,-75.1594
1 CC STERILE SYRINGE&NEEDLE,A4206,INPATIENT,760.76,,,,Standard charge with no insurance.,Community Hospital,hospital3,19107,Philadelphia,PA,39.9483,-75.1594
1 CC STERILE SYRINGE&NEEDLE,A4206,OUTPATIENT,760.76,,,,Standard charge with no insurance.,Community Hospital,hospital3,19107,Philadelphia,PA,39.9483,-75.1594
BASIC METABOLIC PANEL,80048,BOTH,717.44,,,,"Only standard charge and no price with insurance – meaning this service is provided by the hospital directly, and not through any insurance.",Community Hospital,hospital3,19107,Philadelphia,PA,39.9483,-75.1594
BASIC METABOLIC PANEL,80048,BOTH,1939.71,Humana,Humana Medicare HMO,981.67,"This service costs $1939.71 as standard price when patient does not have any insurance.
Same service costs $981.67 if patient has 'Humana Medicare HMO' insurance plan.",Community Hospital,hospital3,19107,Philadelphia,PA,39.9483,-75.1594
BASIC METABOLIC PANEL,80048,BOTH,1939.71,Humana,Humana Medicare PPO,1010.33,"This service costs $1939.71 as standard price when patient does not have any insurance.
Same service costs $1010.33 if patient has 'Humana Medicare PPO' insurance plan.",Community Hospital,hospital3,19107,Philadelphia,PA,39.9483,-75.1594
BASIC METABOLIC PANEL,80048,BOTH,1939.71,,,,Standard charge with no insurance.,Community Hospital,hospital3,19107,Philadelphia,PA,39.9483,-75.1594
BASIC METABOLIC PANEL,80048,BOTH,1939.71,Amerihealth,Amerihealth Commercial,1086.67,"This service costs $1939.71 as standard price when patient does not have any insurance.
Same service costs $1086.67 if patient has 'Amerihealth Commercial' insurance plan.",Community Hospital,hospital3,19107,Philadelphia,PA,39.9483,-75.1594
BASIC METABOLIC PANEL,80048,BOTH,1939.71,Amerihealth,Amerihealth Medicare,1830.47,"This service costs $1939.71 as standard price when patient does not have any insurance.
Same service costs $1830.47 if patient has 'Amerihealth Medicare' insurance plan.",Community Hospital,hospital3,19107,Philadelphia,PA,39.9483,-75.1594
BASIC METABOLIC PANEL,80048,BOTH,1939.71,Amerihealth,Amerihealth Medicaid HC,1802.88,"This service costs $1939.71 as standard price when patient does not have any insurance.
Same service costs $1802.88 if patient has 'Amerihealth Medicaid HC' insurance plan.",Community Hospital,hospital3,19107,Philadelphia,PA,39.9483,-75.1594
BASIC METABOLIC PANEL,80048,BOTH,1939.71,,,,Standard charge with no insurance.,Community Hospital,hospital3,19107,Philadelphia,PA,39.9483,-75.1594
BASIC METABOLIC PANEL,80048,BOTH,1939.71,United Healthcare,United Healthcare Commercial,1803.12,"This service costs $1939.71 as standard price when patient does not have any insurance.
Same service costs $1803.12 if patient has 'United Healthcare Commercial' insurance plan.",Community Hospital,hospital3,19107,Philadelphia,PA,39.9483,-75.1594
BASIC METABOLIC PANEL,80048,BOTH,1939.71,United Healthcare,United Healthcare CHIP,1465.51,"This service costs $1939.71 as standard price when patient does not have any insurance.
Same service costs $1465.51 if patient has 'United Healthcare CHIP' insurance plan.",Community Hospital,hospital3,19107,Philadelphia,PA,39.9483,-75.1594
BASIC METABOLIC PANEL,80048,BOTH,1939.71,United Healthcare,United Healthcare Medicaid,1545.36,"This service costs $1939.71 as standard price when patient does not have any insurance.
Same service costs $1545.36 if patient has 'United Healthcare Medicaid' insurance plan.",Community Hospital,hospital3,19107,Philadelphia,PA,39.9483,-75.1594
BASIC METABOLIC PANEL,80048,BOTH,1939.71,,,,Standard charge with no insurance.,Community Hospital,hospital3,19107,Philadelphia,PA,39.9483,-75.1594
BASIC METABOLIC PANEL,80048,BOTH,257.78,United Healthcare,United Healthcare Commercial,215.45,"This service costs $257.78 as standard price when patient does not have any insurance.
Same service costs $215.45 if patient has 'United Healthcare Commercial' insurance plan.",Community Hospital,hospital3,19107,Philadelphia,PA,39.9483,-75.1594
BASIC METABOLIC PANEL,80048,BOTH,257.78,United Healthcare,United Healthcare CHIP,148.47,"This service costs $257.78 as standard price when patient does not have any insurance.
Same service costs $148.47 if patient has 'United Healthcare CHIP' insurance plan.",Community Hospital,hospital3,19107,Philadelphia,PA,39.9483,-75.1594
BASIC METABOLIC PANEL,80048,BOTH,257.78,,,,Standard charge with no insurance.,Community Hospital,hospital3,19107,Philadelphia,PA,39.9483,-75.1594
BASIC METABOLIC PANEL,80048,BOTH,257.78,Aetna,Aetna Medicare,186.15,"This service costs $257.78 as standard price when patient does not have any insurance.
Same service costs $186.15 if patient has 'Aetna Medicare' insurance plan.",Community Hospital,hospital3,19107,Philadelphia,PA,39.9483,-75.1594
BASIC METABOLIC PANEL,80048,BOTH,257.78,Aetna,Aetna Medicaid CHIP,172.72,"This service costs $257.78 as standard price when patient does not have any insurance.
Same service costs $172.72 if patient has 'Aetna Medicaid CHIP' insurance plan.",Community Hospital,hospital3,19107,Philadelphia,PA,39.9483,-75.1594
BASIC METABOLIC PANEL,80048,BOTH,257.78,,,,Standard charge with no insurance.,Community Hospital,hospital3,19107,Philadelphia,PA,39.9483,-75.1594
CHEST X-RAY,71045,BOTH,1991.36,,,,"Only standard charge and no price with insurance – meaning this service is provided by the hospital directly, and not through any insurance.",Community Hospital,hospital3,19107,Philadelphia,PA,39.9483,-75.1594
TRILOCK SCAPHOID PLATE,C1713,BOTH,1660.98,Humana,Humana Medicare HMO,1518.61,"This service costs $1660.98 as standard price when patient does not have any insurance.
Same service costs $1518.61 if patient has 'Humana Medicare HMO' insurance plan.",Community Hospital,hospital3,19107,Philadelphia,PA,39.9483,-75.1594
TRILOCK SCAPHOID PLATE,C1713,BOTH,1660.98,Humana,Humana Medicare PPO,1123.05,"This service costs $1660.98 as standard price when patient does not have any insurance.
Same service costs $1123.05 if patient has 'Humana Medicare PPO' insurance plan.",Community Hospital,hospital3,19107,Philadelphia,PA,39.9483,-75.1594
TRILOCK SCAPHOID PLATE,C1713,BOTH,1660.98,,,,Standard charge with no insurance.,Community Hospital,hospital3,19107,Philadelphia,PA,39.9483,-75.1594
TRILOCK SCAPHOID PLATE,C1713,BOTH,1660.98,United Healthcare,United Healthcare Commercial,853.85,"This service costs $1660.98 as standard price when patient does not have any insurance.
Same service costs $853.85 if patient has 'United Healthcare Commercial' insurance plan.",Community Hospital,hospital3,19107,Philadelphia,PA,39.9483,-75.1594
TRILOCK SCAPHOID PLATE,C1713,BOTH,1660.98,United Healthcare,United Healthcare CHIP,1028.96,"This service costs $1660.98 as standard price when patient does not have any insurance.
Same service costs $1028.96 if patient has 'United Healthcare CHIP' insurance plan.",Community Hospital,hospital3,19107,Philadelphia,PA,39.9483,-75.1594
TRILOCK SCAPHOID PLATE,C1713,BOTH,1660.98,United Healthcare,United Healthcare Medicaid,1221.35,"This service costs $1660.98 as standard price when patient does not have any insurance.
Same service costs $1221.35 if patient has 'United Healthcare Medicaid' insurance plan.",Community Hospital,hospital3,19107,Philadelphia,PA,39.9483,-75.1594
TRILOCK SCAPHOID PLATE,C1713,BOTH,1660.98,,,,Standard charge with no insurance.,Community Hospital,hospital3,19107,Philadelphia,PA,39.9483,-75.1594
TRILOCK GRIDPL,C1713,BOTH,1613.59,United Healthcare,United Healthcare CHIP,1248.19,"This service costs $1613.59 as standard price when patient does not have any insurance.
Same service costs $1248.19 if patient has 'United Healthcare CHIP' insurance plan.",Community Hospital,hospital3,19107,Philadelphia,PA,39.9483,-75.1594
TRILOCK GRIDPL,C1713,BOTH,1613.59,United Healthcare,United Healthcare Commercial,985.18,"This service costs $1613.59 as standard price when patient does not have any insurance.
Same service costs $985.18 if patient has 'United Healthcare Commercial' insurance plan.",Community Hospital,hospital3,19107,Philadelphia,PA,39.9483,-75.1594
TRILOCK GRIDPL,C1713,BOTH,1613.59,,,,Standard charge with no insurance.,Community Hospital,hospital3,19107,Philadelphia,PA,39.9483,-75.1594
TRILOCK GRIDPL,C1713,BOTH,1613.59,Highmark,Highmark Medicare,1303.59,"This service costs $1613.59 as standard price when patient does not have any insurance.
Same service costs $1303.59 if patient has 'Highmark Medicare' insurance plan.",Community Hospital,hospital3,19107,Philadelphia,PA,39.9483,-75.1594
TRILOCK GRIDPL,C1713,BOTH,1613.59,Highmark,Highmark ACA Products PROF,981.51,"This service costs $1613.59 as standard price when patient does not have any insurance.
Same service costs $981.51 if patient has 'Highmark ACA Products PROF' insurance plan.",Community Hospital,hospital3,19107,Philadelphia,PA,39.9483,-75.1594
TRILOCK GRIDPL,C1713,BOTH,1613.59,Highmark,Highmark Commercial PROF,1083.33,"This service costs $1613.59 as standard price when patient does not have any insurance.
Same service costs $1083.33 if patient has 'Highmark Commercial PROF' insurance plan.",Community Hospital,hospital3,19107,Philadelphia,PA,39.9483,-75.1594
TRILOCK GRIDPL,C1713,BOTH,1613.59,,,,Standard charge with no insurance.,Community Hospital,hospital3,19107,Philadelphia,PA,39.9483,-75.1594
2D ECHO,93306,OUTPATIENT,581.62,Highmark,Highmark Medicare,449.4,"This service costs $581.62 as standard price when patient does not have any insurance.
Same service costs $449.4 if patient has 'Highmark Medicare' insurance plan.",Community Hospital,hospital3,19107,Philadelphia,PA,39.9483,-75.1594
2D ECHO,93306,OUTPATIENT,581.62,Highmark,Highmark ACA Products PROF,473.68,"This service costs $581.62 as standard price when patient does not have any insurance.
Same service costs $473.68 if patient has 'Highmark ACA Products PROF' insurance plan.",Community Hospital,hospital3,19107,Philadelphia,PA,39.9483,-75.1594
2D ECHO,93306,OUTPATIENT,581.62,Highmark,Highmark Commercial PROF,345.69,"This service costs $581.62 as standard price when patient does not have any insurance.
Same service costs $345.69 if patient has 'Highmark Commercial PROF' insurance plan.",Community Hospital,hospital3,19107,Philadelphia,PA,39.9483,-75.1594
2D ECHO,93306,OUTPATIENT,581.62,,,,Standard charge with no insurance.,Community Hospital,hospital3,19107,Philadelphia,PA,39.9483,-75.1594
2D ECHO,93306,OUTPATIENT,581.62,United Healthcare,United Healthcare Medicaid,498.2,"This service costs $581.62 as standard price when patient does not have any insurance.
Same service costs $498.2 if patient has 'United Healthcare Medicaid' insurance plan.",Community Hospital,hospital3,19107,Philadelphia,PA,39.9483,-75.1594
2D ECHO,93306,OUTPATIENT,581.62,United Healthcare,United Healthcare Commercial,536.98,"This service costs $581.62 as standard price when patient does not have any insurance.
Same service costs $536.98 if patient has 'United Healthcare Commercial' insurance plan.",Community Hospital,hospital3,19107,Philadelphia,PA,39.9483,-75.1594
2D ECHO,93306,OUTPATIENT,581.62,,,,Standard charge with no insurance.,Community Hospital,hospital3,19107,Philadelphia,PA,39.9483,-75.1594
2D ECHO,93306,OUTPATIENT,581.62,Aetna,Aetna Medicaid CHIP,343.56,"This service costs $581.62 as standard price when patient does not have any insurance.
Same service costs $343.56 if patient has 'Aetna Medicaid CHIP' insurance plan.",Community Hospital,hospital3,19107,Philadelphia,PA,39.9483,-75.1594
2D ECHO,93306,OUTPATIENT,581.62,Aetna,Aetna Medicare,345.58,"This service costs $581.62 as standard price when patient does not have any insurance.
Same service costs $345.58 if patient has 'Aetna Medicare' insurance plan.",Community Hospital,hospital3,19107,Philadelphia,PA,39.9483,-75.1594
2D ECHO,93306,OUTPATIENT,581.62,Aetna,Aetna Commercial,493.3,"This service costs $581.62 as standard price when patient does not have any insurance.
Same service costs $493.3 if patient has 'Aetna Commercial' insurance plan.",Community Hospital,hospital3,19107,Philadelphia,PA,39.9483,-75.1594
2D ECHO,93306,OUTPATIENT,581.62,,,,Standard charge with no insurance.,Community Hospital,hospital3,19107,Philadelphia,PA,39.9483,-75.1594
TRILOCK GRIDPL,C1713,BOTH,742.77,,,,"Only standard charge and no price with insurance – meaning this service is provided by the hospital directly, and not through any insurance.",Community Hospital,hospital3,19107,Philadelphia,PA,39.9483,-75.1594
ABDOMINAL CT SCAN,74150,BOTH,502.07,Amerihealth,Amerihealth Medicaid HC,362.11,"This service costs $502.07 as standard price when patient does not have any insurance.
Same service costs $362.11 if patient has 'Amerihealth Medicaid HC' insurance plan.",Community Hospital,hospital3,19107,Philadelphia,PA,39.9483,-75.1594
ABDOMINAL CT SCAN,74150,BOTH,502.07,Amerihealth,Amerihealth Commercial,454.46,"This service costs $502.07 as standard price when patient does not have any insurance.
Same service costs $454.46 if patient has 'Amerihealth Commercial' insurance plan.",Community Hospital,hospital3,19107,Philadelphia,PA,39.9483,-75.1594
ABDOMINAL CT SCAN,74150,BOTH,502.07,,,,Standard charge with no insurance.,Community Hospital,hospital3,19107,Philadelphia,PA,39.9483,-75.1594
ABDOMINAL CT SCAN,74150,BOTH,502.07,Highmark,Highmark Commercial PROF,453.56,"This service costs $502.07 as standard price when patient does not have any insurance.
Same service costs $453.56 if patient has 'Highmark Commercial PROF' insurance plan.",Community Hospital,hospital3,19107,Philadelphia,PA,39.9483,-75.1594
ABDOMINAL CT SCAN,74150,BOTH,502.07,,,,Standard charge with no insurance.,Community Hospital,hospital3,19107,Philadelphia,PA,39.9483,-75.1594
ABDOMINAL CT SCAN,74150,BOTH,502.07,Aetna,Aetna Medicaid CHIP,369.44,"This service costs $502.07 as standard price when patient does not have any insurance.
Same service costs $369.44 if patient has 'Aetna Medicaid CHIP' insurance plan.",Community Hospital,hospital3,19107,Philadelphia,PA,39.9483,-75.1594
ABDOMINAL CT SCAN,74150,BOTH,502.07,Aetna,Aetna Commercial,435.9,"This service costs $502.07 as standard price when patient does not have any insurance.
Same service costs $435.9 if patient has 'Aetna Commercial' insurance plan.",Community Hospital,hospital3,19107,Philadelphia,PA,39.9483,-75.1594
ABDOMINAL CT SCAN,74150,BOTH,502.07,Aetna,Aetna Medicare,264.31,"This service costs $502.07 as standard price when patient does not have any insurance.
Same service costs $264.31 if patient has 'Aetna Medicare' insurance plan.",Community Hospital,hospital3,19107,Philadelphia,PA,39.9483,-75.1594
ABDOMINAL CT SCAN,74150,BOTH,502.07,,,,Standard charge with no insurance.,Community Hospital,hospital3,19107,Philadelphia,PA,39.9483,-75.1594
2D ECHO,93306,OUTPATIENT,1214.84,United Healthcare,United Healthcare Commercial,1139.66,"This service costs $1214.84 as standard price when patient does not have any insurance.
Same service costs $1139.66 if patient has 'United Healthcare Commercial' insurance plan.",Community Hospital,hospital3,19107,Philadelphia,PA,39.9483,-75.1594
2D ECHO,93306,OUTPATIENT,1214.84,United Healthcare,United Healthcare CHIP,632.94,"This service costs $1214.84 as standard price when patient does not have any insurance.
Same service costs $632.94 if patient has 'United Healthcare CHIP' insurance plan.",Community Hospital,hospital3,19107,Philadelphia,PA,39.9483,-75.1594
2D ECHO,93306,OUTPATIENT,1214.84,,,,Standard charge with no insurance.,Community Hospital,hospital3,19107,Philadelphia,PA,39.9483,-75.1594
2D ECHO,93306,OUTPATIENT,1214.84,Aetna,Aetna Medicaid CHIP,706.17,"This service costs $1214.84 as standard price when patient does not have any insurance.
Same service costs $706.17 if patient has 'Aetna Medicaid CHIP' insurance plan.",Community Hospital,hospital3,19107,Philadelphia,PA,39.9483,-75.1594
2D ECHO,93306,OUTPATIENT,1214.84,,,,Standard charge with no insurance.,Community Hospital,hospital3,19107,Philadelphia,PA,39.9483,-75.1594
2D ECHO,93306,OUTPATIENT,1214.84,Amerihealth,Amerihealth Commercial,657.26,"This service costs $1214.84 as standard price when patient does not have any insurance.
Same service costs $657.26 if patient has 'Amerihealth Commercial' insurance plan.",Community Hospital,hospital3,19107,Philadelphia,PA,39.9483,-75.1594
2D ECHO,93306,OUTPATIENT,1214.84,,,,Standard charge with no insurance.,Community Hospital,hospital3,19107,Philadelphia,PA,39.9483,-75.1594
2D ECHO,93306,OUTPATIENT,603.04,United Healthcare,United Healthcare CHIP,554.18,"This service costs $603.04 as standard price when patient does not have any insurance.
Same service costs $554.18 if patient has 'United Healthcare CHIP' insurance plan.",Community Hospital,hospital3,19107,Philadelphia,PA,39.9483,-75.1594
2D ECHO,93306,OUTPATIENT,603.04,United Healthcare,United Healthcare Medicaid,443.81,"This service costs $603.04 as standard price when patient does not have any insurance.
Same service costs $443.81 if patient has 'United Healthcare Medicaid' insurance plan.",Community Hospital,hospital3,19107,Philadelphia,PA,39.9483,-75.1594
2D ECHO,93306,OUTPATIENT,603.04,United Healthcare,United Healthcare Commercial,416.27,"This service costs $603.04 as standard price when patient does not have any insurance.
Same service costs $416.27 if patient has 'United Healthcare Commercial' insurance plan.",Community Hospital,hospital3,19107,Philadelphia,PA,39.9483,-75.1594
2D ECHO,93306,OUTPATIENT,603.04,,,,Standard charge with no insurance.,Community Hospital,hospital3,19107,Philadelphia,PA,39.9483,-75.1594
2D ECHO,93306,OUTPATIENT,603.04,Aetna,Aetna Commercial,439.02,"This service costs $603.04 as standard price when patient does not have any insurance.
Same service costs $439.02 if patient has 'Aetna Commercial' insurance plan.",Community Hospital,hospital3,19107,Philadelphia,PA,39.9483,-75.1594
2D ECHO,93306,OUTPATIENT,603.04,,,,Standard charge with no insurance.,Community Hospital,hospital3,19107,Philadelphia,PA,39.9483,-75.1594
2D ECHO,93306,OUTPATIENT,603.04,Humana,Humana Medicare PPO,394.19,"This service costs $603.04 as standard price when patient does not have any insurance.
Same service costs $394.19 if patient has 'Humana Medicare PPO' insurance plan.",Community Hospital,hospital3,19107,Philadelphia,PA,39.9483,-75.1594
2D ECHO,93306,OUTPATIENT,603.04,,,,Standard charge with no insurance.,Community Hospital,hospital3,19107,Philadelphia,PA,39.9483,-75.1594
ABDOMINAL CT SCAN,74150,BOTH,1692.5,Highmark,Highmark ACA Products PROF,1320.95,"This service costs $1692.5 as standard price when patient does not have any insurance.
Same service costs $1320.95 if patient has 'Highmark ACA Products PROF' insurance plan.",Community Hospital,hospital3,19107,Philadelphia,PA,39.9483,-75.1594
ABDOMINAL CT SCAN,74150,BOTH,1692.5,Highmark,Highmark Medicare,1374.47,"This service costs $1692.5 as standard price when patient does not have any insurance.
Same service costs $1374.47 if patient has 'Highmark Medicare' insurance plan.",Community Hospital,hospital3,19107,Philadelphia,PA,39.9483,-75.1594
ABDOMINAL CT SCAN,74150,BOTH,1692.5,,,,Standard charge with no insurance.,Community Hospital,hospital3,19107,Philadelphia,PA,39.9483,-75.1594
ABDOMINAL CT SCAN,74150,BOTH,1692.5,Amerihealth,Amerihealth Commercial,888.73,"This service costs $1692.5 as standard price when patient does not have any insurance.
Same service costs $888.73 if patient has 'Amerihealth Commercial' insurance plan.",Community Hospital,hospital3,19107,Philadelphia,PA,39.9483,-75.1594
ABDOMINAL CT SCAN,74150,BOTH,1692.5,Amerihealth,Amerihealth Medicaid HC,1341.02,"This service costs $1692.5 as standard price when patient does not have any insurance.
Same service costs $1341.02 if patient has 'Amerihealth Medicaid HC' insurance plan.",Community Hospital,hospital3,19107,Philadelphia,PA,39.9483,-75.1594
ABDOMINAL CT SCAN,74150,BOTH,1692.5,,,,Standard charge with no insurance.,Community Hospital,hospital3,19107,Philadelphia,PA,39.9483,-75.1594
ABDOMINAL CT SCAN,74150,BOTH,1692.5,United Healthcare,United Healthcare CHIP,971.33,"This service costs $1692.5 as standard price when patient does not have any insurance.
Same service costs $971.33 if patient has 'United Healthcare CHIP' insurance plan.",Community Hospital,hospital3,19107,Philadelphia,PA,39.9483,-75.1594
ABDOMINAL CT SCAN,74150,BOTH,1692.5,,,,Standard charge with no insurance.,Community Hospital,hospital3,19107,Philadelphia,PA,39.9483,-75.1594
2D ECHO,93306,OUTPATIENT,1818.6,Humana,Humana Medicare HMO,1159.04,"This service costs $1818.6 as standard price when patient does not have any insurance.
Same service costs $1159.04 if patient has 'Humana Medicare HMO' insurance plan.",Community Hospital,hospital3,19107,Philadelphia,PA,39.9483,-75.1594
2D ECHO,93306,OUTPATIENT,1818.6,,,,Standard charge with no insurance.,Community Hospital,hospital3,19107,Philadelphia,PA,39.9483,-75.1594
2D ECHO,93306,OUTPATIENT,1818.6,Aetna,Aetna Commercial,1532.68,"This service costs $1818.6 as standard price when patient does not have any insurance.
Same service costs $1532.68 if patient has 'Aetna Commercial' insurance plan.",Community Hospital,hospital3,19107,Philadelphia,PA,39.9483,-75.1594
2D ECHO,93306,OUTPATIENT,1818.6,,,,Standard charge with no insurance.,Community Hospital,hospital3,19107,Philadelphia,PA,39.9483,-75.1594
2D ECHO,93306,OUTPATIENT,488.11,Highmark,Highmark ACA Products PROF,247.75,"This service costs $488.11 as standard price when patient does not have any insurance.
Same service costs $247.75 if patient has 'Highmark ACA Products PROF' insurance plan.",Community Hospital,hospital3,19107,Philadelphia,PA,39.9483,-75.1594
2D ECHO,93306,OUTPATIENT,488.11,Highmark,Highmark Medicare,288.15,"This service costs $488.11 as standard price when patient does not have any insurance.
Same service costs $288.15 if patient has 'Highmark Medicare' insurance plan.",Community Hospital,hospital3,19107,Philadelphia,PA,39.9483,-75.1594
2D ECHO,93306,OUTPATIENT,488.11,Highmark,Highmark Commercial PROF,459.04,"This service costs $488.11 as standard price when patient does not have any insurance.
Same service costs $459.04 if patient has 'Highmark Commercial PROF' insurance plan.",Community Hospital,hospital3,19107,Philadelphia,PA,39.9483,-75.1594
2D ECHO,93306,OUTPATIENT,488.11,,,,Standard charge with no insurance.,Community Hospital,hospital3,19107,Philadelphia,PA,39.9483,-75.1594
TRILOCK GRIDPL,C1713,BOTH,533.11,,,,"Only standard charge and no price with insurance – meaning this service is provided by the hospital directly, and not through any insurance.",Regional Medical Center,hospital4,19102,Philadelphia,PA,39.9507,-75.1628
BASIC METABOLIC PANEL,80048,BOTH,485.03,,,,"Only standard charge and no price with insurance – meaning this service is provided by the hospital directly, and not through any insurance.",Regional Medical Center,hospital4,19102,Philadelphia,PA,39.9507,-75.1628
TRILOCK SCAPHOID PLATE,C1713,BOTH,1479.17,,,,"Only standard charge and no price with insurance – meaning this service is provided by the hospital directly, and not through any insurance.",Regional Medical Center,hospital4,19102,Philadelphia,PA,39.9507,-75.1628
2D ECHO,93306,OUTPATIENT,409.63,United Healthcare,United Healthcare Commercial,359.63,"This service costs $409.63 as standard price when patient does not have any insurance.
Same service costs $359.63 if patient has 'United Healthcare Commercial' insurance plan.",Regional Medical Center,hospital4,19102,Philadelphia,PA,39.9507,-75.1628
2D ECHO,93306,OUTPATIENT,409.63,,,,Standard charge with no insurance.,Regional Medical Center,hospital4,19102,Philadelphia,PA,39.9507,-75.1628
2D ECHO,93306,OUTPATIENT,409.63,Humana,Humana Commercial,354.05,"This service costs $409.63 as standard price when patient does not have any insurance.
Same service costs $354.05 if patient has 'Humana Commercial' insurance plan.",Regional Medical Center,hospital4,19102,Philadelphia,PA,39.9507,-75.1628
2D ECHO,93306,OUTPATIENT,409.63,Humana,Humana Medicare PPO,233.48,"This service costs $409.63 as standard price when patient does not have any insurance.
Same service costs $233.48 if patient has 'Humana Medicare PPO' insurance plan.",Regional Medical Center,hospital4,19102,Philadelphia,PA,39.9507,-75.1628
2D ECHO,93306,OUTPATIENT,409.63,Humana,Humana Medicare HMO,271.9,"This service costs $409.63 as standard price when patient does not have any insurance.
Same service costs $271.9 if patient has 'Humana Medicare HMO' insurance plan.",Regional Medical Center,hospital4,19102,Philadelphia,PA,39.9507,-75.1628
2D ECHO,93306,OUTPATIENT,409.63,,,,Standard charge with no insurance.,Regional Medical Center,hospital4,19102,Philadelphia,PA,39.9507,-75.1628
ACETYLCYSTEINE NON-COMP UNIT,J7608,OUTPATIENT,1367.53,Amerihealth,Amerihealth Commercial,1215.41,"This service costs $1367.53 as standard price when patient does not have any insurance.
Same service costs $1215.41 if patient has 'Amerihealth Commercial' insurance plan.",Regional Medical Center,hospital4,19102,Philadelphia,PA,39.9507,-75.1628
ACETYLCYSTEINE NON-COMP UNIT,J7608,INPATIENT,1367.53,Amerihealth,Amerihealth Commercial,1215.41,"This service costs $1367.53 as standard price when patient does not have any insurance.
Same service costs $1215.41 if patient has 'Amerihealth Commercial' insurance plan.",Regional Medical Center,hospital4,19102,Philadelphia,PA,39.9507,-75.1628
ACETYLCYSTEINE NON-COMP UNIT,J7608,OUTPATIENT,1367.53,Amerihealth,Amerihealth Medicaid HC,920.38,"This service costs $1367.53 as standard price when patient does not have any insurance.
Same service costs $920.38 if patient has 'Amerihealth Medicaid HC' insurance plan.",Regional Medical Center,hospital4,19102,Philadelphia,PA,39.9507,-75.1628
ACETYLCYSTEINE NON-COMP UNIT,J7608,INPATIENT,1367.53,Amerihealth,Amerihealth Medicaid HC,920.38,"This service costs $1367.53 as standard price when patient does not have any insurance.
Same service costs $920.38 if patient has 'Amerihealth Medicaid HC' insurance plan.",Regional Medical Center,hospital4,19102,Philadelphia,PA,39.9507,-75.1628
ACETYLCYSTEINE NON-COMP UNIT,J7608,OUTPATIENT,1367.53,,,,Standard charge with no insurance.,Regional Medical Center,hospital4,19102,Philadelphia,PA,39.9507,-75.1628
ACETYLCYSTEINE NON-COMP UNIT,J7608,INPATIENT,1367.53,,,,Standard charge with no insurance.,Regional Medical Center,hospital4,19102,Philadelphia,PA,39.9507,-75.1628
ACETYLCYSTEINE NON-COMP UNIT,J7608,OUTPATIENT,1367.53,Humana,Humana Medicare PPO,732.41,"This service costs $1367.53 as standard price when patient does not have any insurance.
Same service costs $732.41 if patient has 'Humana Medicare PPO' insurance plan.",Regional Medical Center,hospital4,19102,Philadelphia,PA,39.9507,-75.1628
ACETYLCYSTEINE NON-COMP UNIT,J7608,INPATIENT,1367.53,Humana,Humana Medicare PPO,732.41,"This service costs $1367.53 as standard price when patient does not have any insurance.
Same service costs $732.41 if patient has 'Humana Medicare PPO' insurance plan.",Regional Medical Center,hospital4,19102,Philadelphia,PA,39.9507,-75.1628
ACETYLCYSTEINE NON-COMP UNIT,J7608,OUTPATIENT,1367.53,,,,Standard charge with no insurance.,Regional Medical Center,hospital4,19102,Philadelphia,PA,39.9507,-75.1628
ACETYLCYSTEINE NON-COMP UNIT,J7608,INPATIENT,1367.53,,,,Standard charge with no insurance.,Regional Medical Center,hospital4,19102,Philadelphia,PA,39.9507,-75.1628
ACETYLCYSTEINE NON-COMP UNIT,J7608,OUTPATIENT,1367.53,Highmark,Highmark Medicare,1276.2,"This service costs $1367.53 as standard price when patient does not have any insurance.
Same service costs $1276.2 if patient has 'Highmark Medicare' insurance plan.",Regional Medical Center,hospital4,19102,Philadelphia,PA,39.9507,-75.1628
ACETYLCYSTEINE NON-COMP UNIT,J7608,INPATIENT,1367.53,Highmark,Highmark Medicare,1276.2,"This service costs $1367.53 as standard price when patient does not have any insurance.
Same service costs $1276.2 if patient has 'Highmark Medicare' insurance plan.",Regional Medical Center,hospital4,19102,Philadelphia,PA,39.9507,-75.1628
ACETYLCYSTEINE NON-COMP UNIT,J7608,OUTPATIENT,1367.53,Highmark,Highmark ACA Products PROF,1254.13,"This service costs $1367.53 as standard price when patient does not have any insurance.
Same service costs $1254.13 if patient has 'Highmark ACA Products PROF' insurance plan.",Regional Medical Center,hospital4,19102,Philadelphia,PA,39.9507,-75.1628
ACETYLCYSTEINE NON-COMP UNIT,J7608,INPATIENT,1367.53,Highmark,Highmark ACA Products PROF,1254.13,"This service costs $1367.53 as standard price when patient does not have any insurance.
Same service costs $1254.13 if patient has 'Highmark ACA Products PROF' insurance plan.",Regional Medical Center,hospital4,19102,Philadelphia,PA,39.9507,-75.1628
ACETYLCYSTEINE NON-COMP UNIT,J7608,OUTPATIENT,1367.53,,,,Standard charge with no insurance.,Regional Medical Center,hospital4,19102,Philadelphia,PA,39.9507,-75.1628
ACETYLCYSTEINE NON-COMP UNIT,J7608,INPATIENT,1367.53,,,,Standard charge with no insurance.,Regional Medical Center,hospital4,19102,Philadelphia,PA,39.9507,-75.1628
COMPLETE BLOOD COUNT,85025,BOTH,1718.59,United Healthcare,United Healthcare Medicaid,947.78,"This service costs $1718.59 as standard price when patient does not have any insurance.
Same service costs $947.78 if patient has 'United Healthcare Medicaid' insurance plan.",Regional Medical Center,hospital4,19102,Philadelphia,PA,39.9507,-75.1628
COMPLETE BLOOD COUNT,85025,BOTH,1718.59,,,,Standard charge with no insurance.,Regional Medical Center,hospital4,19102,Philadelphia,PA,39.9507,-75.1628
CHEST X-RAY,71045,BOTH,94.92,Amerihealth,Amerihealth Medicaid HC,72.83,"This service costs $94.92 as standard price when patient does not have any insurance.
Same service costs $72.83 if patient has 'Amerihealth Medicaid HC' insurance plan.",Regional Medical Center,hospital4,19102,Philadelphia,PA,39.9507,-75.1628
CHEST X-RAY,71045,BOTH,94.92,Amerihealth,Amerihealth Medicare,64.36,"This service costs $94.92 as standard price when patient does not have any insurance.
Same service costs $64.36 if patient has 'Amerihealth Medicare' insurance plan.",Regional Medical Center,hospital4,19102,Philadelphia,PA,39.9507,-75.1628
CHEST X-RAY,71045,BOTH,94.92,,,,Standard charge with no insurance.,Regional Medical Center,hospital4,19102,Philadelphia,PA,39.9507,-75.1628
CHEST X-RAY,71045,BOTH,94.92,Aetna,Aetna Medicaid CHIP,65.2,"This service costs $94.92 as standard price when patient does not have any insurance.
Same service costs $65.2 if patient has 'Aetna Medicaid CHIP' insurance plan.",Regional Medical Center,hospital4,19102,Philadelphia,PA,39.9507,-75.1628
CHEST X-RAY,71045,BOTH,94.92,,,,Standard charge with no insurance.,Regional Medical Center,hospital4,19102,Philadelphia,PA,39.9507,-75.1628
1 CC STERILE SYRINGE&NEEDLE,A4206,INPATIENT,892.49,Amerihealth,Amerihealth Commercial,554.64,"This service costs $892.49 as standard price when patient does not have any insurance.
Same service costs $554.64 if patient has 'Amerihealth Commercial' insurance plan.",Regional Medical Center,hospital4,19102,Philadelphia,PA,39.9507,-75.1628
1 CC STERILE SYRINGE&NEEDLE,A4206,OUTPATIENT,892.49,Amerihealth,Amerihealth Commercial,554.64,"This service costs $892.49 as standard price when patient does not have any insurance.
Same service costs $554.64 if patient has 'Amerihealth Commercial' insurance plan.",Regional Medical Center,hospital4,19102,Philadelphia,PA,39.9507,-75.1628
1 CC STERILE SYRINGE&NEEDLE,A4206,INPATIENT,892.49,Amerihealth,Amerihealth Medicare,452.3,"This service costs $892.49 as standard price when patient does not have any insurance.
Same service costs $452.3 if patient has 'Amerihealth Medicare' insurance plan.",Regional Medical Center,hospital4,19102,Philadelphia,PA,39.9507,-75.1628
1 CC STERILE SYRINGE&NEEDLE,A4206,OUTPATIENT,892.49,Amerihealth,Amerihealth Medicare,452.3,"This service costs $892.49 as standard price when patient does not have any insurance.
Same service costs $452.3 if patient has 'Amerihealth Medicare' insurance plan.",Regional Medical Center,hospital4,19102,Philadelphia,PA,39.9507,-75.1628
1 CC STERILE SYRINGE&NEEDLE,A4206,INPATIENT,892.49,,,,Standard charge with no insurance.,Regional Medical Center,hospital4,19102,Philadelphia,PA,39.9507,-75.1628
1 CC STERILE SYRINGE&NEEDLE,A4206,OUTPATIENT,892.49,,,,Standard charge with no insurance.,Regional Medical Center,hospital4,19102,Philadelphia,PA,39.9507,-75.1628
ABDOMINAL CT SCAN,74150,BOTH,518.39,Humana,Humana Medicare HMO,448.09,"This service costs $518.39 as standard price when patient does not have any insurance.
Same service costs $448.09 if patient has 'Humana Medicare HMO' insurance plan.",Regional Medical Center,hospital4,19102,Philadelphia,PA,39.9507,-75.1628
ABDOMINAL CT SCAN,74150,BOTH,518.39,Humana,Humana Medicare PPO,327.86,"This service costs $518.39 as standard price when patient does not have any insurance.
Same service costs $327.86 if patient has 'Humana Medicare PPO' insurance plan.",Regional Medical Center,hospital4,19102,Philadelphia,PA,39.9507,-75.1628
ABDOMINAL CT SCAN,74150,BOTH,518.39,Humana,Humana Commercial,328.92,"This service costs $518.39 as standard price when patient does not have any insurance.
Same service costs $328.92 if patient has 'Humana Commercial' insurance plan.",Regional Medical Center,hospital4,19102,Philadelphia,PA,39.9507,-75.1628
ABDOMINAL CT SCAN,74150,BOTH,518.39,,,,Standard charge with no insurance.,Regional Medical Center,hospital4,19102,Philadelphia,PA,39.9507,-75.1628
CHG MRI BRAIN,70551,OUTPATIENT,431.93,Highmark,Highmark Medicare,383.32,"This service costs $431.93 as standard price when patient does not have any insurance.
Same service costs $383.32 if patient has 'Highmark Medicare' insurance plan.",Regional Medical Center,hospital4,19102,Philadelphia,PA,39.9507,-75.1628
CHG MRI BRAIN,70551,OUTPATIENT,431.93,Highmark,Highmark Commercial PROF,389.63,"This service costs $431.93 as standard price when patient does not have any insurance.
Same service costs $389.63 if patient has 'Highmark Commercial PROF' insurance plan.",Regional Medical Center,hospital4,19102,Philadelphia,PA,39.9507,-75.1628
CHG MRI BRAIN,70551,OUTPATIENT,431.93,Highmark,Highmark ACA Products PROF,231.86,"This service costs $431.93 as standard price when patient does not have any insurance.
Same service costs $231.86 if patient has 'Highmark ACA Products PROF' insurance plan.",Regional Medical Center,hospital4,19102,Philadelphia,PA,39.9507,-75.1628
CHG MRI BRAIN,70551,OUTPATIENT,431.93,,,,Standard charge with no insurance.,Regional Medical Center,hospital4,19102,Philadelphia,PA,39.9507,-75.1628
CHG MRI BRAIN,70551,OUTPATIENT,431.93,Humana,Humana Medicare HMO,404.63,"This service costs $431.93 as standard price when patient does not have any insurance.
Same service costs $404.63 if patient has 'Humana Medicare HMO' insurance plan.",Regional Medical Center,hospital4,19102,Philadelphia,PA,39.9507,-75.1628
CHG MRI BRAIN,70551,OUTPATIENT,431.93,Humana,Humana Medicare PPO,240.79,"This service costs $431.93 as standard price when patient does not have any insurance.
Same service costs $240.79 if patient has 'Humana Medicare PPO' insurance plan.",Regional Medical Center,hospital4,19102,Philadelphia,PA,39.9507,-75.1628
CHG MRI BRAIN,70551,OUTPATIENT,431.93,Humana,Humana Commercial,276.46,"This service costs $431.93 as standard price when patient does not have any insurance.
Same service costs $276.46 if patient has 'Humana Commercial' insurance plan.",Regional Medical Center,hospital4,19102,Philadelphia,PA,39.9507,-75.1628
CHG MRI BRAIN,70551,OUTPATIENT,431.93,,,,Standard charge with no insurance.,Regional Medical Center,hospital4,19102,Philadelphia,PA,39.9507,-75.1628
CHG MRI BRAIN,70551,OUTPATIENT,431.93,Aetna,Aetna Commercial,336.18,"This service costs $431.93 as standard price when patient does not have any insurance.
Same service costs $336.18 if patient has 'Aetna Commercial' insurance plan.",Regional Medical Center,hospital4,19102,Philadelphia,PA,39.9507,-75.1628
CHG MRI BRAIN,70551,OUTPATIENT,431.93,Aetna,Aetna Medicaid CHIP,238.73,"This service costs $431.93 as standard price when patient does not have any insurance.
Same service costs $238.73 if patient has 'Aetna Medicaid CHIP' insurance plan.",Regional Medical Center,hospital4,19102,Philadelphia,PA,39.9507,-75.1628
CHG MRI BRAIN,70551,OUTPATIENT,431.93,Aetna,Aetna Medicare,222.64,"This service costs $431.93 as standard price when patient does not have any insurance.
Same service costs $222.64 if patient has 'Aetna Medicare' insurance plan.",Regional Medical Center,hospital4,19102,Philadelphia,PA,39.9507,-75.1628
CHG MRI BRAIN,70551,OUTPATIENT,431.93,,,,Standard charge with no insurance.,Regional Medical Center,hospital4,19102,Philadelphia,PA,39.9507,-75.1628
COMPLETE BLOOD COUNT,85025,BOTH,911.62,Highmark,Highmark Medicare,544.59,"This service costs $911.62 as standard price when patient does not have any insurance.
Same service costs $544.59 if patient has 'Highmark Medicare' insurance plan.",Regional Medical Center,hospital4,19102,Philadelphia,PA,39.9507,-75.1628
COMPLETE BLOOD COUNT,85025,BOTH,911.62,Highmark,Highmark ACA Products PROF,470.11,"This service costs $911.62 as standard price when patient does not have any insurance.
Same service costs $470.11 if patient has 'Highmark ACA Products PROF' insurance plan.",Regional Medical Center,hospital4,19102,Philadelphia,PA,39.9507,-75.1628
COMPLETE BLOOD COUNT,85025,BOTH,911.62,,,,Standard charge with no insurance.,Regional Medical Center,hospital4,19102,Philadelphia,PA,39.9507,-75.1628
COMPLETE BLOOD COUNT,85025,BOTH,911.62,Amerihealth,Amerihealth Medicaid HC,847.76,"This service costs $911.62 as standard price when patient does not have any insurance.
Same service costs $847.76 if patient has 'Amerihealth Medicaid HC' insurance plan.",Regional Medical Center,hospital4,19102,Philadelphia,PA,39.9507,-75.1628
COMPLETE BLOOD COUNT,85025,BOTH,911.62,,,,Standard charge with no insurance.,Regional Medical Center,hospital4,19102,Philadelphia,PA,39.9507,-75.1628
ACETYLCYSTEINE NON-COMP UNIT,J7608,OUTPATIENT,510.97,Amerihealth,Amerihealth Medicare,390.04,"This service costs $510.97 as standard price when patient does not have any insurance.
Same service costs $390.04 if patient has 'Amerihealth Medicare' insurance plan.",Regional Medical Center,hospital4,19102,Philadelphia,PA,39.9507,-75.1628
ACETYLCYSTEINE NON-COMP UNIT,J7608,INPATIENT,510.97,Amerihealth,Amerihealth Medicare,390.04,"This service costs $510.97 as standard price when patient does not have any insurance.
Same service costs $390.04 if patient has 'Amerihealth Medicare' insurance plan.",Regional Medical Center,hospital4,19102,Philadelphia,PA,39.9507,-75.1628
ACETYLCYSTEINE NON-COMP UNIT,J7608,OUTPATIENT,510.97,,,,Standard charge with no insurance.,Regional Medical Center,hospital4,19102,Philadelphia,PA,39.9507,-75.1628
ACETYLCYSTEINE NON-COMP UNIT,J7608,INPATIENT,510.97,,,,Standard charge with no insurance.,Regional Medical Center,hospital4,19102,Philadelphia,PA,39.9507,-75.1628
CHEST X-RAY,71045,BOTH,461.39,Highmark,Highmark Medicare,261.52,"This service costs $461.39 as standard price when patient does not have any insurance.
Same service costs $261.52 if patient has 'Highmark Medicare' insurance plan.",Regional Medical Center,hospital4,19102,Philadelphia,PA,39.9507,-75.1628
CHEST X-RAY,71045,BOTH,461.39,Highmark,Highmark Commercial PROF,282.64,"This service costs $461.39 as standard price when patient does not have any insurance.
Same service costs $282.64 if patient has 'Highmark Commercial PROF' insurance plan.",Regional Medical Center,hospital4,19102,Philadelphia,PA,39.9507,-75.1628
CHEST X-RAY,71045,BOTH,461.39,,,,Standard charge with no insurance.,Regional Medical Center,hospital4,19102,Philadelphia,PA,39.9507,-75.1628
CHEST X-RAY,71045,BOTH,461.39,Aetna,Aetna Commercial,326.68,"This service costs $461.39 as standard price when patient does not have any insurance.
Same service costs $326.68 if patient has 'Aetna Commercial' insurance plan.",Regional Medical Center,hospital4,19102,Philadelphia,PA,39.9507,-75.1628
CHEST X-RAY,71045,BOTH,461.39,,,,Standard charge with no insurance.,Regional Medical Center,hospital4,19102,Philadelphia,PA,39.9507,-75.1628
CHEST X-RAY,71045,BOTH,461.39,Humana,Humana Commercial,241.45,"This service costs $461.39 as standard price when patient does not have any insurance.
Same service costs $241.45 if patient has 'Humana Commercial' insurance plan.",Regional Medical Center,hospital4,19102,Philadelphia,PA,39.9507,-75.1628
CHEST X-RAY,71045,BOTH,461.39,Humana,Humana Medicare HMO,232.25,"This service costs $461.39 as standard price when patient does not have any insurance.
Same service costs $232.25 if patient has 'Humana Medicare HMO' insurance plan.",Regional Medical Center,hospital4,19102,Philadelphia,PA,39.9507,-75.1628
CHEST X-RAY,71045,BOTH,461.39,Humana,Humana Medicare PPO,372.14,"This service costs $461.39 as standard price when patient does not have any insurance.
Same service costs $372.14 if patient has 'Humana Medicare PPO' insurance plan.",Regional Medical Center,hospital4,19102,Philadelphia,PA,39.9507,-75.1628
CHEST X-RAY,71045,BOTH,461.39,,,,Standard charge with no insurance.,Regional Medical Center,hospital4,19102,Philadelphia,PA,39.9507,-75.1628
1 CC STERILE SYRINGE&NEEDLE,A4206,INPATIENT,1256.76,Amerihealth,Amerihealth Medicaid HC,1176.31,"This service costs $1256.76 as standard price when patient does not have any insurance.
Same service costs $1176.31 if patient has 'Amerihealth Medicaid HC' insurance plan.",Regional Medical Center,hospital4,19102,Philadelphia,PA,39.9507,-75.1628
1 CC STERILE SYRINGE&NEEDLE,A4206,OUTPATIENT,1256.76,Amerihealth,Amerihealth Medicaid HC,1176.31,"This service costs $1256.76 as standard price when patient does not have any insurance.
Same service costs $1176.31 if patient has 'Amerihealth Medicaid HC' insurance plan.",Regional Medical Center,hospital4,19102,Philadelphia,PA,39.9507,-75.1628
1 CC STERILE SYRINGE&NEEDLE,A4206,INPATIENT,1256.76,Amerihealth,Amerihealth Medicare,1155.39,"This service costs $1256.76 as standard price when patient does not have any insurance.
Same service costs $1155.39 if patient has 'Amerihealth Medicare' insurance plan.",Regional Medical Center,hospital4,19102,Philadelphia,PA,39.9507,-75.1628
1 CC STERILE SYRINGE&NEEDLE,A4206,OUTPATIENT,1256.76,Amerihealth,Amerihealth Medicare,1155.39,"This service costs $1256.76 as standard price when patient does not have any insurance.
Same service costs $1155.39 if patient has 'Amerihealth Medicare' insurance plan.",Regional Medical Center,hospital4,19102,Philadelphia,PA,39.9507,-75.1628
1 CC STERILE SYRINGE&NEEDLE,A4206,INPATIENT,1256.76,,,,Standard charge with no insurance.,Regional Medical Center,hospital4,19102,Philadelphia,PA,39.9507,-75.1628
1 CC STERILE SYRINGE&NEEDLE,A4206,OUTPATIENT,1256.76,,,,Standard charge with no insurance.,Regional Medical Center,hospital4,19102,Philadelphia,PA,39.9507,-75.1628
ACETYLCYSTEINE NON-COMP UNIT,J7608,OUTPATIENT,1473.65,,,,"Only standard charge and no price with insurance – meaning this service is provided by the hospital directly, and not through any insurance.",Regional Medical Center,hospital4,19102,Philadelphia,PA,39.9507,-75.1628
ACETYLCYSTEINE NON-COMP UNIT,J7608,INPATIENT,1473.65,,,,"Only standard charge and no price with insurance – meaning this service is provided by the hospital directly, and not through any insurance.",Regional Medical Center,hospital4,19102,Philadelphia,PA,39.9507,-75.1628
1 CC STERILE SYRINGE&NEEDLE,A4206,INPATIENT,1246.94,Amerihealth,Amerihealth Medicaid HC,842.28,"This service costs $1246.94 as standard price when patient does not have any insurance.
Same service costs $842.28 if patient has 'Amerihealth Medicaid HC' insurance plan.",Regional Medical Center,hospital4,19102,Philadelphia,PA,39.9507,-75.1628
1 CC STERILE SYRINGE&NEEDLE,A4206,OUTPATIENT,1246.94,Amerihealth,Amerihealth Medicaid HC,842.28,"This service costs $1246.94 as standard price when patient does not have any insurance.
Same service costs $842.28 if patient has 'Amerihealth Medicaid HC' insurance plan.",Regional Medical Center,hospital4,19102,Philadelphia,PA,39.9507,-75.1628
1 CC STERILE SYRINGE&NEEDLE,A4206,INPATIENT,1246.94,,,,Standard charge with no insurance.,Regional Medical Center,hospital4,19102,Philadelphia,PA,39.9507,-75.1628
1 CC STERILE SYRINGE&NEEDLE,A4206,OUTPATIENT,1246.94,,,,Standard charge with no insurance.,Regional Medical Center,hospital4,19102,Philadelphia,PA,39.9507,-75.1628
1 CC STERILE SYRINGE&NEEDLE,A4206,INPATIENT,1246.94,Humana,Humana Commercial,1097.77,"This service costs $1246.94 as standard price when patient does not have any insurance.
Same service costs $1097.77 if patient has 'Humana Commercial' insurance plan.",Regional Medical Center,hospital4,19102,Philadelphia,PA,39.9507,-75.1628
1 CC STERILE SYRINGE&NEEDLE,A4206,OUTPATIENT,1246.94,Humana,Humana Commercial,1097.77,"This service costs $1246.94 as standard price when patient does not have any insurance.
Same service costs $1097.77 if patient has 'Humana Commercial' insurance plan.",Regional Medical Center,hospital4,19102,Philadelphia,PA,39.9507,-75.1628
1 CC STERILE SYRINGE&NEEDLE,A4206,INPATIENT,1246.94,Humana,Humana Medicare HMO,1068.82,"This service costs $1246.94 as standard price when patient does not have any insurance.
Same service costs $1068.82 if patient has 'Humana Medicare HMO' insurance plan.",Regional Medical Center,hospital4,19102,Philadelphia,PA,39.9507,-75.1628
1 CC STERILE SYRINGE&NEEDLE,A4206,OUTPATIENT,1246.94,Humana,Humana Medicare HMO,1068.82,"This service costs $1246.94 as standard price when patient does not have any insurance.
Same service costs $1068.82 if patient has 'Humana Medicare HMO' insurance plan.",Regional Medical Center,hospital4,19102,Philadelphia,PA,39.9507,-75.1628
1 CC STERILE SYRINGE&NEEDLE,A4206,INPATIENT,1246.94,Humana,Humana Medicare PPO,850.76,"This service costs $1246.94 as standard price when patient does not have any insurance.
Same service costs $850.76 if patient has 'Humana Medicare PPO' insurance plan.",Regional Medical Center,hospital4,19102,Philadelphia,PA,39.9507,-75.1628
1 CC STERILE SYRINGE&NEEDLE,A4206,OUTPATIENT,1246.94,Humana,Humana Medicare PPO,850.76,"This service costs $1246.94 as standard price when patient does not have any insurance.
Same service costs $850.76 if patient has 'Humana Medicare PPO' insurance plan.",Regional Medical Center,hospital4,19102,Philadelphia,PA,39.9507,-75.1628
1 CC STERILE SYRINGE&NEEDLE,A4206,INPATIENT,1246.94,,,,Standard charge with no insurance.,Regional Medical Center,hospital4,19102,Philadelphia,PA,39.9507,-75.1628
1 CC STERILE SYRINGE&NEEDLE,A4206,OUTPATIENT,1246.94,,,,Standard charge with no insurance.,Regional Medical Center,hospital4,19102,Philadelphia,PA,39.9507,-75.1628
CHG MRI BRAIN,70551,OUTPATIENT,1280.7,Highmark,Highmark Medicare,1020.3,"This service costs $1280.7 as standard price when patient does not have any insurance.
Same service costs $1020.3 if patient has 'Highmark Medicare' insurance plan.",Regional Medical Center,hospital4,19102,Philadelphia,PA,39.9507,-75.1628
CHG MRI BRAIN,70551,OUTPATIENT,1280.7,Highmark,Highmark Commercial PROF,897.62,"This service costs $1280.7 as standard price when patient does not have any insurance.
Same service costs $897.62 if patient has 'Highmark Commercial PROF' insurance plan.",Regional Medical Center,hospital4,19102,Philadelphia,PA,39.9507,-75.1628
CHG MRI BRAIN,70551,OUTPATIENT,1280.7,Highmark,Highmark ACA Products PROF,1110.61,"This service costs $1280.7 as standard price when patient does not have any insurance.
Same service costs $1110.61 if patient has 'Highmark ACA Products PROF' insurance plan.",Regional Medical Center,hospital4,19102,Philadelphia,PA,39.9507,-75.1628
CHG MRI BRAIN,70551,OUTPATIENT,1280.7,,,,Standard charge with no insurance.,Regional Medical Center,hospital4,19102,Philadelphia,PA,39.9507,-75.1628
CHG MRI BRAIN,70551,OUTPATIENT,1280.7,Humana,Humana Medicare HMO,841.76,"This service costs $1280.7 as standard price when patient does not have any insurance.
Same service costs $841.76 if patient has 'Humana Medicare HMO' insurance plan.",Regional Medical Center,hospital4,19102,Philadelphia,PA,39.9507,-75.1628
CHG MRI BRAIN,70551,OUTPATIENT,1280.7,Humana,Humana Commercial,771.37,"This service costs $1280.7 as standard price when patient does not have any insurance.
Same service costs $771.37 if patient has 'Humana Commercial' insurance plan.",Regional Medical Center,hospital4,19102,Philadelphia,PA,39.9507,-75.1628
CHG MRI BRAIN,70551,OUTPATIENT,1280.7,Humana,Humana Medicare PPO,1104.67,"This service costs $1280.7 as standard price when patient does not have any insurance.
Same service costs $1104.67 if patient has 'Humana Medicare PPO' insurance plan.",Regional Medical Center,hospital4,19102,Philadelphia,PA,39.9507,-75.1628
CHG MRI BRAIN,70551,OUTPATIENT,1280.7,,,,Standard charge with no insurance.,Regional Medical Center,hospital4,19102,Philadelphia,PA,39.9507,-75.1628
CHG MRI BRAIN,70551,OUTPATIENT,1280.7,Amerihealth,Amerihealth Medicare,1036.72,"This service costs $1280.7 as standard price when patient does not have any insurance.
Same service costs $1036.72 if patient has 'Amerihealth Medicare' insurance plan.",Regional Medical Center,hospital4,19102,Philadelphia,PA,39.9507,-75.1628
CHG MRI BRAIN,70551,OUTPATIENT,1280.7,,,,Standard charge with no insurance.,Regional Medical Center,hospital4,19102,Philadelphia,PA,39.9507,-75.1628
ACETYLCYSTEINE NON-COMP UNIT,J7608,OUTPATIENT,603.01,Highmark,Highmark Commercial PROF,328.81,"This service costs $603.01 as standard price when patient does not have any insurance.
Same service costs $328.81 if patient has 'Highmark Commercial PROF' insurance plan.",Regional Medical Center,hospital4,19102,Philadelphia,PA,39.9507,-75.1628
ACETYLCYSTEINE NON-COMP UNIT,J7608,INPATIENT,603.01,Highmark,Highmark Commercial PROF,328.81,"This service costs $603.01 as standard price when patient does not have any insurance.
Same service costs $328.81 if patient has 'Highmark Commercial PROF' insurance plan.",Regional Medical Center,hospital4,19102,Philadelphia,PA,39.9507,-75.1628
ACETYLCYSTEINE NON-COMP UNIT,J7608,OUTPATIENT,603.01,Highmark,Highmark Medicare,346.55,"This service costs $603.01 as standard price when patient does not have any insurance.
Same service costs $346.55 if patient has 'Highmark Medicare' insurance plan.",Regional Medical Center,hospital4,19102,Philadelphia,PA,39.9507,-75.1628
ACETYLCYSTEINE NON-COMP UNIT,J7608,INPATIENT,603.01,Highmark,Highmark Medicare,346.55,"This service costs $603.01 as standard price when patient does not have any insurance.
Same service costs $346.55 if patient has 'Highmark Medicare' insurance plan.",Regional Medical Center,hospital4,19102,Philadelphia,PA,39.9507,-75.1628
ACETYLCYSTEINE NON-COMP UNIT,J7608,OUTPATIENT,603.01,Highmark,Highmark ACA Products PROF,535.35,"This service costs $603.01 as standard price when patient does not have any insurance.
Same service costs $535.35 if patient has 'Highmark ACA Products PROF' insurance plan.",Regional Medical Center,hospital4,19102,Philadelphia,PA,39.9507,-75.1628
ACETYLCYSTEINE NON-COMP UNIT,J7608,INPATIENT,603.01,Highmark,Highmark ACA Products PROF,535.35,"This service costs $603.01 as standard price when patient does not have any insurance.
Same service costs $535.35 if patient has 'Highmark ACA Products PROF' insurance plan.",Regional Medical Center,hospital4,19102,Philadelphia,PA,39.9507,-75.1628
ACETYLCYSTEINE NON-COMP UNIT,J7608,OUTPATIENT,603.01,,,,Standard charge with no insurance.,Regional Medical Center,hospital4,19102,Philadelphia,PA,39.9507,-75.1628
ACETYLCYSTEINE NON-COMP UNIT,J7608,INPATIENT,603.01,,,,Standard charge with no insurance.,Regional Medical Center,hospital4,19102,Philadelphia,PA,39.9507,-75.1628
1 CC STERILE SYRINGE&NEEDLE,A4206,INPATIENT,1218.1,Aetna,Aetna Medicare,768.42,"This service costs $1218.1 as standard price when patient does not have any insurance.
Same service costs $768.42 if patient has 'Aetna Medicare' insurance plan.",Regional Medical Center,hospital4,19102,Philadelphia,PA,39.9507,-75.1628
1 CC STERILE SYRINGE&NEEDLE,A4206,OUTPATIENT,1218.1,Aetna,Aetna Medicare,768.42,"This service costs $1218.1 as standard price when patient does not have any insurance.
Same service costs $768.42 if patient has 'Aetna Medicare' insurance plan.",Regional Medical Center,hospital4,19102,Philadelphia,PA,39.9507,-75.1628
1 CC STERILE SYRINGE&NEEDLE,A4206,INPATIENT,1218.1,Aetna,Aetna Commercial,778.34,"This service costs $1218.1 as standard price when patient does not have any insurance.
Same service costs $778.34 if patient has 'Aetna Commercial' insurance plan.",Regional Medical Center,hospital4,19102,Philadelphia,PA,39.9507,-75.1628
1 CC STERILE SYRINGE&NEEDLE,A4206,OUTPATIENT,1218.1,Aetna,Aetna Commercial,778.34,"This service costs $1218.1 as standard price when patient does not have any insurance.
Same service costs $778.34 if patient has 'Aetna Commercial' insurance plan.",Regional Medical Center,hospital4,19102,Philadelphia,PA,39.9507,-75.1628
1 CC STERILE SYRINGE&NEEDLE,A4206,INPATIENT,1218.1,Aetna,Aetna Medicaid CHIP,614.81,"This service costs $1218.1 as standard price when patient does not have any insurance.
Same service costs $614.81 if patient has 'Aetna Medicaid CHIP' insurance plan.",Regional Medical Center,hospital4,19102,Philadelphia,PA,39.9507,-75.1628
1 CC STERILE SYRINGE&NEEDLE,A4206,OUTPATIENT,1218.1,Aetna,Aetna Medicaid CHIP,614.81,"This service costs $1218.1 as standard price when patient does not have any insurance.
Same service costs $614.81 if patient has 'Aetna Medicaid CHIP' insurance plan.",Regional Medical Center,hospital4,19102,Philadelphia,PA,39.9507,-75.1628
1 CC STERILE SYRINGE&NEEDLE,A4206,INPATIENT,1218.1,,,,Standard charge with no insurance.,Regional Medical Center,hospital4,19102,Philadelphia,PA,39.9507,-75.1628
1 CC STERILE SYRINGE&NEEDLE,A4206,OUTPATIENT,1218.1,,,,Standard charge with no insurance.,Regional Medical Center,hospital4,19102,Philadelphia,PA,39.9507,-75.1628
1 CC STERILE SYRINGE&NEEDLE,A4206,INPATIENT,1218.1,United Healthcare,United Healthcare Commercial,801.99,"This service costs $1218.1 as standard price when patient does not have any insurance.
Same service costs $801.99 if patient has 'United Healthcare Commercial' insurance plan.",Regional Medical Center,hospital4,19102,Philadelphia,PA,39.9507,-75.1628
1 CC STERILE SYRINGE&NEEDLE,A4206,OUTPATIENT,1218.1,United Healthcare,United Healthcare Commercial,801.99,"This service costs $1218.1 as standard price when patient does not have any insurance.
Same service costs $801.99 if patient has 'United Healthcare Commercial' insurance plan.",Regional Medical Center,hospital4,19102,Philadelphia,PA,39.9507,-75.1628
1 CC STERILE SYRINGE&NEEDLE,A4206,INPATIENT,1218.1,United Healthcare,United Healthcare Medicaid,734.42,"This service costs $1218.1 as standard price when patient does not have any insurance.
Same service costs $734.42 if patient has 'United Healthcare Medicaid' insurance plan.",Regional Medical Center,hospital4,19102,Philadelphia,PA,39.9507,-75.1628
1 CC STERILE SYRINGE&NEEDLE,A4206,OUTPATIENT,1218.1,United Healthcare,United Healthcare Medicaid,734.42,"This service costs $1218.1 as standard price when patient does not have any insurance.
Same service costs $734.42 if patient has 'United Healthcare Medicaid' insurance plan.",Regional Medical Center,hospital4,19102,Philadelphia,PA,39.9507,-75.1628
1 CC STERILE SYRINGE&NEEDLE,A4206,INPATIENT,1218.1,,,,Standard charge with no insurance.,Regional Medical Center,hospital4,19102,Philadelphia,PA,39.9507,-75.1628
1 CC STERILE SYRINGE&NEEDLE,A4206,OUTPATIENT,1218.1,,,,Standard charge with no insurance.,Regional Medical Center,hospital4,19102,Philadelphia,PA,39.9507,-75.1628
2D ECHO,93306,OUTPATIENT,205.21,Amerihealth,Amerihealth Medicare,188.2,"This service costs $205.21 as standard price when patient does not have any insurance.
Same service costs $188.2 if patient has 'Amerihealth Medicare' insurance plan.",Regional Medical Center,hospital4,19102,Philadelphia,PA,39.9507,-75.1628
2D ECHO,93306,OUTPATIENT,205.21,Amerihealth,Amerihealth Medicaid HC,133.58,"This service costs $205.21 as standard price when patient does not have any insurance.
Same service costs $133.58 if patient has 'Amerihealth Medicaid HC' insurance plan.",Regional Medical Center,hospital4,19102,Philadelphia,PA,39.9507,-75.1628
2D ECHO,93306,OUTPATIENT,205.21,,,,Standard charge with no insurance.,Regional Medical Center,hospital4,19102,Philadelphia,PA,39.9507,-75.1628
2D ECHO,93306,OUTPATIENT,205.21,Humana,Humana Medicare PPO,190.99,"This service costs $205.21 as standard price when patient does not have any insurance.
Same service costs $190.99 if patient has 'Humana Medicare PPO' insurance plan.",Regional Medical Center,hospital4,19102,Philadelphia,PA,39.9507,-75.1628
2D ECHO,93306,OUTPATIENT,205.21,Humana,Humana Commercial,170.92,"This service costs $205.21 as standard price when patient does not have any insurance.
Same service costs $170.92 if patient has 'Humana Commercial' insurance plan.",Regional Medical Center,hospital4,19102,Philadelphia,PA,39.9507,-75.1628
2D ECHO,93306,OUTPATIENT,205.21,,,,Standard charge with no insurance.,Regional Medical Center,hospital4,19102,Philadelphia,PA,39.9507,-75.1628
CHEST X-RAY,71045,BOTH,998.95,,,,"Only standard charge and no price with insurance – meaning this service is provided by the hospital directly, and not through any insurance.",Regional Medical Center,hospital4,19102,Philadelphia,PA,39.9507,-75.1628
BASIC METABOLIC PANEL,80048,BOTH,32.89,Aetna,Aetna Medicaid CHIP,28.29,"This service costs $32.89 as standard price when patient does not have any insurance.
Same service costs $28.29 if patient has 'Aetna Medicaid CHIP' insurance plan.",Regional Medical Center,hospital4,19102,Philadelphia,PA,39.9507,-75.1628
BASIC METABOLIC PANEL,80048,BOTH,32.89,,,,Standard charge with no insurance.,Regional Medical Center,hospital4,19102,Philadelphia,PA,39.9507,-75.1628
BASIC METABOLIC PANEL,80048,BOTH,32.89,United Healthcare,United Healthcare Commercial,21.63,"This service costs $32.89 as standard price when patient does not have any insurance.
Same service costs $21.63 if patient has 'United Healthcare Commercial' insurance plan.",Regional Medical Center,hospital4,19102,Philadelphia,PA,39.9507,-75.1628
BASIC METABOLIC PANEL,80048,BOTH,32.89,United Healthcare,United Healthcare Medicaid,19.04,"This service costs $32.89 as standard price when patient does not have any insurance.
Same service costs $19.04 if patient has 'United Healthcare Medicaid' insurance plan.",Regional Medical Center,hospital4,19102,Philadelphia,PA,39.9507,-75.1628
BASIC METABOLIC PANEL,80048,BOTH,32.89,United Healthcare,United Healthcare CHIP,28.97,"This service costs $32.89 as standard price when patient does not have any insurance.
Same service costs $28.97 if patient has 'United Healthcare CHIP' insurance plan.",Regional Medical Center,hospital4,19102,Philadelphia,PA,39.9507,-75.1628
BASIC METABOLIC PANEL,80048,BOTH,32.89,,,,Standard charge with no insurance.,Regional Medical Center,hospital4,19102,Philadelphia,PA,39.9507,-75.1628
BASIC METABOLIC PANEL,80048,BOTH,426.59,Aetna,Aetna Commercial,243.34,"This service costs $426.59 as standard price when patient does not have any insurance.
Same service costs $243.34 if patient has 'Aetna Commercial' insurance plan.",Regional Medical Center,hospital4,19102,Philadelphia,PA,39.9507,-75.1628
BASIC METABOLIC PANEL,80048,BOTH,426.59,Aetna,Aetna Medicaid CHIP,267.71,"This service costs $426.59 as standard price when patient does not have any insurance.
Same service costs $267.71 if patient has 'Aetna Medicaid CHIP' insurance plan.",Regional Medical Center,hospital4,19102,Philadelphia,PA,39.9507,-75.1628
BASIC METABOLIC PANEL,80048,BOTH,426.59,,,,Standard charge with no insurance.,Regional Medical Center,hospital4,19102,Philadelphia,PA,39.9507,-75.1628
BASIC METABOLIC PANEL,80048,BOTH,426.59,Humana,Humana Commercial,370.23,"This service costs $426.59 as standard price when patient does not have any insurance.
Same service costs $370.23 if patient has 'Humana Commercial' insurance plan.",Regional Medical Center,hospital4,19102,Philadelphia,PA,39.9507,-75.1628
BASIC METABOLIC PANEL,80048,BOTH,426.59,,,,Standard charge with no insurance.,Regional Medical Center,hospital4,19102,Philadelphia,PA,39.9507,-75.1628
BASIC METABOLIC PANEL,80048,BOTH,1542.08,,,,"Only standard charge and no price with insurance – meaning this service is provided by the hospital directly, and not through any insurance.",Regional Medical Center,hospital4,19102,Philadelphia,PA,39.9507,-75.1628
TRILOCK SCAPHOID PLATE,C1713,BOTH,1084.15,,,,"Only standard charge and no price with insurance – meaning this service is provided by the hospital directly, and not through any insurance.",Regional Medical Center,hospital4,19102,Philadelphia,PA,39.9507,-75.1628
2D ECHO,93306,OUTPATIENT,1733.97,,,,"Only standard charge and no price with insurance – meaning this service is provided by the hospital directly, and not through any insurance.",Regional Medical Center,hospital4,19102,Philadelphia,PA,39.9507,-75.1628
COMPLETE BLOOD COUNT,85025,BOTH,1788.11,United Healthcare,United Healthcare CHIP,1500.52,"This service costs $1788.11 as standard price when patient does not have any insurance.
Same service costs $1500.52 if patient has 'United Healthcare CHIP' insurance plan.",Regional Medical Center,hospital4,19102,Philadelphia,PA,39.9507,-75.1628
COMPLETE BLOOD COUNT,85025,BOTH,1788.11,United Healthcare,United Healthcare Commercial,962.91,"This service costs $1788.11 as standard price when patient does not have any insurance.
Same service costs $962.91 if patient has 'United Healthcare Commercial' insurance plan.",Regional Medical Center,hospital4,19102,Philadelphia,PA,39.9507,-75.1628
COMPLETE BLOOD COUNT,85025,BOTH,1788.11,United Healthcare,United Healthcare Medicaid,983.79,"This service costs $1788.11 as standard price when patient does not have any insurance.
Same service costs $983.79 if patient has 'United Healthcare Medicaid' insurance plan.",Regional Medical Center,hospital4,19102,Philadelphia,PA,39.9507,-75.1628
COMPLETE BLOOD COUNT,85025,BOTH,1788.11,,,,Standard charge with no insurance.,Regional Medical Center,hospital4,19102,Philadelphia,PA,39.9507,-75.1628
1 CC STERILE SYRINGE&NEEDLE,A4206,INPATIENT,213.51,,,,"Only standard charge and no price with insurance – meaning this service is provided by the hospital directly, and not through any insurance.",Regional Medical Center,hospital4,19102,Philadelphia,PA,39.9507,-75.1628
1 CC STERILE SYRINGE&NEEDLE,A4206,OUTPATIENT,213.51,,,,"Only standard charge and no price with insurance – meaning this service is provided by the hospital directly, and not through any insurance.",Regional Medical Center,hospital4,19102,Philadelphia,PA,39.9507,-75.1628
TRILOCK GRIDPL,C1713,BOTH,1711.86,Amerihealth,Amerihealth Commercial,1401.46,"This service costs $1711.86 as standard price when patient does not have any insurance.
Same service costs $1401.46 if patient has 'Amerihealth Commercial' insurance plan.",Regional Medical Center,hospital4,19102,Philadelphia,PA,39.9507,-75.1628
TRILOCK GRIDPL,C1713,BOTH,1711.86,Amerihealth,Amerihealth Medicare,1469.43,"This service costs $1711.86 as standard price when patient does not have any insurance.
Same service costs $1469.43 if patient has 'Amerihealth Medicare' insurance plan.",Regional Medical Center,hospital4,19102,Philadelphia,PA,39.9507,-75.1628
TRILOCK GRIDPL,C1713,BOTH,1711.86,,,,Standard charge with no insurance.,Regional Medical Center,hospital4,19102,Philadelphia,PA,39.9507,-75.1628
TRILOCK GRIDPL,C1713,BOTH,1711.86,Aetna,Aetna Medicare,1496.64,"This service costs $1711.86 as standard price when patient does not have any insurance.
Same service costs $1496.64 if patient has 'Aetna Medicare' insurance plan.",Regional Medical Center,hospital4,19102,Philadelphia,PA,39.9507,-75.1628
TRILOCK GRIDPL,C1713,BOTH,1711.86,Aetna,Aetna Commercial,910.24,"This service costs $1711.86 as standard price when patient does not have any insurance.
Same service costs $910.24 if patient has 'Aetna Commercial' insurance plan.",Regional Medical Center,hospital4,19102,Philadelphia,PA,39.9507,-75.1628
TRILOCK GRIDPL,C1713,BOTH,1711.86,Aetna,Aetna Medicaid CHIP,987.83,"This service costs $1711.86 as standard price when patient does not have any insurance.
Same service costs $987.83 if patient has 'Aetna Medicaid CHIP' insurance plan.",Regional Medical Center,hospital4,19102,Philadelphia,PA,39.9507,-75.1628
TRILOCK GRIDPL,C1713,BOTH,1711.86,,,,Standard charge with no insurance.,Regional Medical Center,hospital4,19102,Philadelphia,PA,39.9507,-75.1628
COMPLETE BLOOD COUNT,85025,BOTH,1469.46,,,,"Only standard charge and no price with insurance – meaning this service is provided by the hospital directly, and not through any insurance.",Regional Medical Center,hospital4,19102,Philadelphia,PA,39.9507,-75.1628
COMPLETE BLOOD COUNT,85025,BOTH,1810.55,Aetna,Aetna Medicare,913.38,"This service costs $1810.55 as standard price when patient does not have any insurance.
Same service costs $913.38 if patient has 'Aetna Medicare' insurance plan.",Regional Medical Center,hospital4,19102,Philadelphia,PA,39.9507,-75.1628
COMPLETE BLOOD COUNT,85025,BOTH,1810.55,Aetna,Aetna Commercial,1585.96,"This service costs $1810.55 as standard price when patient does not have any insurance.
Same service costs $1585.96 if patient has 'Aetna Commercial' insurance plan.",Regional Medical Center,hospital4,19102,Philadelphia,PA,39.9507,-75.1628
COMPLETE BLOOD COUNT,85025,BOTH,1810.55,,,,Standard charge with no insurance.,Regional Medical Center,hospital4,19102,Philadelphia,PA,39.9507,-75.1628
TRILOCK GRIDPL,C1713,BOTH,1691.37,,,,"Only standard charge and no price with insurance – meaning this service is provided by the hospital directly, and not through any insurance.",Regional Medical Center,hospital4,19102,Philadelphia,PA,39.9507,-75.1628
2D ECHO,93306,OUTPATIENT,811.7,Amerihealth,Amerihealth Medicaid HC,730.06,"This service costs $811.7 as standard price when patient does not have any insurance.
Same service costs $730.06 if patient has 'Amerihealth Medicaid HC' insurance plan.",Regional Medical Center,hospital4,19102,Philadelphia,PA,39.9507,-75.1628
2D ECHO,93306,OUTPATIENT,811.7,Amerihealth,Amerihealth Commercial,564.21,"This service costs $811.7 as standard price when patient does not have any insurance.
Same service costs $564.21 if patient has 'Amerihealth Commercial' insurance plan.",Regional Medical Center,hospital4,19102,Philadelphia,PA,39.9507,-75.1628
2D ECHO,93306,OUTPATIENT,811.7,Amerihealth,Amerihealth Medicare,587.42,"This service costs $811.7 as standard price when patient does not have any insurance.
Same service costs $587.42 if patient has 'Amerihealth Medicare' insurance plan.",Regional Medical Center,hospital4,19102,Philadelphia,PA,39.9507,-75.1628
2D ECHO,93306,OUTPATIENT,811.7,,,,Standard charge with no insurance.,Regional Medical Center,hospital4,19102,Philadelphia,PA,39.9507,-75.1628
2D ECHO,93306,OUTPATIENT,1495.75,Aetna,Aetna Commercial,1147.75,"This service costs $1495.75 as standard price when patient does not have any insurance.
Same service costs $1147.75 if patient has 'Aetna Commercial' insurance plan.",Regional Medical Center,hospital4,19102,Philadelphia,PA,39.9507,-75.1628
2D ECHO,93306,OUTPATIENT,1495.75,Aetna,Aetna Medicaid CHIP,1052.78,"This service costs $1495.75 as standard price when patient does not have any insurance.
Same service costs $1052.78 if patient has 'Aetna Medicaid CHIP' insurance plan.",Regional Medical Center,hospital4,19102,Philadelphia,PA,39.9507,-75.1628
2D ECHO,93306,OUTPATIENT,1495.75,,,,Standard charge with no insurance.,Regional Medical Center,hospital4,19102,Philadelphia,PA,39.9507,-75.1628
CHEST X-RAY,71045,BOTH,1882.62,Aetna,Aetna Commercial,1116.07,"This service costs $1882.62 as standard price when patient does not have any insurance.
Same service costs $1116.07 if patient has 'Aetna Commercial' insurance plan.",Regional Medical Center,hospital4,19102,Philadelphia,PA,39.9507,-75.1628
CHEST X-RAY,71045,BOTH,1882.62,Aetna,Aetna Medicaid CHIP,1231.04,"This service costs $1882.62 as standard price when patient does not have any insurance.
Same service costs $1231.04 if patient has 'Aetna Medicaid CHIP' insurance plan.",Regional Medical Center,hospital4,19102,Philadelphia,PA,39.9507,-75.1628
CHEST X-RAY,71045,BOTH,1882.62,Aetna,Aetna Medicare,1386.42,"This service costs $1882.62 as standard price when patient does not have any insurance.
Same service costs $1386.42 if patient has 'Aetna Medicare' insurance plan.",Regional Medical Center,hospital4,19102,Philadelphia,PA,39.9507,-75.1628
CHEST X-RAY,71045,BOTH,1882.62,,,,Standard charge with no insurance.,Regional Medical Center,hospital4,19102,Philadelphia,PA,39.9507,-75.1628
CHEST X-RAY,71045,BOTH,1882.62,Amerihealth,Amerihealth Commercial,1226.93,"This service costs $1882.62 as standard price when patient does not have any insurance.
Same service costs $1226.93 if patient has 'Amerihealth Commercial' insurance plan.",Regional Medical Center,hospital4,19102,Philadelphia,PA,39.9507,-75.1628
CHEST X-RAY,71045,BOTH,1882.62,,,,Standard charge with no insurance.,Regional Medical Center,hospital4,19102,Philadelphia,PA,39.9507,-75.1628
BASIC METABOLIC PANEL,80048,BOTH,1051.78,Aetna,Aetna Medicare,784.67,"This service costs $1051.78 as standard price when patient does not have any insurance.
Same service costs $784.67 if patient has 'Aetna Medicare' insurance plan.",Regional Medical Center,hospital4,19102,Philadelphia,PA,39.9507,-75.1628
BASIC METABOLIC PANEL,80048,BOTH,1051.78,,,,Standard charge with no insurance.,Regional Medical Center,hospital4,19102,Philadelphia,PA,39.9507,-75.1628
COMPLETE BLOOD COUNT,85025,BOTH,513.78,Aetna,Aetna Commercial,373.36,"This service costs $513.78 as standard price when patient does not have any insurance.
Same service costs $373.36 if patient has 'Aetna Commercial' insurance plan.",Regional Medical Center,hospital4,19102,Philadelphia,PA,39.9507,-75.1628
COMPLETE BLOOD COUNT,85025,BOTH,513.78,Aetna,Aetna Medicaid CHIP,325.82,"This service costs $513.78 as standard price when patient does not have any insurance.
Same service costs $325.82 if patient has 'Aetna Medicaid CHIP' insurance plan.",Regional Medical Center,hospital4,19102,Philadelphia,PA,39.9507,-75.1628
COMPLETE BLOOD COUNT,85025,BOTH,513.78,Aetna,Aetna Medicare,316.88,"This service costs $513.78 as standard price when patient does not have any insurance.
Same service costs $316.88 if patient has 'Aetna Medicare' insurance plan.",Regional Medical Center,hospital4,19102,Philadelphia,PA,39.9507,-75.1628
COMPLETE BLOOD COUNT,85025,BOTH,513.78,,,,Standard charge with no insurance.,Regional Medical Center,hospital4,19102,Philadelphia,PA,39.9507,-75.1628
COMPLETE BLOOD COUNT,85025,BOTH,513.78,United Healthcare,United Healthcare Commercial,293.2,"This service costs $513.78 as standard price when patient does not have any insurance.
Same service costs $293.2 if patient has 'United Healthcare Commercial' insurance plan.",Regional Medical Center,hospital4,19102,Philadelphia,PA,39.9507,-75.1628
COMPLETE BLOOD COUNT,85025,BOTH,513.78,,,,Standard charge with no insurance.,Regional Medical Center,hospital4,19102,Philadelphia,PA,39.9507,-75.1628
TRILOCK SCAPHOID PLATE,C1713,BOTH,1732.4,,,,"Only standard charge and no price with insurance – meaning this service is provided by the hospital directly, and not through any insurance.",Regional Medical Center,hospital4,19102,Philadelphia,PA,39.9507,-75.1628
2D ECHO,93306,OUTPATIENT,1926.85,,,,"Only standard charge and no price with insurance – meaning this service is provided by the hospital directly, and not through any insurance.",Regional Medical Center,hospital4,19102,Philadelphia,PA,39.9507,-75.1628
CHEST X-RAY,71045,BOTH,553.09,,,,"Only standard charge and no price with insurance – meaning this service is provided by the hospital directly, and not through any insurance.",Regional Medical Center,hospital4,19102,Philadelphia,PA,39.9507,-75.1628
TRILOCK SCAPHOID PLATE,C1713,BOTH,941.1,Humana,Humana Medicare PPO,759.32,"This service costs $941.1 as standard price when patient does not have any insurance.
Same service costs $759.32 if patient has 'Humana Medicare PPO' insurance plan.",Regional Medical Center,hospital4,19102,Philadelphia,PA,39.9507,-75.1628
TRILOCK SCAPHOID PLATE,C1713,BOTH,941.1,Humana,Humana Medicare HMO,811.59,"This service costs $941.1 as standard price when patient does not have any insurance.
Same service costs $811.59 if patient has 'Humana Medicare HMO' insurance plan.",Regional Medical Center,hospital4,19102,Philadelphia,PA,39.9507,-75.1628
TRILOCK SCAPHOID PLATE,C1713,BOTH,941.1,,,,Standard charge with no insurance.,Regional Medical Center,hospital4,19102,Philadelphia,PA,39.9507,-75.1628
TRILOCK SCAPHOID PLATE,C1713,BOTH,941.1,Amerihealth,Amerihealth Medicare,517.17,"This service costs $941.1 as standard price when patient does not have any insurance.
Same service costs $517.17 if patient has 'Amerihealth Medicare' insurance plan.",Regional Medical Center,hospital4,19102,Philadelphia,PA,39.9507,-75.1628
TRILOCK SCAPHOID PLATE,C1713,BOTH,941.1,Amerihealth,Amerihealth Commercial,801.82,"This service costs $941.1 as standard price when patient does not have any insurance.
Same service costs $801.82 if patient has 'Amerihealth Commercial' insurance plan.",Regional Medical Center,hospital4,19102,Philadelphia,PA,39.9507,-75.1628
TRILOCK SCAPHOID PLATE,C1713,BOTH,941.1,,,,Standard charge with no insurance.,Regional Medical Center,hospital4,19102,Philadelphia,PA,39.9507,-75.1628
TRILOCK SCAPHOID PLATE,C1713,BOTH,839.6,Highmark,Highmark ACA Products PROF,422.14,"This service costs $839.6 as standard price when patient does not have any insurance.
Same service costs $422.14 if patient has 'Highmark ACA Products PROF' insurance plan.",Regional Medical Center,hospital4,19102,Philadelphia,PA,39.9507,-75.1628
TRILOCK SCAPHOID PLATE,C1713,BOTH,839.6,Highmark,Highmark Medicare,784.73,"This service costs $839.6 as standard price when patient does not have any insurance.
Same service costs $784.73 if patient has 'Highmark Medicare' insurance plan.",Regional Medical Center,hospital4,19102,Philadelphia,PA,39.9507,-75.1628
TRILOCK SCAPHOID PLATE,C1713,BOTH,839.6,,,,Standard charge with no insurance.,Regional Medical Center,hospital4,19102,Philadelphia,PA,39.9507,-75.1628
TRILOCK SCAPHOID PLATE,C1713,BOTH,839.6,Humana,Humana Commercial,603.96,"This service costs $839.6 as standard price when patient does not have any insurance.
Same service costs $603.96 if patient has 'Humana Commercial' insurance plan.",Regional Medical Center,hospital4,19102,Philadelphia,PA,39.9507,-75.1628
TRILOCK SCAPHOID PLATE,C1713,BOTH,839.6,Humana,Humana Medicare PPO,697.31,"This service costs $839.6 as standard price when patient does not have any insurance.
Same service costs $697.31 if patient has 'Humana Medicare PPO' insurance plan.",Regional Medical Center,hospital4,19102,Philadelphia,PA,39.9507,-75.1628
TRILOCK SCAPHOID PLATE,C1713,BOTH,839.6,,,,Standard charge with no insurance.,Regional Medical Center,hospital4,19102,Philadelphia,PA,39.9507,-75.1628
TRILOCK SCAPHOID PLATE,C1713,BOTH,839.6,United Healthcare,United Healthcare Commercial,632.03,"This service costs $839.6 as standard price when patient does not have any insurance.
Same service costs $632.03 if patient has 'United Healthcare Commercial' insurance plan.",Regional Medical Center,hospital4,19102,Philadelphia,PA,39.9507,-75.1628
TRILOCK SCAPHOID PLATE,C1713,BOTH,839.6,United Healthcare,United Healthcare CHIP,748.82,"This service costs $839.6 as standard price when patient does not have any insurance.
Same service costs $748.82 if patient has 'United Healthcare CHIP' insurance plan.",Regional Medical Center,hospital4,19102,Philadelphia,PA,39.9507,-75.1628
TRILOCK SCAPHOID PLATE,C1713,BOTH,839.6,,,,Standard charge with no insurance.,Regional Medical Center,hospital4,19102,Philadelphia,PA,39.9507,-75.1628
CHEST X-RAY,71045,BOTH,1023.35,Aetna,Aetna Medicare,801.0,"This service costs $1023.35 as standard price when patient does not have any insurance.
Same service costs $801.0 if patient has 'Aetna Medicare' insurance plan.",Regional Medical Center,hospital4,19102,Philadelphia,PA,39.9507,-75.1628
CHEST X-RAY,71045,BOTH,1023.35,,,,Standard charge with no insurance.,Regional Medical Center,hospital4,19102,Philadelphia,PA,39.9507,-75.1628
TRILOCK GRIDPL,C1713,BOTH,1457.2,United Healthcare,United Healthcare Medicaid,1000.27,"This service costs $1457.2 as standard price when patient does not have any insurance.
Same service costs $1000.27 if patient has 'United Healthcare Medicaid' insurance plan.",Regional Medical Center,hospital4,19102,Philadelphia,PA,39.9507,-75.1628
TRILOCK GRIDPL,C1713,BOTH,1457.2,United Healthcare,United Healthcare CHIP,1250.72,"This service costs $1457.2 as standard price when patient does not have any insurance.
Same service costs $1250.72 if patient has 'United Healthcare CHIP' insurance plan.",Regional Medical Center,hospital4,19102,Philadelphia,PA,39.9507,-75.1628
TRILOCK GRIDPL,C1713,BOTH,1457.2,,,,Standard charge with no insurance.,Regional Medical Center,hospital4,19102,Philadelphia,PA,39.9507,-75.1628
TRILOCK GRIDPL,C1713,BOTH,1457.2,Humana,Humana Commercial,1295.63,"This service costs $1457.2 as standard price when patient does not have any insurance.
Same service costs $1295.63 if patient has 'Humana Commercial' insurance plan.",Regional Medical Center,hospital4,19102,Philadelphia,PA,39.9507,-75.1628
TRILOCK GRIDPL,C1713,BOTH,1457.2,,,,Standard charge with no insurance.,Regional Medical Center,hospital4,19102,Philadelphia,PA,39.9507,-75.1628
1 CC STERILE SYRINGE&NEEDLE,A4206,INPATIENT,1296.64,United Healthcare,United Healthcare CHIP,1205.27,"This service costs $1296.64 as standard price when patient does not have any insurance.
Same service costs $1205.27 if patient has 'United Healthcare CHIP' insurance plan.",Regional Medical Center,hospital4,19102,Philadelphia,PA,39.9507,-75.1628
1 CC STERILE SYRINGE&NEEDLE,A4206,OUTPATIENT,1296.64,United Healthcare,United Healthcare CHIP,1205.27,"This service costs $1296.64 as standard price when patient does not have any insurance.
Same service costs $1205.27 if patient has 'United Healthcare CHIP' insurance plan.",Regional Medical Center,hospital4,19102,Philadelphia,PA,39.9507,-75.1628
1 CC STERILE SYRINGE&NEEDLE,A4206,INPATIENT,1296.64,,,,Standard charge with no insurance.,Regional Medical Center,hospital4,19102,Philadelphia,PA,39.9507,-75.1628
1 CC STERILE SYRINGE&NEEDLE,A4206,OUTPATIENT,1296.64,,,,Standard charge with no insurance.,Regional Medical Center,hospital4,19102,Philadelphia,PA,39.9507,-75.1628
1 CC STERILE SYRINGE&NEEDLE,A4206,INPATIENT,1296.64,Amerihealth,Amerihealth Commercial,771.41,"This service costs $1296.64 as standard price when patient does not have any insurance.
Same service costs $771.41 if patient has 'Amerihealth Commercial' insurance plan.",Regional Medical Center,hospital4,19102,Philadelphia,PA,39.9507,-75.1628
1 CC STERILE SYRINGE&NEEDLE,A4206,OUTPATIENT,1296.64,Amerihealth,Amerihealth Commercial,771.41,"This service costs $1296.64 as standard price when patient does not have any insurance.
Same service costs $771.41 if patient has 'Amerihealth Commercial' insurance plan.",Regional Medical Center,hospital4,19102,Philadelphia,PA,39.9507,-75.1628
1 CC STERILE SYRINGE&NEEDLE,A4206,INPATIENT,1296.64,Amerihealth,Amerihealth Medicare,903.48,"This service costs $1296.64 as standard price when patient does not have any insurance.
Same service costs $903.48 if patient has 'Amerihealth Medicare' insurance plan.",Regional Medical Center,hospital4,19102,Philadelphia,PA,39.9507,-75.1628
1 CC STERILE SYRINGE&NEEDLE,A4206,OUTPATIENT,1296.64,Amerihealth,Amerihealth Medicare,903.48,"This service costs $1296.64 as standard price when patient does not have any insurance.
Same service costs $903.48 if patient has 'Amerihealth Medicare' insurance plan.",Regional Medical Center,hospital4,19102,Philadelphia,PA,39.9507,-75.1628
1 CC STERILE SYRINGE&NEEDLE,A4206,INPATIENT,1296.64,Amerihealth,Amerihealth Medicaid HC,1096.37,"This service costs $1296.64 as standard price when patient does not have any insurance.
Same service costs $1096.37 if patient has 'Amerihealth Medicaid HC' insurance plan.",Regional Medical Center,hospital4,19102,Philadelphia,PA,39.9507,-75.1628
1 CC STERILE SYRINGE&NEEDLE,A4206,OUTPATIENT,1296.64,Amerihealth,Amerihealth Medicaid HC,1096.37,"This service costs $1296.64 as standard price when patient does not have any insurance.
Same service costs $1096.37 if patient has 'Amerihealth Medicaid HC' insurance plan.",Regional Medical Center,hospital4,19102,Philadelphia,PA,39.9507,-75.1628
1 CC STERILE SYRINGE&NEEDLE,A4206,INPATIENT,1296.64,,,,Standard charge with no insurance.,Regional Medical Center,hospital4,19102,Philadelphia,PA,39.9507,-75.1628
1 CC STERILE SYRINGE&NEEDLE,A4206,OUTPATIENT,1296.64,,,,Standard charge with no insurance.,Regional Medical Center,hospital4,19102,Philadelphia,PA,39.9507,-75.1628
CHG MRI BRAIN,70551,OUTPATIENT,557.67,,,,"Only standard charge and no price with insurance – meaning this service is provided by the hospital directly, and not through any insurance.",Regional Medical Center,hospital4,19102,Philadelphia,PA,39.9507,-75.1628
1 CC STERILE SYRINGE&NEEDLE,A4206,INPATIENT,418.74,Aetna,Aetna Medicare,301.09,"This service costs $418.74 as standard price when patient does not have any insurance.
Same service costs $301.09 if patient has 'Aetna Medicare' insurance plan.",Regional Medical Center,hospital4,19102,Philadelphia,PA,39.9507,-75.1628
1 CC STERILE SYRINGE&NEEDLE,A4206,OUTPATIENT,418.74,Aetna,Aetna Medicare,301.09,"This service costs $418.74 as standard price when patient does not have any insurance.
Same service costs $301.09 if patient has 'Aetna Medicare' insurance plan.",Regional Medical Center,hospital4,19102,Philadelphia,PA,39.9507,-75.1628
1 CC STERILE SYRINGE&NEEDLE,A4206,INPATIENT,418.74,,,,Standard charge with no insurance.,Regional Medical Center,hospital4,19102,Philadelphia,PA,39.9507,-75.1628
1 CC STERILE SYRINGE&NEEDLE,A4206,OUTPATIENT,418.74,,,,Standard charge with no insurance.,Regional Medical Center,hospital4,19102,Philadelphia,PA,39.9507,-75.1628
1 CC STERILE SYRINGE&NEEDLE,A4206,INPATIENT,418.74,Humana,Humana Medicare PPO,393.9,"This service costs $418.74 as standard price when patient does not have any insurance.
Same service costs $393.9 if patient has 'Humana Medicare PPO' insurance plan.",Regional Medical Center,hospital4,19102,Philadelphia,PA,39.9507,-75.1628
1 CC STERILE SYRINGE&NEEDLE,A4206,OUTPATIENT,418.74,Humana,Humana Medicare PPO,393.9,"This service costs $418.74 as standard price when patient does not have any insurance.
Same service costs $393.9 if patient has 'Humana Medicare PPO' insurance plan.",Regional Medical Center,hospital4,19102,Philadelphia,PA,39.9507,-75.1628
1 CC STERILE SYRINGE&NEEDLE,A4206,INPATIENT,418.74,,,,Standard charge with no insurance.,Regional Medical Center,hospital4,19102,Philadelphia,PA,39.9507,-75.1628
1 CC STERILE SYRINGE&NEEDLE,A4206,OUTPATIENT,418.74,,,,Standard charge with no insurance.,Regional Medical Center,hospital4,19102,Philadelphia,PA,39.9507,-75.1628
1 CC STERILE SYRINGE&NEEDLE,A4206,INPATIENT,418.74,Highmark,Highmark Medicare,335.05,"This service costs $418.74 as standard price when patient does not have any insurance.
Same service costs $335.05 if patient has 'Highmark Medicare' insurance plan.",Regional Medical Center,hospital4,19102,Philadelphia,PA,39.9507,-75.1628
1 CC STERILE SYRINGE&NEEDLE,A4206,OUTPATIENT,418.74,Highmark,Highmark Medicare,335.05,"This service costs $418.74 as standard price when patient does not have any insurance.
Same service costs $335.05 if patient has 'Highmark Medicare' insurance plan.",Regional Medical Center,hospital4,19102,Philadelphia,PA,39.9507,-75.1628
1 CC STERILE SYRINGE&NEEDLE,A4206,INPATIENT,418.74,Highmark,Highmark Commercial PROF,376.17,"This service costs $418.74 as standard price when patient does not have any insurance.
Same service costs $376.17 if patient has 'Highmark Commercial PROF' insurance plan.",Regional Medical Center,hospital4,19102,Philadelphia,PA,39.9507,-75.1628
1 CC STERILE SYRINGE&NEEDLE,A4206,OUTPATIENT,418.74,Highmark,Highmark Commercial PROF,376.17,"This service costs $418.74 as standard price when patient does not have any insurance.
Same service costs $376.17 if patient has 'Highmark Commercial PROF' insurance plan.",Regional Medical Center,hospital4,19102,Philadelphia,PA,39.9507,-75.1628
1 CC STERILE SYRINGE&NEEDLE,A4206,INPATIENT,418.74,Highmark,Highmark ACA Products PROF,219.96,"This service costs $418.74 as standard price when patient does not have any insurance.
Same service costs $219.96 if patient has 'Highmark ACA Products PROF' insurance plan.",Regional Medical Center,hospital4,19102,Philadelphia,PA,39.9507,-75.1628
1 CC STERILE SYRINGE&NEEDLE,A4206,OUTPATIENT,418.74,Highmark,Highmark ACA Products PROF,219.96,"This service costs $418.74 as standard price when patient does not have any insurance.
Same service costs $219.96 if patient has 'Highmark ACA Products PROF' insurance plan.",Regional Medical Center,hospital4,19102,Philadelphia,PA,39.9507,-75.1628
1 CC STERILE SYRINGE&NEEDLE,A4206,INPATIENT,418.74,,,,Standard charge with no insurance.,Regional Medical Center,hospital4,19102,Philadelphia,PA,39.9507,-75.1628
1 CC STERILE SYRINGE&NEEDLE,A4206,OUTPATIENT,418.74,,,,Standard charge with no insurance.,Regional Medical Center,hospital4,19102,Philadelphia,PA,39.9507,-75.1628
CHEST X-RAY,71045,BOTH,1057.25,Amerihealth,Amerihealth Medicare,842.64,"This service costs $1057.25 as standard price when patient does not have any insurance.
Same service costs $842.64 if patient has 'Amerihealth Medicare' insurance plan.",Regional Medical Center,hospital4,19102,Philadelphia,PA,39.9507,-75.1628
CHEST X-RAY,71045,BOTH,1057.25,,,,Standard charge with no insurance.,Regional Medical Center,hospital4,19102,Philadelphia,PA,39.9507,-75.1628
CHEST X-RAY,71045,BOTH,1057.25,Highmark,Highmark Commercial PROF,586.02,"This service costs $1057.25 as standard price when patient does not have any insurance.
Same service costs $586.02 if patient has 'Highmark Commercial PROF' insurance plan.",Regional Medical Center,hospital4,19102,Philadelphia,PA,39.9507,-75.1628
CHEST X-RAY,71045,BOTH,1057.25,Highmark,Highmark ACA Products PROF,710.63,"This service costs $1057.25 as standard price when patient does not have any insurance.
Same service costs $710.63 if patient has 'Highmark ACA Products PROF' insurance plan.",Regional Medical Center,hospital4,19102,Philadelphia,PA,39.9507,-75.1628
CHEST X-RAY,71045,BOTH,1057.25,,,,Standard charge with no insurance.,Regional Medical Center,hospital4,19102,Philadelphia,PA,39.9507,-75.1628
ACETYLCYSTEINE NON-COMP UNIT,J7608,OUTPATIENT,61.73,Amerihealth,Amerihealth Medicare,50.39,"This service costs $61.73 as standard price when patient does not have any insurance.
Same service costs $50.39 if patient has 'Amerihealth Medicare' insurance plan.",Regional Medical Center,hospital4,19102,Philadelphia,PA,39.9507,-75.1628
ACETYLCYSTEINE NON-COMP UNIT,J7608,INPATIENT,61.73,Amerihealth,Amerihealth Medicare,50.39,"This service costs $61.73 as standard price when patient does not have any insurance.
Same service costs $50.39 if patient has 'Amerihealth Medicare' insurance plan.",Regional Medical Center,hospital4,19102,Philadelphia,PA,39.9507,-75.1628
ACETYLCYSTEINE NON-COMP UNIT,J7608,OUTPATIENT,61.73,Amerihealth,Amerihealth Medicaid HC,39.92,"This service costs $61.73 as standard price when patient does not have any insurance.
Same service costs $39.92 if patient has 'Amerihealth Medicaid HC' insurance plan.",Regional Medical Center,hospital4,19102,Philadelphia,PA,39.9507,-75.1628
ACETYLCYSTEINE NON-COMP UNIT,J7608,INPATIENT,61.73,Amerihealth,Amerihealth Medicaid HC,39.92,"This service costs $61.73 as standard price when patient does not have any insurance.
Same service costs $39.92 if patient has 'Amerihealth Medicaid HC' insurance plan.",Regional Medical Center,hospital4,19102,Philadelphia,PA,39.9507,-75.1628
ACETYLCYSTEINE NON-COMP UNIT,J7608,OUTPATIENT,61.73,,,,Standard charge with no insurance.,Regional Medical Center,hospital4,19102,Philadelphia,PA,39.9507,-75.1628
ACETYLCYSTEINE NON-COMP UNIT,J7608,INPATIENT,61.73,,,,Standard charge with no insurance.,Regional Medical Center,hospital4,19102,Philadelphia,PA,39.9507,-75.1628
ACETYLCYSTEINE NON-COMP UNIT,J7608,OUTPATIENT,61.73,Highmark,Highmark ACA Products PROF,40.23,"This service costs $61.73 as standard price when patient does not have any insurance.
Same service costs $40.23 if patient has 'Highmark ACA Products PROF' insurance plan.",Regional Medical Center,hospital4,19102,Philadelphia,PA,39.9507,-75.1628
ACETYLCYSTEINE NON-COMP UNIT,J7608,INPATIENT,61.73,Highmark,Highmark ACA Products PROF,40.23,"This service costs $61.73 as standard price when patient does not have any insurance.
Same service costs $40.23 if patient has 'Highmark ACA Products PROF' insurance plan.",Regional Medical Center,hospital4,19102,Philadelphia,PA,39.9507,-75.1628
ACETYLCYSTEINE NON-COMP UNIT,J7608,OUTPATIENT,61.73,Highmark,Highmark Medicare,53.86,"This service costs $61.73 as standard price when patient does not have any insurance.
Same service costs $53.86 if patient has 'Highmark Medicare' insurance plan.",Regional Medical Center,hospital4,19102,Philadelphia,PA,39.9507,-75.1628
ACETYLCYSTEINE NON-COMP UNIT,J7608,INPATIENT,61.73,Highmark,Highmark Medicare,53.86,"This service costs $61.73 as standard price when patient does not have any insurance.
Same service costs $53.86 if patient has 'Highmark Medicare' insurance plan.",Regional Medical Center,hospital4,19102,Philadelphia,PA,39.9507,-75.1628
ACETYLCYSTEINE NON-COMP UNIT,J7608,OUTPATIENT,61.73,Highmark,Highmark Commercial PROF,57.25,"This service costs $61.73 as standard price when patient does not have any insurance.
Same service costs $57.25 if patient has 'Highmark Commercial PROF' insurance plan.",Regional Medical Center,hospital4,19102,Philadelphia,PA,39.9507,-75.1628
ACETYLCYSTEINE NON-COMP UNIT,J7608,INPATIENT,61.73,Highmark,Highmark Commercial PROF,57.25,"This service costs $61.73 as standard price when patient does not have any insurance.
Same service costs $57.25 if patient has 'Highmark Commercial PROF' insurance plan.",Regional Medical Center,hospital4,19102,Philadelphia,PA,39.9507,-75.1628
ACETYLCYSTEINE NON-COMP UNIT,J7608,OUTPATIENT,61.73,,,,Standard charge with no insurance.,Regional Medical Center,hospital4,19102,Philadelphia,PA,39.9507,-75.1628
ACETYLCYSTEINE NON-COMP UNIT,J7608,INPATIENT,61.73,,,,Standard charge with no insurance.,Regional Medical Center,hospital4,19102,Philadelphia,PA,39.9507,-75.1628
ACETYLCYSTEINE NON-COMP UNIT,J7608,OUTPATIENT,61.73,Aetna,Aetna Commercial,46.22,"This service costs $61.73 as standard price when patient does not have any insurance.
Same service costs $46.22 if patient has 'Aetna Commercial' insurance plan.",Regional Medical Center,hospital4,19102,Philadelphia,PA,39.9507,-75.1628
ACETYLCYSTEINE NON-COMP UNIT,J7608,INPATIENT,61.73,Aetna,Aetna Commercial,46.22,"This service costs $61.73 as standard price when patient does not have any insurance.
Same service costs $46.22 if patient has 'Aetna Commercial' insurance plan.",Regional Medical Center,hospital4,19102,Philadelphia,PA,39.9507,-75.1628
ACETYLCYSTEINE NON-COMP UNIT,J7608,OUTPATIENT,61.73,Aetna,Aetna Medicaid CHIP,41.34,"This service costs $61.73 as standard price when patient does not have any insurance.
Same service costs $41.34 if patient has 'Aetna Medicaid CHIP' insurance plan.",Regional Medical Center,hospital4,19102,Philadelphia,PA,39.9507,-75.1628
ACETYLCYSTEINE NON-COMP UNIT,J7608,INPATIENT,61.73,Aetna,Aetna Medicaid CHIP,41.34,"This service costs $61.73 as standard price when patient does not have any insurance.
Same service costs $41.34 if patient has 'Aetna Medicaid CHIP' insurance plan.",Regional Medical Center,hospital4,19102,Philadelphia,PA,39.9507,-75.1628
ACETYLCYSTEINE NON-COMP UNIT,J7608,OUTPATIENT,61.73,,,,Standard charge with no insurance.,Regional Medical Center,hospital4,19102,Philadelphia,PA,39.9507,-75.1628
ACETYLCYSTEINE NON-COMP UNIT,J7608,INPATIENT,61.73,,,,Standard charge with no insurance.,Regional Medical Center,hospital4,19102,Philadelphia,PA,39.9507,-75.1628
TRILOCK SCAPHOID PLATE,C1713,BOTH,1827.01,Aetna,Aetna Medicare,1373.17,"This service costs $1827.01 as standard price when patient does not have any insurance.
Same service costs $1373.17 if patient has 'Aetna Medicare' insurance plan.",Regional Medical Center,hospital4,19102,Philadelphia,PA,39.9507,-75.1628
TRILOCK SCAPHOID PLATE,C1713,BOTH,1827.01,Aetna,Aetna Medicaid CHIP,1169.72,"This service costs $1827.01 as standard price when patient does not have any insurance.
Same service costs $1169.72 if patient has 'Aetna Medicaid CHIP' insurance plan.",Regional Medical Center,hospital4,19102,Philadelphia,PA,39.9507,-75.1628
TRILOCK SCAPHOID PLATE,C1713,BOTH,1827.01,,,,Standard charge with no insurance.,Regional Medical Center,hospital4,19102,Philadelphia,PA,39.9507,-75.1628
TRILOCK SCAPHOID PLATE,C1713,BOTH,1827.01,Amerihealth,Amerihealth Medicare,1720.39,"This service costs $1827.01 as standard price when patient does not have any insurance.
Same service costs $1720.39 if patient has 'Amerihealth Medicare' insurance plan.",Regional Medical Center,hospital4,19102,Philadelphia,PA,39.9507,-75.1628
TRILOCK SCAPHOID PLATE,C1713,BOTH,1827.01,Amerihealth,Amerihealth Commercial,1634.46,"This service costs $1827.01 as standard price when patient does not have any insurance.
Same service costs $1634.46 if patient has 'Amerihealth Commercial' insurance plan.",Regional Medical Center,hospital4,19102,Philadelphia,PA,39.9507,-75.1628
TRILOCK SCAPHOID PLATE,C1713,BOTH,1827.01,Amerihealth,Amerihealth Medicaid HC,1329.47,"This service costs $1827.01 as standard price when patient does not have any insurance.
Same service costs $1329.47 if patient has 'Amerihealth Medicaid HC' insurance plan.",Regional Medical Center,hospital4,19102,Philadelphia,PA,39.9507,-75.1628
TRILOCK SCAPHOID PLATE,C1713,BOTH,1827.01,,,,Standard charge with no insurance.,Regional Medical Center,hospital4,19102,Philadelphia,PA,39.9507,-75.1628
BASIC METABOLIC PANEL,80048,BOTH,1316.9,,,,"Only standard charge and no price with insurance – meaning this service is provided by the hospital directly, and not through any insurance.",University Hospital,hospital5,19146,Philadelphia,PA,39.9432,-75.1855
ABDOMINAL CT SCAN,74150,BOTH,475.42,,,,"Only standard charge and no price with insurance – meaning this service is provided by the hospital directly, and not through any insurance.",University Hospital,hospital5,19146,Philadelphia,PA,39.9432,-75.1855
ACETYLCYSTEINE NON-COMP UNIT,J7608,OUTPATIENT,584.6,Amerihealth,Amerihealth Medicare,517.17,"This service costs $584.6 as standard price when patient does not have any insurance.
Same service costs $517.17 if patient has 'Amerihealth Medicare' insurance plan.",University Hospital,hospital5,19146,Philadelphia,PA,39.9432,-75.1855
ACETYLCYSTEINE NON-COMP UNIT,J7608,INPATIENT,584.6,Amerihealth,Amerihealth Medicare,517.17,"This service costs $584.6 as standard price when patient does not have any insurance.
Same service costs $517.17 if patient has 'Amerihealth Medicare' insurance plan.",University Hospital,hospital5,19146,Philadelphia,PA,39.9432,-75.1855
ACETYLCYSTEINE NON-COMP UNIT,J7608,OUTPATIENT,584.6,Amerihealth,Amerihealth Medicaid HC,456.33,"This service costs $584.6 as standard price when patient does not have any insurance.
Same service costs $456.33 if patient has 'Amerihealth Medicaid HC' insurance plan.",University Hospital,hospital5,19146,Philadelphia,PA,39.9432,-75.1855
ACETYLCYSTEINE NON-COMP UNIT,J7608,INPATIENT,584.6,Amerihealth,Amerihealth Medicaid HC,456.33,"This service costs $584.6 as standard price when patient does not have any insurance.
Same service costs $456.33 if patient has 'Amerihealth Medicaid HC' insurance plan.",University Hospital,hospital5,19146,Philadelphia,PA,39.9432,-75.1855
ACETYLCYSTEINE NON-COMP UNIT,J7608,OUTPATIENT,584.6,Amerihealth,Amerihealth Commercial,331.39,"This service costs $584.6 as standard price when patient does not have any insurance.
Same service costs $331.39 if patient has 'Amerihealth Commercial' insurance plan.",University Hospital,hospital5,19146,Philadelphia,PA,39.9432,-75.1855
ACETYLCYSTEINE NON-COMP UNIT,J7608,INPATIENT,584.6,Amerihealth,Amerihealth Commercial,331.39,"This service costs $584.6 as standard price when patient does not have any insurance.
Same service costs $331.39 if patient has 'Amerihealth Commercial' insurance plan.",University Hospital,hospital5,19146,Philadelphia,PA,39.9432,-75.1855
ACETYLCYSTEINE NON-COMP UNIT,J7608,OUTPATIENT,584.6,,,,Standard charge with no insurance.,University Hospital,hospital5,19146,Philadelphia,PA,39.9432,-75.1855
ACETYLCYSTEINE NON-COMP UNIT,J7608,INPATIENT,584.6,,,,Standard charge with no insurance.,University Hospital,hospital5,19146,Philadelphia,PA,39.9432,-75.1855
ACETYLCYSTEINE NON-COMP UNIT,J7608,OUTPATIENT,584.6,Aetna,Aetna Medicaid CHIP,389.71,"This service costs $584.6 as standard price when patient does not have any insurance.
Same service costs $389.71 if patient has 'Aetna Medicaid CHIP' insurance plan.",University Hospital,hospital5,19146,Philadelphia,PA,39.9432,-75.1855
ACETYLCYSTEINE NON-COMP UNIT,J7608,INPATIENT,584.6,Aetna,Aetna Medicaid CHIP,389.71,"This service costs $584.6 as standard price when patient does not have any insurance.
Same service costs $389.71 if patient has 'Aetna Medicaid CHIP' insurance plan.",University Hospital,hospital5,19146,Philadelphia,PA,39.9432,-75.1855
ACETYLCYSTEINE NON-COMP UNIT,J7608,OUTPATIENT,584.6,Aetna,Aetna Medicare,450.99,"This service costs $584.6 as standard price when patient does not have any insurance.
Same service costs $450.99 if patient has 'Aetna Medicare' insurance plan.",University Hospital,hospital5,19146,Philadelphia,PA,39.9432,-75.1855
ACETYLCYSTEINE NON-COMP UNIT,J7608,INPATIENT,584.6,Aetna,Aetna Medicare,450.99,"This service costs $584.6 as standard price when patient does not have any insurance.
Same service costs $450.99 if patient has 'Aetna Medicare' insurance plan.",University Hospital,hospital5,19146,Philadelphia,PA,39.9432,-75.1855
ACETYLCYSTEINE NON-COMP UNIT,J7608,OUTPATIENT,584.6,Aetna,Aetna Commercial,352.79,"This service costs $584.6 as standard price when patient does not have any insurance.
Same service costs $352.79 if patient has 'Aetna Commercial' insurance plan.",University Hospital,hospital5,19146,Philadelphia,PA,39.9432,-75.1855
ACETYLCYSTEINE NON-COMP UNIT,J7608,INPATIENT,584.6,Aetna,Aetna Commercial,352.79,"This service costs $584.6 as standard price when patient does not have any insurance.
Same service costs $352.79 if patient has 'Aetna Commercial' insurance plan.",University Hospital,hospital5,19146,Philadelphia,PA,39.9432,-75.1855
ACETYLCYSTEINE NON-COMP UNIT,J7608,OUTPATIENT,584.6,,,,Standard charge with no insurance.,University Hospital,hospital5,19146,Philadelphia,PA,39.9432,-75.1855
ACETYLCYSTEINE NON-COMP UNIT,J7608,INPATIENT,584.6,,,,Standard charge with no insurance.,University Hospital,hospital5,19146,Philadelphia,PA,39.9432,-75.1855
2D ECHO,93306,OUTPATIENT,1147.89,Amerihealth,Amerihealth Medicaid HC,974.86,"This service costs $1147.89 as standard price when patient does not have any insurance.
Same service costs $974.86 if patient has 'Amerihealth Medicaid HC' insurance plan.",University Hospital,hospital5,19146,Philadelphia,PA,39.9432,-75.1855
2D ECHO,93306,OUTPATIENT,1147.89,Amerihealth,Amerihealth Medicare,1008.81,"This service costs $1147.89 as standard price when patient does not have any insurance.
Same service costs $1008.81 if patient has 'Amerihealth Medicare' insurance plan.",University Hospital,hospital5,19146,Philadelphia,PA,39.9432,-75.1855
2D ECHO,93306,OUTPATIENT,1147.89,Amerihealth,Amerihealth Commercial,956.15,"This service costs $1147.89 as standard price when patient does not have any insurance.
Same service costs $956.15 if patient has 'Amerihealth Commercial' insurance plan.",University Hospital,hospital5,19146,Philadelphia,PA,39.9432,-75.1855
2D ECHO,93306,OUTPATIENT,1147.89,,,,Standard charge with no insurance.,University Hospital,hospital5,19146,Philadelphia,PA,39.9432,-75.1855
2D ECHO,93306,OUTPATIENT,1147.89,Aetna,Aetna Medicare,687.4,"This service costs $1147.89 as standard price when patient does not have any insurance.
Same service costs $687.4 if patient has 'Aetna Medicare' insurance plan.",University Hospital,hospital5,19146,Philadelphia,PA,39.9432,-75.1855
2D ECHO,93306,OUTPATIENT,1147.89,Aetna,Aetna Medicaid CHIP,765.7,"This service costs $1147.89 as standard price when patient does not have any insurance.
Same service costs $765.7 if patient has 'Aetna Medicaid CHIP' insurance plan.",University Hospital,hospital5,19146,Philadelphia,PA,39.9432,-75.1855
2D ECHO,93306,OUTPATIENT,1147.89,Aetna,Aetna Commercial,898.63,"This service costs $1147.89 as standard price when patient does not have any insurance.
Same service costs $898.63 if patient has 'Aetna Commercial' insurance plan.",University Hospital,hospital5,19146,Philadelphia,PA,39.9432,-75.1855
2D ECHO,93306,OUTPATIENT,1147.89,,,,Standard charge with no insurance.,University Hospital,hospital5,19146,Philadelphia,PA,39.9432,-75.1855
1 CC STERILE SYRINGE&NEEDLE,A4206,INPATIENT,94.75,Highmark,Highmark Medicare,55.07,"This service costs $94.75 as standard price when patient does not have any insurance.
Same service costs $55.07 if patient has 'Highmark Medicare' insurance plan.",University Hospital,hospital5,19146,Philadelphia,PA,39.9432,-75.1855
1 CC STERILE SYRINGE&NEEDLE,A4206,OUTPATIENT,94.75,Highmark,Highmark Medicare,55.07,"This service costs $94.75 as standard price when patient does not have any insurance.
Same service costs $55.07 if patient has 'Highmark Medicare' insurance plan.",University Hospital,hospital5,19146,Philadelphia,PA,39.9432,-75.1855
1 CC STERILE SYRINGE&NEEDLE,A4206,INPATIENT,94.75,Highmark,Highmark Commercial PROF,58.65,"This service costs $94.75 as standard price when patient does not have any insurance.
Same service costs $58.65 if patient has 'Highmark Commercial PROF' insurance plan.",University Hospital,hospital5,19146,Philadelphia,PA,39.9432,-75.1855
1 CC STERILE SYRINGE&NEEDLE,A4206,OUTPATIENT,94.75,Highmark,Highmark Commercial PROF,58.65,"This service costs $94.75 as standard price when patient does not have any insurance.
Same service costs $58.65 if patient has 'Highmark Commercial PROF' insurance plan.",University Hospital,hospital5,19146,Philadelphia,PA,39.9432,-75.1855
1 CC STERILE SYRINGE&NEEDLE,A4206,INPATIENT,94.75,,,,Standard charge with no insurance.,University Hospital,hospital5,19146,Philadelphia,PA,39.9432,-75.1855
1 CC STERILE SYRINGE&NEEDLE,A4206,OUTPATIENT,94.75,,,,Standard charge with no insurance.,University Hospital,hospital5,19146,Philadelphia,PA,39.9432,-75.1855
1 CC STERILE SYRINGE&NEEDLE,A4206,INPATIENT,94.75,United Healthcare,United Healthcare CHIP,65.52,"This service costs $94.75 as standard price when patient does not have any insurance.
Same service costs $65.52 if patient has 'United Healthcare CHIP' insurance plan.",University Hospital,hospital5,19146,Philadelphia,PA,39.9432,-75.1855
1 CC STERILE SYRINGE&NEEDLE,A4206,OUTPATIENT,94.75,United Healthcare,United Healthcare CHIP,65.52,"This service costs $94.75 as standard price when patient does not have any insurance.
Same service costs $65.52 if patient has 'United Healthcare CHIP' insurance plan.",University Hospital,hospital5,19146,Philadelphia,PA,39.9432,-75.1855
1 CC STERILE SYRINGE&NEEDLE,A4206,INPATIENT,94.75,,,,Standard charge with no insurance.,University Hospital,hospital5,19146,Philadelphia,PA,39.9432,-75.1855
1 CC STERILE SYRINGE&NEEDLE,A4206,OUTPATIENT,94.75,,,,Standard charge with no insurance.,University Hospital,hospital5,19146,Philadelphia,PA,39.9432,-75.1855
1 CC STERILE SYRINGE&NEEDLE,A4206,INPATIENT,94.75,Amerihealth,Amerihealth Medicare,48.1,"This service costs $94.75 as standard price when patient does not have any insurance.
Same service costs $48.1 if patient has 'Amerihealth Medicare' insurance plan.",University Hospital,hospital5,19146,Philadelphia,PA,39.9432,-75.1855
1 CC STERILE SYRINGE&NEEDLE,A4206,OUTPATIENT,94.75,Amerihealth,Amerihealth Medicare,48.1,"This service costs $94.75 as standard price when patient does not have any insurance.
Same service costs $48.1 if patient has 'Amerihealth Medicare' insurance plan.",University Hospital,hospital5,19146,Philadelphia,PA,39.9432,-75.1855
1 CC STERILE SYRINGE&NEEDLE,A4206,INPATIENT,94.75,Amerihealth,Amerihealth Medicaid HC,78.99,"This service costs $94.75 as standard price when patient does not have any insurance.
Same service costs $78.99 if patient has 'Amerihealth Medicaid HC' insurance plan.",University Hospital,hospital5,19146,Philadelphia,PA,39.9432,-75.1855
1 CC STERILE SYRINGE&NEEDLE,A4206,OUTPATIENT,94.75,Amerihealth,Amerihealth Medicaid HC,78.99,"This service costs $94.75 as standard price when patient does not have any insurance.
Same service costs $78.99 if patient has 'Amerihealth Medicaid HC' insurance plan.",University Hospital,hospital5,19146,Philadelphia,PA,39.9432,-75.1855
1 CC STERILE SYRINGE&NEEDLE,A4206,INPATIENT,94.75,,,,Standard charge with no insurance.,University Hospital,hospital5,19146,Philadelphia,PA,39.9432,-75.1855
1 CC STERILE SYRINGE&NEEDLE,A4206,OUTPATIENT,94.75,,,,Standard charge with no insurance.,University Hospital,hospital5,19146,Philadelphia,PA,39.9432,-75.1855
CHEST X-RAY,71045,BOTH,1142.52,Aetna,Aetna Medicaid CHIP,590.11,"This service costs $1142.52 as standard price when patient does not have any insurance.
Same service costs $590.11 if patient has 'Aetna Medicaid CHIP' insurance plan.",University Hospital,hospital5,19146,Philadelphia,PA,39.9432,-75.1855
CHEST X-RAY,71045,BOTH,1142.52,,,,Standard charge with no insurance.,University Hospital,hospital5,19146,Philadelphia,PA,39.9432,-75.1855
CHEST X-RAY,71045,BOTH,1142.52,Highmark,Highmark Medicare,618.78,"This service costs $1142.52 as standard price when patient does not have any insurance.
Same service costs $618.78 if patient has 'Highmark Medicare' insurance plan.",University Hospital,hospital5,19146,Philadelphia,PA,39.9432,-75.1855
CHEST X-RAY,71045,BOTH,1142.52,Highmark,Highmark ACA Products PROF,1016.59,"This service costs $1142.52 as standard price when patient does not have any insurance.
Same service costs $1016.59 if patient has 'Highmark ACA Products PROF' insurance plan.",University Hospital,hospital5,19146,Philadelphia,PA,39.9432,-75.1855
CHEST X-RAY,71045,BOTH,1142.52,Highmark,Highmark Commercial PROF,839.09,"This service costs $1142.52 as standard price when patient does not have any insurance.
Same service costs $839.09 if patient has 'Highmark Commercial PROF' insurance plan.",University Hospital,hospital5,19146,Philadelphia,PA,39.9432,-75.1855
CHEST X-RAY,71045,BOTH,1142.52,,,,Standard charge with no insurance.,University Hospital,hospital5,19146,Philadelphia,PA,39.9432,-75.1855
CHEST X-RAY,71045,BOTH,1142.52,Humana,Humana Medicare HMO,798.08,"This service costs $1142.52 as standard price when patient does not have any insurance.
Same service costs $798.08 if patient has 'Humana Medicare HMO' insurance plan.",University Hospital,hospital5,19146,Philadelphia,PA,39.9432,-75.1855
CHEST X-RAY,71045,BOTH,1142.52,,,,Standard charge with no insurance.,University Hospital,hospital5,19146,Philadelphia,PA,39.9432,-75.1855
COMPLETE BLOOD COUNT,85025,BOTH,1236.48,Aetna,Aetna Medicare,630.45,"This service costs $1236.48 as standard price when patient does not have any insurance.
Same service costs $630.45 if patient has 'Aetna Medicare' insurance plan.",University Hospital,hospital5,19146,Philadelphia,PA,39.9432,-75.1855
COMPLETE BLOOD COUNT,85025,BOTH,1236.48,Aetna,Aetna Commercial,800.8,"This service costs $1236.48 as standard price when patient does not have any insurance.
Same service costs $800.8 if patient has 'Aetna Commercial' insurance plan.",University Hospital,hospital5,19146,Philadelphia,PA,39.9432,-75.1855
COMPLETE BLOOD COUNT,85025,BOTH,1236.48,Aetna,Aetna Medicaid CHIP,646.34,"This service costs $1236.48 as standard price when patient does not have any insurance.
Same service costs $646.34 if patient has 'Aetna Medicaid CHIP' insurance plan.",University Hospital,hospital5,19146,Philadelphia,PA,39.9432,-75.1855
COMPLETE BLOOD COUNT,85025,BOTH,1236.48,,,,Standard charge with no insurance.,University Hospital,hospital5,19146,Philadelphia,PA,39.9432,-75.1855
COMPLETE BLOOD COUNT,85025,BOTH,1236.48,Amerihealth,Amerihealth Medicaid HC,1088.23,"This service costs $1236.48 as standard price when patient does not have any insurance.
Same service costs $1088.23 if patient has 'Amerihealth Medicaid HC' insurance plan.",University Hospital,hospital5,19146,Philadelphia,PA,39.9432,-75.1855
COMPLETE BLOOD COUNT,85025,BOTH,1236.48,Amerihealth,Amerihealth Commercial,868.09,"This service costs $1236.48 as standard price when patient does not have any insurance.
Same service costs $868.09 if patient has 'Amerihealth Commercial' insurance plan.",University Hospital,hospital5,19146,Philadelphia,PA,39.9432,-75.1855
COMPLETE BLOOD COUNT,85025,BOTH,1236.48,,,,Standard charge with no insurance.,University Hospital,hospital5,19146,Philadelphia,PA,39.9432,-75.1855
COMPLETE BLOOD COUNT,85025,BOTH,1236.48,United Healthcare,United Healthcare Medicaid,825.18,"This service costs $1236.48 as standard price when patient does not have any insurance.
Same service costs $825.18 if patient has 'United Healthcare Medicaid' insurance plan.",University Hospital,hospital5,19146,Philadelphia,PA,39.9432,-75.1855
COMPLETE BLOOD COUNT,85025,BOTH,1236.48,,,,Standard charge with no insurance.,University Hospital,hospital5,19146,Philadelphia,PA,39.9432,-75.1855
TRILOCK SCAPHOID PLATE,C1713,BOTH,1359.8,Aetna,Aetna Medicare,1158.48,"This service costs $1359.8 as standard price when patient does not have any insurance.
Same service costs $1158.48 if patient has 'Aetna Medicare' insurance plan.",University Hospital,hospital5,19146,Philadelphia,PA,39.9432,-75.1855
TRILOCK SCAPHOID PLATE,C1713,BOTH,1359.8,Aetna,Aetna Medicaid CHIP,867.79,"This service costs $1359.8 as standard price when patient does not have any insurance.
Same service costs $867.79 if patient has 'Aetna Medicaid CHIP' insurance plan.",University Hospital,hospital5,19146,Philadelphia,PA,39.9432,-75.1855
TRILOCK SCAPHOID PLATE,C1713,BOTH,1359.8,,,,Standard charge with no insurance.,University Hospital,hospital5,19146,Philadelphia,PA,39.9432,-75.1855
TRILOCK SCAPHOID PLATE,C1713,BOTH,1359.8,Amerihealth,Amerihealth Medicaid HC,830.61,"This service costs $1359.8 as standard price when patient does not have any insurance.
Same service costs $830.61 if patient has 'Amerihealth Medicaid HC' insurance plan.",University Hospital,hospital5,19146,Philadelphia,PA,39.9432,-75.1855
TRILOCK SCAPHOID PLATE,C1713,BOTH,1359.8,,,,Standard charge with no insurance.,University Hospital,hospital5,19146,Philadelphia,PA,39.9432,-75.1855
TRILOCK SCAPHOID PLATE,C1713,BOTH,1359.8,United Healthcare,United Healthcare Medicaid,1045.31,"This service costs $1359.8 as standard price when patient does not have any insurance.
Same service costs $1045.31 if patient has 'United Healthcare Medicaid' insurance plan.",University Hospital,hospital5,19146,Philadelphia,PA,39.9432,-75.1855
TRILOCK SCAPHOID PLATE,C1713,BOTH,1359.8,United Healthcare,United Healthcare Commercial,892.37,"This service costs $1359.8 as standard price when patient does not have any insurance.
Same service costs $892.37 if patient has 'United Healthcare Commercial' insurance plan.",University Hospital,hospital5,19146,Philadelphia,PA,39.9432,-75.1855
TRILOCK SCAPHOID PLATE,C1713,BOTH,1359.8,United Healthcare,United Healthcare CHIP,987.2,"This service costs $1359.8 as standard price when patient does not have any insurance.
Same service costs $987.2 if patient has 'United Healthcare CHIP' insurance plan.",University Hospital,hospital5,19146,Philadelphia,PA,39.9432,-75.1855
TRILOCK SCAPHOID PLATE,C1713,BOTH,1359.8,,,,Standard charge with no insurance.,University Hospital,hospital5,19146,Philadelphia,PA,39.9432,-75.1855
CHG MRI BRAIN,70551,OUTPATIENT,1109.42,Highmark,Highmark Medicare,906.56,"This service costs $1109.42 as standard price when patient does not have any insurance.
Same service costs $906.56 if patient has 'Highmark Medicare' insurance plan.",University Hospital,hospital5,19146,Philadelphia,PA,39.9432,-75.1855
CHG MRI BRAIN,70551,OUTPATIENT,1109.42,Highmark,Highmark ACA Products PROF,811.92,"This service costs $1109.42 as standard price when patient does not have any insurance.
Same service costs $811.92 if patient has 'Highmark ACA Products PROF' insurance plan.",University Hospital,hospital5,19146,Philadelphia,PA,39.9432,-75.1855
CHG MRI BRAIN,70551,OUTPATIENT,1109.42,,,,Standard charge with no insurance.,University Hospital,hospital5,19146,Philadelphia,PA,39.9432,-75.1855
CHG MRI BRAIN,70551,OUTPATIENT,1109.42,Aetna,Aetna Commercial,903.76,"This service costs $1109.42 as standard price when patient does not have any insurance.
Same service costs $903.76 if patient has 'Aetna Commercial' insurance plan.",University Hospital,hospital5,19146,Philadelphia,PA,39.9432,-75.1855
CHG MRI BRAIN,70551,OUTPATIENT,1109.42,Aetna,Aetna Medicaid CHIP,947.16,"This service costs $1109.42 as standard price when patient does not have any insurance.
Same service costs $947.16 if patient has 'Aetna Medicaid CHIP' insurance plan.",University Hospital,hospital5,19146,Philadelphia,PA,39.9432,-75.1855
CHG MRI BRAIN,70551,OUTPATIENT,1109.42,Aetna,Aetna Medicare,658.12,"This service costs $1109.42 as standard price when patient does not have any insurance.
Same service costs $658.12 if patient has 'Aetna Medicare' insurance plan.",University Hospital,hospital5,19146,Philadelphia,PA,39.9432,-75.1855
CHG MRI BRAIN,70551,OUTPATIENT,1109.42,,,,Standard charge with no insurance.,University Hospital,hospital5,19146,Philadelphia,PA,39.9432,-75.1855
TRILOCK GRIDPL,C1713,BOTH,1494.74,Highmark,Highmark Medicare,1379.6,"This service costs $1494.74 as standard price when patient does not have any insurance.
Same service costs $1379.6 if patient has 'Highmark Medicare' insurance plan.",University Hospital,hospital5,19146,Philadelphia,PA,39.9432,-75.1855
TRILOCK GRIDPL,C1713,BOTH,1494.74,,,,Standard charge with no insurance.,University Hospital,hospital5,19146,Philadelphia,PA,39.9432,-75.1855
TRILOCK GRIDPL,C1713,BOTH,1494.74,United Healthcare,United Healthcare Commercial,1322.79,"This service costs $1494.74 as standard price when patient does not have any insurance.
Same service costs $1322.79 if patient has 'United Healthcare Commercial' insurance plan.",University Hospital,hospital5,19146,Philadelphia,PA,39.9432,-75.1855
TRILOCK GRIDPL,C1713,BOTH,1494.74,United Healthcare,United Healthcare CHIP,1162.76,"This service costs $1494.74 as standard price when patient does not have any insurance.
Same service costs $1162.76 if patient has 'United Healthcare CHIP' insurance plan.",University Hospital,hospital5,19146,Philadelphia,PA,39.9432,-75.1855
TRILOCK GRIDPL,C1713,BOTH,1494.74,,,,Standard charge with no insurance.,University Hospital,hospital5,19146,Philadelphia,PA,39.9432,-75.1855
ABDOMINAL CT SCAN,74150,BOTH,104.22,Humana,Humana Medicare HMO,70.8,"This service costs $104.22 as standard price when patient does not have any insurance.
Same service costs $70.8 if patient has 'Humana Medicare HMO' insurance plan.",University Hospital,hospital5,19146,Philadelphia,PA,39.9432,-75.1855
ABDOMINAL CT SCAN,74150,BOTH,104.22,Humana,Humana Medicare PPO,98.7,"This service costs $104.22 as standard price when patient does not have any insurance.
Same service costs $98.7 if patient has 'Humana Medicare PPO' insurance plan.",University Hospital,hospital5,19146,Philadelphia,PA,39.9432,-75.1855
ABDOMINAL CT SCAN,74150,BOTH,104.22,Humana,Humana Commercial,70.89,"This service costs $104.22 as standard price when patient does not have any insurance.
Same service costs $70.89 if patient has 'Humana Commercial' insurance plan.",University Hospital,hospital5,19146,Philadelphia,PA,39.9432,-75.1855
ABDOMINAL CT SCAN,74150,BOTH,104.22,,,,Standard charge with no insurance.,University Hospital,hospital5,19146,Philadelphia,PA,39.9432,-75.1855
ABDOMINAL CT SCAN,74150,BOTH,1693.84,United Healthcare,United Healthcare CHIP,1066.76,"This service costs $1693.84 as standard price when patient does not have any insurance.
Same service costs $1066.76 if patient has 'United Healthcare CHIP' insurance plan.",University Hospital,hospital5,19146,Philadelphia,PA,39.9432,-75.1855
ABDOMINAL CT SCAN,74150,BOTH,1693.84,,,,Standard charge with no insurance.,University Hospital,hospital5,19146,Philadelphia,PA,39.9432,-75.1855
ABDOMINAL CT SCAN,74150,BOTH,1693.84,Aetna,Aetna Medicare,1307.62,"This service costs $1693.84 as standard price when patient does not have any insurance.
Same service costs $1307.62 if patient has 'Aetna Medicare' insurance plan.",University Hospital,hospital5,19146,Philadelphia,PA,39.9432,-75.1855
ABDOMINAL CT SCAN,74150,BOTH,1693.84,Aetna,Aetna Commercial,1537.61,"This service costs $1693.84 as standard price when patient does not have any insurance.
Same service costs $1537.61 if patient has 'Aetna Commercial' insurance plan.",University Hospital,hospital5,19146,Philadelphia,PA,39.9432,-75.1855
ABDOMINAL CT SCAN,74150,BOTH,1693.84,Aetna,Aetna Medicaid CHIP,1594.91,"This service costs $1693.84 as standard price when patient does not have any insurance.
Same service costs $1594.91 if patient has 'Aetna Medicaid CHIP' insurance plan.",University Hospital,hospital5,19146,Philadelphia,PA,39.9432,-75.1855
ABDOMINAL CT SCAN,74150,BOTH,1693.84,,,,Standard charge with no insurance.,University Hospital,hospital5,19146,Philadelphia,PA,39.9432,-75.1855
CHG MRI BRAIN,70551,OUTPATIENT,1144.61,Humana,Humana Medicare PPO,1050.15,"This service costs $1144.61 as standard price when patient does not have any insurance.
Same service costs $1050.15 if patient has 'Humana Medicare PPO' insurance plan.",University Hospital,hospital5,19146,Philadelphia,PA,39.9432,-75.1855
CHG MRI BRAIN,70551,OUTPATIENT,1144.61,,,,Standard charge with no insurance.,University Hospital,hospital5,19146,Philadelphia,PA,39.9432,-75.1855
CHG MRI BRAIN,70551,OUTPATIENT,1144.61,United Healthcare,United Healthcare Commercial,715.52,"This service costs $1144.61 as standard price when patient does not have any insurance.
Same service costs $715.52 if patient has 'United Healthcare Commercial' insurance plan.",University Hospital,hospital5,19146,Philadelphia,PA,39.9432,-75.1855
CHG MRI BRAIN,70551,OUTPATIENT,1144.61,United Healthcare,United Healthcare Medicaid,962.24,"This service costs $1144.61 as standard price when patient does not have any insurance.
Same service costs $962.24 if patient has 'United Healthcare Medicaid' insurance plan.",University Hospital,hospital5,19146,Philadelphia,PA,39.9432,-75.1855
CHG MRI BRAIN,70551,OUTPATIENT,1144.61,United Healthcare,United Healthcare CHIP,845.19,"This service costs $1144.61 as standard price when patient does not have any insurance.
Same service costs $845.19 if patient has 'United Healthcare CHIP' insurance plan.",University Hospital,hospital5,19146,Philadelphia,PA,39.9432,-75.1855
CHG MRI BRAIN,70551,OUTPATIENT,1144.61,,,,Standard charge with no insurance.,University Hospital,hospital5,19146,Philadelphia,PA,39.9432,-75.1855
CHG MRI BRAIN,70551,OUTPATIENT,1144.61,Highmark,Highmark Commercial PROF,923.43,"This service costs $1144.61 as standard price when patient does not have any insurance.
Same service costs $923.43 if patient has 'Highmark Commercial PROF' insurance plan.",University Hospital,hospital5,19146,Philadelphia,PA,39.9432,-75.1855
CHG MRI BRAIN,70551,OUTPATIENT,1144.61,Highmark,Highmark Medicare,676.96,"This service costs $1144.61 as standard price when patient does not have any insurance.
Same service costs $676.96 if patient has 'Highmark Medicare' insurance plan.",University Hospital,hospital5,19146,Philadelphia,PA,39.9432,-75.1855
CHG MRI BRAIN,70551,OUTPATIENT,1144.61,Highmark,Highmark ACA Products PROF,593.93,"This service costs $1144.61 as standard price when patient does not have any insurance.
Same service costs $593.93 if patient has 'Highmark ACA Products PROF' insurance plan.",University Hospital,hospital5,19146,Philadelphia,PA,39.9432,-75.1855
CHG MRI BRAIN,70551,OUTPATIENT,1144.61,,,,Standard charge with no insurance.,University Hospital,hospital5,19146,Philadelphia,PA,39.9432,-75.1855
COMPLETE BLOOD COUNT,85025,BOTH,1862.95,Aetna,Aetna Medicaid CHIP,1407.32,"This service costs $1862.95 as standard price when patient does not have any insurance.
Same service costs $1407.32 if patient has 'Aetna Medicaid CHIP' insurance plan.",University Hospital,hospital5,19146,Philadelphia,PA,39.9432,-75.1855
COMPLETE BLOOD COUNT,85025,BOTH,1862.95,Aetna,Aetna Medicare,1141.33,"This service costs $1862.95 as standard price when patient does not have any insurance.
Same service costs $1141.33 if patient has 'Aetna Medicare' insurance plan.",University Hospital,hospital5,19146,Philadelphia,PA,39.9432,-75.1855
COMPLETE BLOOD COUNT,85025,BOTH,1862.95,,,,Standard charge with no insurance.,University Hospital,hospital5,19146,Philadelphia,PA,39.9432,-75.1855
COMPLETE BLOOD COUNT,85025,BOTH,1862.95,Humana,Humana Medicare HMO,1667.28,"This service costs $1862.95 as standard price when patient does not have any insurance.
Same service costs $1667.28 if patient has 'Humana Medicare HMO' insurance plan.",University Hospital,hospital5,19146,Philadelphia,PA,39.9432,-75.1855
COMPLETE BLOOD COUNT,85025,BOTH,1862.95,,,,Standard charge with no insurance.,University Hospital,hospital5,19146,Philadelphia,PA,39.9432,-75.1855
COMPLETE BLOOD COUNT,85025,BOTH,1862.95,United Healthcare,United Healthcare Medicaid,1529.72,"This service costs $1862.95 as standard price when patient does not have any insurance.
Same service costs $1529.72 if patient has 'United Healthcare Medicaid' insurance plan.",University Hospital,hospital5,19146,Philadelphia,PA,39.9432,-75.1855
COMPLETE BLOOD COUNT,85025,BOTH,1862.95,,,,Standard charge with no insurance.,University Hospital,hospital5,19146,Philadelphia,PA,39.9432,-75.1855
TRILOCK SCAPHOID PLATE,C1713,BOTH,755.61,Highmark,Highmark Commercial PROF,628.63,"This service costs $755.61 as standard price when patient does not have any insurance.
Same service costs $628.63 if patient has 'Highmark Commercial PROF' insurance plan.",University Hospital,hospital5,19146,Philadelphia,PA,39.9432,-75.1855
TRILOCK SCAPHOID PLATE,C1713,BOTH,755.61,,,,Standard charge with no insurance.,University Hospital,hospital5,19146,Philadelphia,PA,39.9432,-75.1855
CHG MRI BRAIN,70551,OUTPATIENT,1851.56,United Healthcare,United Healthcare Commercial,1131.89,"This service costs $1851.56 as standard price when patient does not have any insurance.
Same service costs $1131.89 if patient has 'United Healthcare Commercial' insurance plan.",University Hospital,hospital5,19146,Philadelphia,PA,39.9432,-75.1855
CHG MRI BRAIN,70551,OUTPATIENT,1851.56,,,,Standard charge with no insurance.,University Hospital,hospital5,19146,Philadelphia,PA,39.9432,-75.1855
1 CC STERILE SYRINGE&NEEDLE,A4206,INPATIENT,1422.92,Aetna,Aetna Medicaid CHIP,1194.7,"This service costs $1422.92 as standard price when patient does not have any insurance.
Same service costs $1194.7 if patient has 'Aetna Medicaid CHIP' insurance plan.",University Hospital,hospital5,19146,Philadelphia,PA,39.9432,-75.1855
1 CC STERILE SYRINGE&NEEDLE,A4206,OUTPATIENT,1422.92,Aetna,Aetna Medicaid CHIP,1194.7,"This service costs $1422.92 as standard price when patient does not have any insurance.
Same service costs $1194.7 if patient has 'Aetna Medicaid CHIP' insurance plan.",University Hospital,hospital5,19146,Philadelphia,PA,39.9432,-75.1855
1 CC STERILE SYRINGE&NEEDLE,A4206,INPATIENT,1422.92,,,,Standard charge with no insurance.,University Hospital,hospital5,19146,Philadelphia,PA,39.9432,-75.1855
1 CC STERILE SYRINGE&NEEDLE,A4206,OUTPATIENT,1422.92,,,,Standard charge with no insurance.,University Hospital,hospital5,19146,Philadelphia,PA,39.9432,-75.1855
1 CC STERILE SYRINGE&NEEDLE,A4206,INPATIENT,1422.92,Humana,Humana Commercial,1136.33,"This service costs $1422.92 as standard price when patient does not have any insurance.
Same service costs $1136.33 if patient has 'Humana Commercial' insurance plan.",University Hospital,hospital5,19146,Philadelphia,PA,39.9432,-75.1855
1 CC STERILE SYRINGE&NEEDLE,A4206,OUTPATIENT,1422.92,Humana,Humana Commercial,1136.33,"This service costs $1422.92 as standard price when patient does not have any insurance.
Same service costs $1136.33 if patient has 'Humana Commercial' insurance plan.",University Hospital,hospital5,19146,Philadelphia,PA,39.9432,-75.1855
1 CC STERILE SYRINGE&NEEDLE,A4206,INPATIENT,1422.92,,,,Standard charge with no insurance.,University Hospital,hospital5,19146,Philadelphia,PA,39.9432,-75.1855
1 CC STERILE SYRINGE&NEEDLE,A4206,OUTPATIENT,1422.92,,,,Standard charge with no insurance.,University Hospital,hospital5,19146,Philadelphia,PA,39.9432,-75.1855
1 CC STERILE SYRINGE&NEEDLE,A4206,INPATIENT,1593.34,United Healthcare,United Healthcare Commercial,1512.71,"This service costs $1593.34 as standard price when patient does not have any insurance.
Same service costs $1512.71 if patient has 'United Healthcare Commercial' insurance plan.",University Hospital,hospital5,19146,Philadelphia,PA,39.9432,-75.1855
1 CC STERILE SYRINGE&NEEDLE,A4206,OUTPATIENT,1593.34,United Healthcare,United Healthcare Commercial,1512.71,"This service costs $1593.34 as standard price when patient does not have any insurance.
Same service costs $1512.71 if patient has 'United Healthcare Commercial' insurance plan.",University Hospital,hospital5,19146,Philadelphia,PA,39.9432,-75.1855
1 CC STERILE SYRINGE&NEEDLE,A4206,INPATIENT,1593.34,,,,Standard charge with no insurance.,University Hospital,hospital5,19146,Philadelphia,PA,39.9432,-75.1855
1 CC STERILE SYRINGE&NEEDLE,A4206,OUTPATIENT,1593.34,,,,Standard charge with no insurance.,University Hospital,hospital5,19146,Philadelphia,PA,39.9432,-75.1855
1 CC STERILE SYRINGE&NEEDLE,A4206,INPATIENT,1593.34,Highmark,Highmark Commercial PROF,1061.24,"This service costs $1593.34 as standard price when patient does not have any insurance.
Same service costs $1061.24 if patient has 'Highmark Commercial PROF' insurance plan.",University Hospital,hospital5,19146,Philadelphia,PA,39.9432,-75.1855
1 CC STERILE SYRINGE&NEEDLE,A4206,OUTPATIENT,1593.34,Highmark,Highmark Commercial PROF,1061.24,"This service costs $1593.34 as standard price when patient does not have any insurance.
Same service costs $1061.24 if patient has 'Highmark Commercial PROF' insurance plan.",University Hospital,hospital5,19146,Philadelphia,PA,39.9432,-75.1855
1 CC STERILE SYRINGE&NEEDLE,A4206,INPATIENT,1593.34,Highmark,Highmark Medicare,1145.51,"This service costs $1593.34 as standard price when patient does not have any insurance.
Same service costs $1145.51 if patient has 'Highmark Medicare' insurance plan.",University Hospital,hospital5,19146,Philadelphia,PA,39.9432,-75.1855
1 CC STERILE SYRINGE&NEEDLE,A4206,OUTPATIENT,1593.34,Highmark,Highmark Medicare,1145.51,"This service costs $1593.34 as standard price when patient does not have any insurance.
Same service costs $1145.51 if patient has 'Highmark Medicare' insurance plan.",University Hospital,hospital5,19146,Philadelphia,PA,39.9432,-75.1855
1 CC STERILE SYRINGE&NEEDLE,A4206,INPATIENT,1593.34,Highmark,Highmark ACA Products PROF,822.19,"This service costs $1593.34 as standard price when patient does not have any insurance.
Same service costs $822.19 if patient has 'Highmark ACA Products PROF' insurance plan.",University Hospital,hospital5,19146,Philadelphia,PA,39.9432,-75.1855
1 CC STERILE SYRINGE&NEEDLE,A4206,OUTPATIENT,1593.34,Highmark,Highmark ACA Products PROF,822.19,"This service costs $1593.34 as standard price when patient does not have any insurance.
Same service costs $822.19 if patient has 'Highmark ACA Products PROF' insurance plan.",University Hospital,hospital5,19146,Philadelphia,PA,39.9432,-75.1855
1 CC STERILE SYRINGE&NEEDLE,A4206,INPATIENT,1593.34,,,,Standard charge with no insurance.,University Hospital,hospital5,19146,Philadelphia,PA,39.9432,-75.1855
1 CC STERILE SYRINGE&NEEDLE,A4206,OUTPATIENT,1593.34,,,,Standard charge with no insurance.,University Hospital,hospital5,19146,Philadelphia,PA,39.9432,-75.1855
1 CC STERILE SYRINGE&NEEDLE,A4206,INPATIENT,1593.34,Amerihealth,Amerihealth Medicaid HC,910.81,"This service costs $1593.34 as standard price when patient does not have any insurance.
Same service costs $910.81 if patient has 'Amerihealth Medicaid HC' insurance plan.",University Hospital,hospital5,19146,Philadelphia,PA,39.9432,-75.1855
1 CC STERILE SYRINGE&NEEDLE,A4206,OUTPATIENT,1593.34,Amerihealth,Amerihealth Medicaid HC,910.81,"This service costs $1593.34 as standard price when patient does not have any insurance.
Same service costs $910.81 if patient has 'Amerihealth Medicaid HC' insurance plan.",University Hospital,hospital5,19146,Philadelphia,PA,39.9432,-75.1855
1 CC STERILE SYRINGE&NEEDLE,A4206,INPATIENT,1593.34,Amerihealth,Amerihealth Medicare,1031.42,"This service costs $1593.34 as standard price when patient does not have any insurance.
Same service costs $1031.42 if patient has 'Amerihealth Medicare' insurance plan.",University Hospital,hospital5,19146,Philadelphia,PA,39.9432,-75.1855
1 CC STERILE SYRINGE&NEEDLE,A4206,OUTPATIENT,1593.34,Amerihealth,Amerihealth Medicare,1031.42,"This service costs $1593.34 as standard price when patient does not have any insurance.
Same service costs $1031.42 if patient has 'Amerihealth Medicare' insurance plan.",University Hospital,hospital5,19146,Philadelphia,PA,39.9432,-75.1855
1 CC STERILE SYRINGE&NEEDLE,A4206,INPATIENT,1593.34,,,,Standard charge with no insurance.,University Hospital,hospital5,19146,Philadelphia,PA,39.9432,-75.1855
1 CC STERILE SYRINGE&NEEDLE,A4206,OUTPATIENT,1593.34,,,,Standard charge with no insurance.,University Hospital,hospital5,19146,Philadelphia,PA,39.9432,-75.1855
TRILOCK GRIDPL,C1713,BOTH,1060.8,Amerihealth,Amerihealth Commercial,633.19,"This service costs $1060.8 as standard price when patient does not have any insurance.
Same service costs $633.19 if patient has 'Amerihealth Commercial' insurance plan.",University Hospital,hospital5,19146,Philadelphia,PA,39.9432,-75.1855
TRILOCK GRIDPL,C1713,BOTH,1060.8,,,,Standard charge with no insurance.,University Hospital,hospital5,19146,Philadelphia,PA,39.9432,-75.1855
BASIC METABOLIC PANEL,80048,BOTH,1065.5,Highmark,Highmark Medicare,870.97,"This service costs $1065.5 as standard price when patient does not have any insurance.
Same service costs $870.97 if patient has 'Highmark Medicare' insurance plan.",University Hospital,hospital5,19146,Philadelphia,PA,39.9432,-75.1855
BASIC METABOLIC PANEL,80048,BOTH,1065.5,,,,Standard charge with no insurance.,University Hospital,hospital5,19146,Philadelphia,PA,39.9432,-75.1855
BASIC METABOLIC PANEL,80048,BOTH,1065.5,Aetna,Aetna Commercial,852.61,"This service costs $1065.5 as standard price when patient does not have any insurance.
Same service costs $852.61 if patient has 'Aetna Commercial' insurance plan.",University Hospital,hospital5,19146,Philadelphia,PA,39.9432,-75.1855
BASIC METABOLIC PANEL,80048,BOTH,1065.5,Aetna,Aetna Medicare,731.49,"This service costs $1065.5 as standard price when patient does not have any insurance.
Same service costs $731.49 if patient has 'Aetna Medicare' insurance plan.",University Hospital,hospital5,19146,Philadelphia,PA,39.9432,-75.1855
BASIC METABOLIC PANEL,80048,BOTH,1065.5,Aetna,Aetna Medicaid CHIP,575.52,"This service costs $1065.5 as standard price when patient does not have any insurance.
Same service costs $575.52 if patient has 'Aetna Medicaid CHIP' insurance plan.",University Hospital,hospital5,19146,Philadelphia,PA,39.9432,-75.1855
BASIC METABOLIC PANEL,80048,BOTH,1065.5,,,,Standard charge with no insurance.,University Hospital,hospital5,19146,Philadelphia,PA,39.9432,-75.1855
BASIC METABOLIC PANEL,80048,BOTH,1925.43,Aetna,Aetna Medicaid CHIP,1631.98,"This service costs $1925.43 as standard price when patient does not have any insurance.
Same service costs $1631.98 if patient has 'Aetna Medicaid CHIP' insurance plan.",University Hospital,hospital5,19146,Philadelphia,PA,39.9432,-75.1855
BASIC METABOLIC PANEL,80048,BOTH,1925.43,,,,Standard charge with no insurance.,University Hospital,hospital5,19146,Philadelphia,PA,39.9432,-75.1855
BASIC METABOLIC PANEL,80048,BOTH,1925.43,United Healthcare,United Healthcare Commercial,1815.59,"This service costs $1925.43 as standard price when patient does not have any insurance.
Same service costs $1815.59 if patient has 'United Healthcare Commercial' insurance plan.",University Hospital,hospital5,19146,Philadelphia,PA,39.9432,-75.1855
BASIC METABOLIC PANEL,80048,BOTH,1925.43,,,,Standard charge with no insurance.,University Hospital,hospital5,19146,Philadelphia,PA,39.9432,-75.1855
COMPLETE BLOOD COUNT,85025,BOTH,1327.02,,,,"Only standard charge and no price with insurance – meaning this service is provided by the hospital directly, and not through any insurance.",University Hospital,hospital5,19146,Philadelphia,PA,39.9432,-75.1855
1 CC STERILE SYRINGE&NEEDLE,A4206,INPATIENT,1096.4,,,,"Only standard charge and no price with insurance – meaning this service is provided by the hospital directly, and not through any insurance.",University Hospital,hospital5,19146,Philadelphia,PA,39.9432,-75.1855
1 CC STERILE SYRINGE&NEEDLE,A4206,OUTPATIENT,1096.4,,,,"Only standard charge and no price with insurance – meaning this service is provided by the hospital directly, and not through any insurance.",University Hospital,hospital5,19146,Philadelphia,PA,39.9432,-75.1855
BASIC METABOLIC PANEL,80048,BOTH,841.69,Amerihealth,Amerihealth Medicaid HC,716.45,"This service costs $841.69 as standard price when patient does not have any insurance.
Same service costs $716.45 if patient has 'Amerihealth Medicaid HC' insurance plan.",University Hospital,hospital5,19146,Philadelphia,PA,39.9432,-75.1855
BASIC METABOLIC PANEL,80048,BOTH,841.69,,,,Standard charge with no insurance.,University Hospital,hospital5,19146,Philadelphia,PA,39.9432,-75.1855
ABDOMINAL CT SCAN,74150,BOTH,1336.79,Highmark,Highmark Medicare,721.22,"This service costs $1336.79 as standard price when patient does not have any insurance.
Same service costs $721.22 if patient has 'Highmark Medicare' insurance plan.",University Hospital,hospital5,19146,Philadelphia,PA,39.9432,-75.1855
ABDOMINAL CT SCAN,74150,BOTH,1336.79,Highmark,Highmark ACA Products PROF,744.03,"This service costs $1336.79 as standard price when patient does not have any insurance.
Same service costs $744.03 if patient has 'Highmark ACA Products PROF' insurance plan.",University Hospital,hospital5,19146,Philadelphia,PA,39.9432,-75.1855
ABDOMINAL CT SCAN,74150,BOTH,1336.79,Highmark,Highmark Commercial PROF,717.23,"This service costs $1336.79 as standard price when patient does not have any insurance.
Same service costs $717.23 if patient has 'Highmark Commercial PROF' insurance plan.",University Hospital,hospital5,19146,Philadelphia,PA,39.9432,-75.1855
ABDOMINAL CT SCAN,74150,BOTH,1336.79,,,,Standard charge with no insurance.,University Hospital,hospital5,19146,Philadelphia,PA,39.9432,-75.1855
ABDOMINAL CT SCAN,74150,BOTH,1336.79,Amerihealth,Amerihealth Medicaid HC,1114.64,"This service costs $1336.79 as standard price when patient does not have any insurance.
Same service costs $1114.64 if patient has 'Amerihealth Medicaid HC' insurance plan.",University Hospital,hospital5,19146,Philadelphia,PA,39.9432,-75.1855
ABDOMINAL CT SCAN,74150,BOTH,1336.79,Amerihealth,Amerihealth Medicare,872.71,"This service costs $1336.79 as standard price when patient does not have any insurance.
Same service costs $872.71 if patient has 'Amerihealth Medicare' insurance plan.",University Hospital,hospital5,19146,Philadelphia,PA,39.9432,-75.1855
ABDOMINAL CT SCAN,74150,BOTH,1336.79,Amerihealth,Amerihealth Commercial,758.78,"This service costs $1336.79 as standard price when patient does not have any insurance.
Same service costs $758.78 if patient has 'Amerihealth Commercial' insurance plan.",University Hospital,hospital5,19146,Philadelphia,PA,39.9432,-75.1855
ABDOMINAL CT SCAN,74150,BOTH,1336.79,,,,Standard charge with no insurance.,University Hospital,hospital5,19146,Philadelphia,PA,39.9432,-75.1855
ABDOMINAL CT SCAN,74150,BOTH,1336.79,Aetna,Aetna Commercial,923.22,"This service costs $1336.79 as standard price when patient does not have any insurance.
Same service costs $923.22 if patient has 'Aetna Commercial' insurance plan.",University Hospital,hospital5,19146,Philadelphia,PA,39.9432,-75.1855
ABDOMINAL CT SCAN,74150,BOTH,1336.79,Aetna,Aetna Medicaid CHIP,1040.6,"This service costs $1336.79 as standard price when patient does not have any insurance.
Same service costs $1040.6 if patient has 'Aetna Medicaid CHIP' insurance plan.",University Hospital,hospital5,19146,Philadelphia,PA,39.9432,-75.1855
ABDOMINAL CT SCAN,74150,BOTH,1336.79,,,,Standard charge with no insurance.,University Hospital,hospital5,19146,Philadelphia,PA,39.9432,-75.1855
BASIC METABOLIC PANEL,80048,BOTH,1331.37,,,,"Only standard charge and no price with insurance – meaning this service is provided by the hospital directly, and not through any insurance.",University Hospital,hospital5,19146,Philadelphia,PA,39.9432,-75.1855
ABDOMINAL CT SCAN,74150,BOTH,949.85,,,,"Only standard charge and no price with insurance – meaning this service is provided by the hospital directly, and not through any insurance.",University Hospital,hospital5,19146,Philadelphia,PA,39.9432,-75.1855
1 CC STERILE SYRINGE&NEEDLE,A4206,INPATIENT,257.06,United Healthcare,United Healthcare Medicaid,176.06,"This service costs $257.06 as standard price when patient does not have any insurance.
Same service costs $176.06 if patient has 'United Healthcare Medicaid' insurance plan.",University Hospital,hospital5,19146,Philadelphia,PA,39.9432,-75.1855
1 CC STERILE SYRINGE&NEEDLE,A4206,OUTPATIENT,257.06,United Healthcare,United Healthcare Medicaid,176.06,"This service costs $257.06 as standard price when patient does not have any insurance.
Same service costs $176.06 if patient has 'United Healthcare Medicaid' insurance plan.",University Hospital,hospital5,19146,Philadelphia,PA,39.9432,-75.1855
1 CC STERILE SYRINGE&NEEDLE,A4206,INPATIENT,257.06,United Healthcare,United Healthcare Commercial,229.73,"This service costs $257.06 as standard price when patient does not have any insurance.
Same service costs $229.73 if patient has 'United Healthcare Commercial' insurance plan.",University Hospital,hospital5,19146,Philadelphia,PA,39.9432,-75.1855
1 CC STERILE SYRINGE&NEEDLE,A4206,OUTPATIENT,257.06,United Healthcare,United Healthcare Commercial,229.73,"This service costs $257.06 as standard price when patient does not have any insurance.
Same service costs $229.73 if patient has 'United Healthcare Commercial' insurance plan.",University Hospital,hospital5,19146,Philadelphia,PA,39.9432,-75.1855
1 CC STERILE SYRINGE&NEEDLE,A4206,INPATIENT,257.06,,,,Standard charge with no insurance.,University Hospital,hospital5,19146,Philadelphia,PA,39.9432,-75.1855
1 CC STERILE SYRINGE&NEEDLE,A4206,OUTPATIENT,257.06,,,,Standard charge with no insurance.,University Hospital,hospital5,19146,Philadelphia,PA,39.9432,-75.1855
BASIC METABOLIC PANEL,80048,BOTH,211.58,Aetna,Aetna Medicaid CHIP,196.73,"This service costs $211.58 as standard price when patient does not have any insurance.
Same service costs $196.73 if patient has 'Aetna Medicaid CHIP' insurance plan.",University Hospital,hospital5,19146,Philadelphia,PA,39.9432,-75.1855
BASIC METABOLIC PANEL,80048,BOTH,211.58,,,,Standard charge with no insurance.,University Hospital,hospital5,19146,Philadelphia,PA,39.9432,-75.1855
BASIC METABOLIC PANEL,80048,BOTH,211.58,Humana,Humana Medicare HMO,163.26,"This service costs $211.58 as standard price when patient does not have any insurance.
Same service costs $163.26 if patient has 'Humana Medicare HMO' insurance plan.",University Hospital,hospital5,19146,Philadelphia,PA,39.9432,-75.1855
BASIC METABOLIC PANEL,80048,BOTH,211.58,,,,Standard charge with no insurance.,University Hospital,hospital5,19146,Philadelphia,PA,39.9432,-75.1855
BASIC METABOLIC PANEL,80048,BOTH,211.58,United Healthcare,United Healthcare Commercial,169.89,"This service costs $211.58 as standard price when patient does not have any insurance.
Same service costs $169.89 if patient has 'United Healthcare Commercial' insurance plan.",University Hospital,hospital5,19146,Philadelphia,PA,39.9432,-75.1855
BASIC METABOLIC PANEL,80048,BOTH,211.58,,,,Standard charge with no insurance.,University Hospital,hospital5,19146,Philadelphia,PA,39.9432,-75.1855
CHG MRI BRAIN,70551,OUTPATIENT,1928.82,Aetna,Aetna Medicare,1831.99,"This service costs $1928.82 as standard price when patient does not have any insurance.
Same service costs $1831.99 if patient has 'Aetna Medicare' insurance plan.",University Hospital,hospital5,19146,Philadelphia,PA,39.9432,-75.1855
CHG MRI BRAIN,70551,OUTPATIENT,1928.82,Aetna,Aetna Medicaid CHIP,1727.11,"This service costs $1928.82 as standard price when patient does not have any insurance.
Same service costs $1727.11 if patient has 'Aetna Medicaid CHIP' insurance plan.",University Hospital,hospital5,19146,Philadelphia,PA,39.9432,-75.1855
CHG MRI BRAIN,70551,OUTPATIENT,1928.82,Aetna,Aetna Commercial,1037.35,"This service costs $1928.82 as standard price when patient does not have any insurance.
Same service costs $1037.35 if patient has 'Aetna Commercial' insurance plan.",University Hospital,hospital5,19146,Philadelphia,PA,39.9432,-75.1855
CHG MRI BRAIN,70551,OUTPATIENT,1928.82,,,,Standard charge with no insurance.,University Hospital,hospital5,19146,Philadelphia,PA,39.9432,-75.1855
CHG MRI BRAIN,70551,OUTPATIENT,1928.82,Highmark,Highmark Medicare,998.44,"This service costs $1928.82 as standard price when patient does not have any insurance.
Same service costs $998.44 if patient has 'Highmark Medicare' insurance plan.",University Hospital,hospital5,19146,Philadelphia,PA,39.9432,-75.1855
CHG MRI BRAIN,70551,OUTPATIENT,1928.82,Highmark,Highmark ACA Products PROF,1105.16,"This service costs $1928.82 as standard price when patient does not have any insurance.
Same service costs $1105.16 if patient has 'Highmark ACA Products PROF' insurance plan.",University Hospital,hospital5,19146,Philadelphia,PA,39.9432,-75.1855
CHG MRI BRAIN,70551,OUTPATIENT,1928.82,,,,Standard charge with no insurance.,University Hospital,hospital5,19146,Philadelphia,PA,39.9432,-75.1855
BASIC METABOLIC PANEL,80048,BOTH,617.23,,,,"Only standard charge and no price with insurance – meaning this service is provided by the hospital directly, and not through any insurance.",University Hospital,hospital5,19146,Philadelphia,PA,39.9432,-75.1855
2D ECHO,93306,OUTPATIENT,1492.71,,,,"Only standard charge and no price with insurance – meaning this service is provided by the hospital directly, and not through any insurance.",University Hospital,hospital5,19146,Philadelphia,PA,39.9432,-75.1855
TRILOCK SCAPHOID PLATE,C1713,BOTH,1245.04,Humana,Humana Medicare HMO,893.16,"This service costs $1245.04 as standard price when patient does not have any insurance.
Same service costs $893.16 if patient has 'Humana Medicare HMO' insurance plan.",University Hospital,hospital5,19146,Philadelphia,PA,39.9432,-75.1855
TRILOCK SCAPHOID PLATE,C1713,BOTH,1245.04,Humana,Humana Commercial,817.19,"This service costs $1245.04 as standard price when patient does not have any insurance.
Same service costs $817.19 if patient has 'Humana Commercial' insurance plan.",University Hospital,hospital5,19146,Philadelphia,PA,39.9432,-75.1855
TRILOCK SCAPHOID PLATE,C1713,BOTH,1245.04,,,,Standard charge with no insurance.,University Hospital,hospital5,19146,Philadelphia,PA,39.9432,-75.1855
TRILOCK GRIDPL,C1713,BOTH,1978.04,,,,"Only standard charge and no price with insurance – meaning this service is provided by the hospital directly, and not through any insurance.",University Hospital,hospital5,19146,Philadelphia,PA,39.9432,-75.1855
1 CC STERILE SYRINGE&NEEDLE,A4206,INPATIENT,1573.56,Highmark,Highmark Medicare,1054.84,"This service costs $1573.56 as standard price when patient does not have any insurance.
Same service costs $1054.84 if patient has 'Highmark Medicare' insurance plan.",University Hospital,hospital5,19146,Philadelphia,PA,39.9432,-75.1855
1 CC STERILE SYRINGE&NEEDLE,A4206,OUTPATIENT,1573.56,Highmark,Highmark Medicare,1054.84,"This service costs $1573.56 as standard price when patient does not have any insurance.
Same service costs $1054.84 if patient has 'Highmark Medicare' insurance plan.",University Hospital,hospital5,19146,Philadelphia,PA,39.9432,-75.1855
1 CC STERILE SYRINGE&NEEDLE,A4206,INPATIENT,1573.56,,,,Standard charge with no insurance.,University Hospital,hospital5,19146,Philadelphia,PA,39.9432,-75.1855
1 CC STERILE SYRINGE&NEEDLE,A4206,OUTPATIENT,1573.56,,,,Standard charge with no insurance.,University Hospital,hospital5,19146,Philadelphia,PA,39.9432,-75.1855
1 CC STERILE SYRINGE&NEEDLE,A4206,INPATIENT,1573.56,Humana,Humana Commercial,1489.17,"This service costs $1573.56 as standard price when patient does not have any insurance.
Same service costs $1489.17 if patient has 'Humana Commercial' insurance plan.",University Hospital,hospital5,19146,Philadelphia,PA,39.9432,-75.1855
1 CC STERILE SYRINGE&NEEDLE,A4206,OUTPATIENT,1573.56,Humana,Humana Commercial,1489.17,"This service costs $1573.56 as standard price when patient does not have any insurance.
Same service costs $1489.17 if patient has 'Humana Commercial' insurance plan.",University Hospital,hospital5,19146,Philadelphia,PA,39.9432,-75.1855
1 CC STERILE SYRINGE&NEEDLE,A4206,INPATIENT,1573.56,Humana,Humana Medicare HMO,982.24,"This service costs $1573.56 as standard price when patient does not have any insurance.
Same service costs $982.24 if patient has 'Humana Medicare HMO' insurance plan.",University Hospital,hospital5,19146,Philadelphia,PA,39.9432,-75.1855
1 CC STERILE SYRINGE&NEEDLE,A4206,OUTPATIENT,1573.56,Humana,Humana Medicare HMO,982.24,"This service costs $1573.56 as standard price when patient does not have any insurance.
Same service costs $982.24 if patient has 'Humana Medicare HMO' insurance plan.",University Hospital,hospital5,19146,Philadelphia,PA,39.9432,-75.1855
1 CC STERILE SYRINGE&NEEDLE,A4206,INPATIENT,1573.56,,,,Standard charge with no insurance.,University Hospital,hospital5,19146,Philadelphia,PA,39.9432,-75.1855
1 CC STERILE SYRINGE&NEEDLE,A4206,OUTPATIENT,1573.56,,,,Standard charge with no insurance.,University Hospital,hospital5,19146,Philadelphia,PA,39.9432,-75.1855
COMPLETE BLOOD COUNT,85025,BOTH,24.44,Amerihealth,Amerihealth Commercial,22.8,"This service costs $24.44 as standard price when patient does not have any insurance.
Same service costs $22.8 if patient has 'Amerihealth Commercial' insurance plan.",University Hospital,hospital5,19146,Philadelphia,PA,39.9432,-75.1855
COMPLETE BLOOD COUNT,85025,BOTH,24.44,,,,Standard charge with no insurance.,University Hospital,hospital5,19146,Philadelphia,PA,39.9432,-75.1855
COMPLETE BLOOD COUNT,85025,BOTH,24.44,Aetna,Aetna Medicaid CHIP,18.35,"This service costs $24.44 as standard price when patient does not have any insurance.
Same service costs $18.35 if patient has 'Aetna Medicaid CHIP' insurance plan.",University Hospital,hospital5,19146,Philadelphia,PA,39.9432,-75.1855
COMPLETE BLOOD COUNT,85025,BOTH,24.44,,,,Standard charge with no insurance.,University Hospital,hospital5,19146,Philadelphia,PA,39.9432,-75.1855
COMPLETE BLOOD COUNT,85025,BOTH,24.44,Highmark,Highmark Commercial PROF,14.29,"This service costs $24.44 as standard price when patient does not have any insurance.
Same service costs $14.29 if patient has 'Highmark Commercial PROF' insurance plan.",University Hospital,hospital5,19146,Philadelphia,PA,39.9432,-75.1855
COMPLETE BLOOD COUNT,85025,BOTH,24.44,,,,Standard charge with no insurance.,University Hospital,hospital5,19146,Philadelphia,PA,39.9432,-75.1855
BASIC METABOLIC PANEL,80048,BOTH,1423.77,Amerihealth,Amerihealth Medicare,1234.68,"This service costs $1423.77 as standard price when patient does not have any insurance.
Same service costs $1234.68 if patient has 'Amerihealth Medicare' insurance plan.",University Hospital,hospital5,19146,Philadelphia,PA,39.9432,-75.1855
BASIC METABOLIC PANEL,80048,BOTH,1423.77,,,,Standard charge with no insurance.,University Hospital,hospital5,19146,Philadelphia,PA,39.9432,-75.1855
BASIC METABOLIC PANEL,80048,BOTH,1423.77,Highmark,Highmark Medicare,813.37,"This service costs $1423.77 as standard price when patient does not have any insurance.
Same service costs $813.37 if patient has 'Highmark Medicare' insurance plan.",University Hospital,hospital5,19146,Philadelphia,PA,39.9432,-75.1855
BASIC METABOLIC PANEL,80048,BOTH,1423.77,Highmark,Highmark ACA Products PROF,980.89,"This service costs $1423.77 as standard price when patient does not have any insurance.
Same service costs $980.89 if patient has 'Highmark ACA Products PROF' insurance plan.",University Hospital,hospital5,19146,Philadelphia,PA,39.9432,-75.1855
BASIC METABOLIC PANEL,80048,BOTH,1423.77,,,,Standard charge with no insurance.,University Hospital,hospital5,19146,Philadelphia,PA,39.9432,-75.1855
BASIC METABOLIC PANEL,80048,BOTH,1423.77,Humana,Humana Medicare HMO,1002.67,"This service costs $1423.77 as standard price when patient does not have any insurance.
Same service costs $1002.67 if patient has 'Humana Medicare HMO' insurance plan.",University Hospital,hospital5,19146,Philadelphia,PA,39.9432,-75.1855
BASIC METABOLIC PANEL,80048,BOTH,1423.77,,,,Standard charge with no insurance.,University Hospital,hospital5,19146,Philadelphia,PA,39.9432,-75.1855
CHG MRI BRAIN,70551,OUTPATIENT,439.64,Amerihealth,Amerihealth Medicaid HC,279.61,"This service costs $439.64 as standard price when patient does not have any insurance.
Same service costs $279.61 if patient has 'Amerihealth Medicaid HC' insurance plan.",University Hospital,hospital5,19146,Philadelphia,PA,39.9432,-75.1855
CHG MRI BRAIN,70551,OUTPATIENT,439.64,Amerihealth,Amerihealth Commercial,415.04,"This service costs $439.64 as standard price when patient does not have any insurance.
Same service costs $415.04 if patient has 'Amerihealth Commercial' insurance plan.",University Hospital,hospital5,19146,Philadelphia,PA,39.9432,-75.1855
CHG MRI BRAIN,70551,OUTPATIENT,439.64,Amerihealth,Amerihealth Medicare,413.2,"This service costs $439.64 as standard price when patient does not have any insurance.
Same service costs $413.2 if patient has 'Amerihealth Medicare' insurance plan.",University Hospital,hospital5,19146,Philadelphia,PA,39.9432,-75.1855
CHG MRI BRAIN,70551,OUTPATIENT,439.64,,,,Standard charge with no insurance.,University Hospital,hospital5,19146,Philadelphia,PA,39.9432,-75.1855
CHG MRI BRAIN,70551,OUTPATIENT,439.64,Highmark,Highmark ACA Products PROF,408.88,"This service costs $439.64 as standard price when patient does not have any insurance.
Same service costs $408.88 if patient has 'Highmark ACA Products PROF' insurance plan.",University Hospital,hospital5,19146,Philadelphia,PA,39.9432,-75.1855
CHG MRI BRAIN,70551,OUTPATIENT,439.64,Highmark,Highmark Commercial PROF,257.22,"This service costs $439.64 as standard price when patient does not have any insurance.
Same service costs $257.22 if patient has 'Highmark Commercial PROF' insurance plan.",University Hospital,hospital5,19146,Philadelphia,PA,39.9432,-75.1855
CHG MRI BRAIN,70551,OUTPATIENT,439.64,,,,Standard charge with no insurance.,University Hospital,hospital5,19146,Philadelphia,PA,39.9432,-75.1855
1 CC STERILE SYRINGE&NEEDLE,A4206,INPATIENT,1549.54,United Healthcare,United Healthcare Medicaid,976.97,"This service costs $1549.54 as standard price when patient does not have any insurance.
Same service costs $976.97 if patient has 'United Healthcare Medicaid' insurance plan.",University Hospital,hospital5,19146,Philadelphia,PA,39.9432,-75.1855
1 CC STERILE SYRINGE&NEEDLE,A4206,OUTPATIENT,1549.54,United Healthcare,United Healthcare Medicaid,976.97,"This service costs $1549.54 as standard price when patient does not have any insurance.
Same service costs $976.97 if patient has 'United Healthcare Medicaid' insurance plan.",University Hospital,hospital5,19146,Philadelphia,PA,39.9432,-75.1855
1 CC STERILE SYRINGE&NEEDLE,A4206,INPATIENT,1549.54,United Healthcare,United Healthcare Commercial,1243.62,"This service costs $1549.54 as standard price when patient does not have any insurance.
Same service costs $1243.62 if patient has 'United Healthcare Commercial' insurance plan.",University Hospital,hospital5,19146,Philadelphia,PA,39.9432,-75.1855
1 CC STERILE SYRINGE&NEEDLE,A4206,OUTPATIENT,1549.54,United Healthcare,United Healthcare Commercial,1243.62,"This service costs $1549.54 as standard price when patient does not have any insurance.
Same service costs $1243.62 if patient has 'United Healthcare Commercial' insurance plan.",University Hospital,hospital5,19146,Philadelphia,PA,39.9432,-75.1855
1 CC STERILE SYRINGE&NEEDLE,A4206,INPATIENT,1549.54,United Healthcare,United Healthcare CHIP,1221.62,"This service costs $1549.54 as standard price when patient does not have any insurance.
Same service costs $1221.62 if patient has 'United Healthcare CHIP' insurance plan.",University Hospital,hospital5,19146,Philadelphia,PA,39.9432,-75.1855
1 CC STERILE SYRINGE&NEEDLE,A4206,OUTPATIENT,1549.54,United Healthcare,United Healthcare CHIP,1221.62,"This service costs $1549.54 as standard price when patient does not have any insurance.
Same service costs $1221.62 if patient has 'United Healthcare CHIP' insurance plan.",University Hospital,hospital5,19146,Philadelphia,PA,39.9432,-75.1855
1 CC STERILE SYRINGE&NEEDLE,A4206,INPATIENT,1549.54,,,,Standard charge with no insurance.,University Hospital,hospital5,19146,Philadelphia,PA,39.9432,-75.1855
1 CC STERILE SYRINGE&NEEDLE,A4206,OUTPATIENT,1549.54,,,,Standard charge with no insurance.,University Hospital,hospital5,19146,Philadelphia,PA,39.9432,-75.1855
1 CC STERILE SYRINGE&NEEDLE,A4206,INPATIENT,1549.54,Aetna,Aetna Commercial,1278.32,"This service costs $1549.54 as standard price when patient does not have any insurance.
Same service costs $1278.32 if patient has 'Aetna Commercial' insurance plan.",University Hospital,hospital5,19146,Philadelphia,PA,39.9432,-75.1855
1 CC STERILE SYRINGE&NEEDLE,A4206,OUTPATIENT,1549.54,Aetna,Aetna Commercial,1278.32,"This service costs $1549.54 as standard price when patient does not have any insurance.
Same service costs $1278.32 if patient has 'Aetna Commercial' insurance plan.",University Hospital,hospital5,19146,Philadelphia,PA,39.9432,-75.1855
1 CC STERILE SYRINGE&NEEDLE,A4206,INPATIENT,1549.54,Aetna,Aetna Medicare,982.44,"This service costs $1549.54 as standard price when patient does not have any insurance.
Same service costs $982.44 if patient has 'Aetna Medicare' insurance plan.",University Hospital,hospital5,19146,Philadelphia,PA,39.9432,-75.1855
1 CC STERILE SYRINGE&NEEDLE,A4206,OUTPATIENT,1549.54,Aetna,Aetna Medicare,982.44,"This service costs $1549.54 as standard price when patient does not have any insurance.
Same service costs $982.44 if patient has 'Aetna Medicare' insurance plan.",University Hospital,hospital5,19146,Philadelphia,PA,39.9432,-75.1855
1 CC STERILE SYRINGE&NEEDLE,A4206,INPATIENT,1549.54,,,,Standard charge with no insurance.,University Hospital,hospital5,19146,Philadelphia,PA,39.9432,-75.1855
1 CC STERILE SYRINGE&NEEDLE,A4206,OUTPATIENT,1549.54,,,,Standard charge with no insurance.,University Hospital,hospital5,19146,Philadelphia,PA,39.9432,-75.1855
CHG MRI BRAIN,70551,OUTPATIENT,1553.71,Aetna,Aetna Commercial,1277.29,"This service costs $1553.71 as standard price when patient does not have any insurance.
Same service costs $1277.29 if patient has 'Aetna Commercial' insurance plan.",University Hospital,hospital5,19146,Philadelphia,PA,39.9432,-75.1855
CHG MRI BRAIN,70551,OUTPATIENT,1553.71,,,,Standard charge with no insurance.,University Hospital,hospital5,19146,Philadelphia,PA,39.9432,-75.1855
CHG MRI BRAIN,70551,OUTPATIENT,1553.71,Highmark,Highmark ACA Products PROF,848.63,"This service costs $1553.71 as standard price when patient does not have any insurance.
Same service costs $848.63 if patient has 'Highmark ACA Products PROF' insurance plan.",University Hospital,hospital5,19146,Philadelphia,PA,39.9432,-75.1855
CHG MRI BRAIN,70551,OUTPATIENT,1553.71,Highmark,Highmark Medicare,840.06,"This service costs $1553.71 as standard price when patient does not have any insurance.
Same service costs $840.06 if patient has 'Highmark Medicare' insurance plan.",University Hospital,hospital5,19146,Philadelphia,PA,39.9432,-75.1855
CHG MRI BRAIN,70551,OUTPATIENT,1553.71,Highmark,Highmark Commercial PROF,929.29,"This service costs $1553.71 as standard price when patient does not have any insurance.
Same service costs $929.29 if patient has 'Highmark Commercial PROF' insurance plan.",University Hospital,hospital5,19146,Philadelphia,PA,39.9432,-75.1855
CHG MRI BRAIN,70551,OUTPATIENT,1553.71,,,,Standard charge with no insurance.,University Hospital,hospital5,19146,Philadelphia,PA,39.9432,-75.1855
ABDOMINAL CT SCAN,74150,BOTH,854.22,Aetna,Aetna Medicare,685.96,"This service costs $854.22 as standard price when patient does not have any insurance.
Same service costs $685.96 if patient has 'Aetna Medicare' insurance plan.",University Hospital,hospital5,19146,Philadelphia,PA,39.9432,-75.1855
ABDOMINAL CT SCAN,74150,BOTH,854.22,,,,Standard charge with no insurance.,University Hospital,hospital5,19146,Philadelphia,PA,39.9432,-75.1855
ACETYLCYSTEINE NON-COMP UNIT,J7608,OUTPATIENT,458.31,United Healthcare,United Healthcare Commercial,327.76,"This service costs $458.31 as standard price when patient does not have any insurance.
Same service costs $327.76 if patient has 'United Healthcare Commercial' insurance plan.",University Hospital,hospital5,19146,Philadelphia,PA,39.9432,-75.1855
ACETYLCYSTEINE NON-COMP UNIT,J7608,INPATIENT,458.31,United Healthcare,United Healthcare Commercial,327.76,"This service costs $458.31 as standard price when patient does not have any insurance.
Same service costs $327.76 if patient has 'United Healthcare Commercial' insurance plan.",University Hospital,hospital5,19146,Philadelphia,PA,39.9432,-75.1855
ACETYLCYSTEINE NON-COMP UNIT,J7608,OUTPATIENT,458.31,United Healthcare,United Healthcare Medicaid,342.06,"This service costs $458.31 as standard price when patient does not have any insurance.
Same service costs $342.06 if patient has 'United Healthcare Medicaid' insurance plan.",University Hospital,hospital5,19146,Philadelphia,PA,39.9432,-75.1855
ACETYLCYSTEINE NON-COMP UNIT,J7608,INPATIENT,458.31,United Healthcare,United Healthcare Medicaid,342.06,"This service costs $458.31 as standard price when patient does not have any insurance.
Same service costs $342.06 if patient has 'United Healthcare Medicaid' insurance plan.",University Hospital,hospital5,19146,Philadelphia,PA,39.9432,-75.1855
ACETYLCYSTEINE NON-COMP UNIT,J7608,OUTPATIENT,458.31,United Healthcare,United Healthcare CHIP,412.07,"This service costs $458.31 as standard price when patient does not have any insurance.
Same service costs $412.07 if patient has 'United Healthcare CHIP' insurance plan.",University Hospital,hospital5,19146,Philadelphia,PA,39.9432,-75.1855
ACETYLCYSTEINE NON-COMP UNIT,J7608,INPATIENT,458.31,United Healthcare,United Healthcare CHIP,412.07,"This service costs $458.31 as standard price when patient does not have any insurance.
Same service costs $412.07 if patient has 'United Healthcare CHIP' insurance plan.",University Hospital,hospital5,19146,Philadelphia,PA,39.9432,-75.1855
ACETYLCYSTEINE NON-COMP UNIT,J7608,OUTPATIENT,458.31,,,,Standard charge with no insurance.,University Hospital,hospital5,19146,Philadelphia,PA,39.9432,-75.1855
ACETYLCYSTEINE NON-COMP UNIT,J7608,INPATIENT,458.31,,,,Standard charge with no insurance.,University Hospital,hospital5,19146,Philadelphia,PA,39.9432,-75.1855
ACETYLCYSTEINE NON-COMP UNIT,J7608,OUTPATIENT,458.31,Aetna,Aetna Medicare,310.84,"This service costs $458.31 as standard price when patient does not have any insurance.
Same service costs $310.84 if patient has 'Aetna Medicare' insurance plan.",University Hospital,hospital5,19146,Philadelphia,PA,39.9432,-75.1855
ACETYLCYSTEINE NON-COMP UNIT,J7608,INPATIENT,458.31,Aetna,Aetna Medicare,310.84,"This service costs $458.31 as standard price when patient does not have any insurance.
Same service costs $310.84 if patient has 'Aetna Medicare' insurance plan.",University Hospital,hospital5,19146,Philadelphia,PA,39.9432,-75.1855
ACETYLCYSTEINE NON-COMP UNIT,J7608,OUTPATIENT,458.31,Aetna,Aetna Commercial,328.81,"This service costs $458.31 as standard price when patient does not have any insurance.
Same service costs $328.81 if patient has 'Aetna Commercial' insurance plan.",University Hospital,hospital5,19146,Philadelphia,PA,39.9432,-75.1855
ACETYLCYSTEINE NON-COMP UNIT,J7608,INPATIENT,458.31,Aetna,Aetna Commercial,328.81,"This service costs $458.31 as standard price when patient does not have any insurance.
Same service costs $328.81 if patient has 'Aetna Commercial' insurance plan.",University Hospital,hospital5,19146,Philadelphia,PA,39.9432,-75.1855
ACETYLCYSTEINE NON-COMP UNIT,J7608,OUTPATIENT,458.31,,,,Standard charge with no insurance.,University Hospital,hospital5,19146,Philadelphia,PA,39.9432,-75.1855
ACETYLCYSTEINE NON-COMP UNIT,J7608,INPATIENT,458.31,,,,Standard charge with no insurance.,University Hospital,hospital5,19146,Philadelphia,PA,39.9432,-75.1855
ACETYLCYSTEINE NON-COMP UNIT,J7608,OUTPATIENT,458.31,Humana,Humana Medicare PPO,278.72,"This service costs $458.31 as standard price when patient does not have any insurance.
Same service costs $278.72 if patient has 'Humana Medicare PPO' insurance plan.",University Hospital,hospital5,19146,Philadelphia,PA,39.9432,-75.1855
ACETYLCYSTEINE NON-COMP UNIT,J7608,INPATIENT,458.31,Humana,Humana Medicare PPO,278.72,"This service costs $458.31 as standard price when patient does not have any insurance.
Same service costs $278.72 if patient has 'Humana Medicare PPO' insurance plan.",University Hospital,hospital5,19146,Philadelphia,PA,39.9432,-75.1855
ACETYLCYSTEINE NON-COMP UNIT,J7608,OUTPATIENT,458.31,Humana,Humana Commercial,397.91,"This service costs $458.31 as standard price when patient does not have any insurance.
Same service costs $397.91 if patient has 'Humana Commercial' insurance plan.",University Hospital,hospital5,19146,Philadelphia,PA,39.9432,-75.1855
ACETYLCYSTEINE NON-COMP UNIT,J7608,INPATIENT,458.31,Humana,Humana Commercial,397.91,"This service costs $458.31 as standard price when patient does not have any insurance.
Same service costs $397.91 if patient has 'Humana Commercial' insurance plan.",University Hospital,hospital5,19146,Philadelphia,PA,39.9432,-75.1855
ACETYLCYSTEINE NON-COMP UNIT,J7608,OUTPATIENT,458.31,,,,Standard charge with no insurance.,University Hospital,hospital5,19146,Philadelphia,PA,39.9432,-75.1855
ACETYLCYSTEINE NON-COMP UNIT,J7608,INPATIENT,458.31,,,,Standard charge with no insurance.,University Hospital,hospital5,19146,Philadelphia,PA,39.9432,-75.1855
ACETYLCYSTEINE NON-COMP UNIT,J7608,OUTPATIENT,334.16,Aetna,Aetna Medicare,198.16,"This service costs $334.16 as standard price when patient does not have any insurance.
Same service costs $198.16 if patient has 'Aetna Medicare' insurance plan.",University Hospital,hospital5,19146,Philadelphia,PA,39.9432,-75.1855
ACETYLCYSTEINE NON-COMP UNIT,J7608,INPATIENT,334.16,Aetna,Aetna Medicare,198.16,"This service costs $334.16 as standard price when patient does not have any insurance.
Same service costs $198.16 if patient has 'Aetna Medicare' insurance plan.",University Hospital,hospital5,19146,Philadelphia,PA,39.9432,-75.1855
ACETYLCYSTEINE NON-COMP UNIT,J7608,OUTPATIENT,334.16,Aetna,Aetna Medicaid CHIP,225.25,"This service costs $334.16 as standard price when patient does not have any insurance.
Same service costs $225.25 if patient has 'Aetna Medicaid CHIP' insurance plan.",University Hospital,hospital5,19146,Philadelphia,PA,39.9432,-75.1855
ACETYLCYSTEINE NON-COMP UNIT,J7608,INPATIENT,334.16,Aetna,Aetna Medicaid CHIP,225.25,"This service costs $334.16 as standard price when patient does not have any insurance.
Same service costs $225.25 if patient has 'Aetna Medicaid CHIP' insurance plan.",University Hospital,hospital5,19146,Philadelphia,PA,39.9432,-75.1855
ACETYLCYSTEINE NON-COMP UNIT,J7608,OUTPATIENT,334.16,Aetna,Aetna Commercial,213.56,"This service costs $334.16 as standard price when patient does not have any insurance.
Same service costs $213.56 if patient has 'Aetna Commercial' insurance plan.",University Hospital,hospital5,19146,Philadelphia,PA,39.9432,-75.1855
ACETYLCYSTEINE NON-COMP UNIT,J7608,INPATIENT,334.16,Aetna,Aetna Commercial,213.56,"This service costs $334.16 as standard price when patient does not have any insurance.
Same service costs $213.56 if patient has 'Aetna Commercial' insurance plan.",University Hospital,hospital5,19146,Philadelphia,PA,39.9432,-75.1855
ACETYLCYSTEINE NON-COMP UNIT,J7608,OUTPATIENT,334.16,,,,Standard charge with no insurance.,University Hospital,hospital5,19146,Philadelphia,PA,39.9432,-75.1855
ACETYLCYSTEINE NON-COMP UNIT,J7608,INPATIENT,334.16,,,,Standard charge with no insurance.,University Hospital,hospital5,19146,Philadelphia,PA,39.9432,-75.1855
ACETYLCYSTEINE NON-COMP UNIT,J7608,OUTPATIENT,334.16,Highmark,Highmark ACA Products PROF,187.22,"This service costs $334.16 as standard price when patient does not have any insurance.
Same service costs $187.22 if patient has 'Highmark ACA Products PROF' insurance plan.",University Hospital,hospital5,19146,Philadelphia,PA,39.9432,-75.1855
ACETYLCYSTEINE NON-COMP UNIT,J7608,INPATIENT,334.16,Highmark,Highmark ACA Products PROF,187.22,"This service costs $334.16 as standard price when patient does not have any insurance.
Same service costs $187.22 if patient has 'Highmark ACA Products PROF' insurance plan.",University Hospital,hospital5,19146,Philadelphia,PA,39.9432,-75.1855
ACETYLCYSTEINE NON-COMP UNIT,J7608,OUTPATIENT,334.16,Highmark,Highmark Medicare,167.9,"This service costs $334.16 as standard price when patient does not have any insurance.
Same service costs $167.9 if patient has 'Highmark Medicare' insurance plan.",University Hospital,hospital5,19146,Philadelphia,PA,39.9432,-75.1855
ACETYLCYSTEINE NON-COMP UNIT,J7608,INPATIENT,334.16,Highmark,Highmark Medicare,167.9,"This service costs $334.16 as standard price when patient does not have any insurance.
Same service costs $167.9 if patient has 'Highmark Medicare' insurance plan.",University Hospital,hospital5,19146,Philadelphia,PA,39.9432,-75.1855
ACETYLCYSTEINE NON-COMP UNIT,J7608,OUTPATIENT,334.16,,,,Standard charge with no insurance.,University Hospital,hospital5,19146,Philadelphia,PA,39.9432,-75.1855
ACETYLCYSTEINE NON-COMP UNIT,J7608,INPATIENT,334.16,,,,Standard charge with no insurance.,University Hospital,hospital5,19146,Philadelphia,PA,39.9432,-75.1855
2D ECHO,93306,OUTPATIENT,607.38,United Healthcare,United Healthcare CHIP,474.12,"This service costs $607.38 as standard price when patient does not have any insurance.
Same service costs $474.12 if patient has 'United Healthcare CHIP' insurance plan.",University Hospital,hospital5,19146,Philadelphia,PA,39.9432,-75.1855
2D ECHO,93306,OUTPATIENT,607.38,United Healthcare,United Healthcare Commercial,462.98,"This service costs $607.38 as standard price when patient does not have any insurance.
Same service costs $462.98 if patient has 'United Healthcare Commercial' insurance plan.",University Hospital,hospital5,19146,Philadelphia,PA,39.9432,-75.1855
2D ECHO,93306,OUTPATIENT,607.38,United Healthcare,United Healthcare Medicaid,397.87,"This service costs $607.38 as standard price when patient does not have any insurance.
Same service costs $397.87 if patient has 'United Healthcare Medicaid' insurance plan.",University Hospital,hospital5,19146,Philadelphia,PA,39.9432,-75.1855
2D ECHO,93306,OUTPATIENT,607.38,,,,Standard charge with no insurance.,University Hospital,hospital5,19146,Philadelphia,PA,39.9432,-75.1855
2D ECHO,93306,OUTPATIENT,607.38,Highmark,Highmark Commercial PROF,535.96,"This service costs $607.38 as standard price when patient does not have any insurance.
Same service costs $535.96 if patient has 'Highmark Commercial PROF' insurance plan.",University Hospital,hospital5,19146,Philadelphia,PA,39.9432,-75.1855
2D ECHO,93306,OUTPATIENT,607.38,Highmark,Highmark Medicare,542.59,"This service costs $607.38 as standard price when patient does not have any insurance.
Same service costs $542.59 if patient has 'Highmark Medicare' insurance plan.",University Hospital,hospital5,19146,Philadelphia,PA,39.9432,-75.1855
2D ECHO,93306,OUTPATIENT,607.38,Highmark,Highmark ACA Products PROF,428.98,"This service costs $607.38 as standard price when patient does not have any insurance.
Same service costs $428.98 if patient has 'Highmark ACA Products PROF' insurance plan.",University Hospital,hospital5,19146,Philadelphia,PA,39.9432,-75.1855
2D ECHO,93306,OUTPATIENT,607.38,,,,Standard charge with no insurance.,University Hospital,hospital5,19146,Philadelphia,PA,39.9432,-75.1855
2D ECHO,93306,OUTPATIENT,607.38,Amerihealth,Amerihealth Medicare,374.04,"This service costs $607.38 as standard price when patient does not have any insurance.
Same service costs $374.04 if patient has 'Amerihealth Medicare' insurance plan.",University Hospital,hospital5,19146,Philadelphia,PA,39.9432,-75.1855
2D ECHO,93306,OUTPATIENT,607.38,Amerihealth,Amerihealth Medicaid HC,490.08,"This service costs $607.38 as standard price when patient does not have any insurance.
Same service costs $490.08 if patient has 'Amerihealth Medicaid HC' insurance plan.",University Hospital,hospital5,19146,Philadelphia,PA,39.9432,-75.1855
2D ECHO,93306,OUTPATIENT,607.38,,,,Standard charge with no insurance.,University Hospital,hospital5,19146,Philadelphia,PA,39.9432,-75.1855
TRILOCK SCAPHOID PLATE,C1713,BOTH,1578.57,,,,"Only standard charge and no price with insurance – meaning this service is provided by the hospital directly, and not through any insurance.",University Hospital,hospital5,19146,Philadelphia,PA,39.9432,-75.1855
TRILOCK GRIDPL,C1713,BOTH,602.1,,,,"Only standard charge and no price with insurance – meaning this service is provided by the hospital directly, and not through any insurance.",University Hospital,hospital5,19146,Philadelphia,PA,39.9432,-75.1855
2D ECHO,93306,OUTPATIENT,239.92,Amerihealth,Amerihealth Commercial,172.8,"This service costs $239.92 as standard price when patient does not have any insurance.
Same service costs $172.8 if patient has 'Amerihealth Commercial' insurance plan.",University Hospital,hospital5,19146,Philadelphia,PA,39.9432,-75.1855
2D ECHO,93306,OUTPATIENT,239.92,Amerihealth,Amerihealth Medicaid HC,172.65,"This service costs $239.92 as standard price when patient does not have any insurance.
Same service costs $172.65 if patient has 'Amerihealth Medicaid HC' insurance plan.",University Hospital,hospital5,19146,Philadelphia,PA,39.9432,-75.1855
2D ECHO,93306,OUTPATIENT,239.92,Amerihealth,Amerihealth Medicare,141.24,"This service costs $239.92 as standard price when patient does not have any insurance.
Same service costs $141.24 if patient has 'Amerihealth Medicare' insurance plan.",University Hospital,hospital5,19146,Philadelphia,PA,39.9432,-75.1855
2D ECHO,93306,OUTPATIENT,239.92,,,,Standard charge with no insurance.,University Hospital,hospital5,19146,Philadelphia,PA,39.9432,-75.1855
2D ECHO,93306,OUTPATIENT,239.92,Aetna,Aetna Commercial,150.87,"This service costs $239.92 as standard price when patient does not have any insurance.
Same service costs $150.87 if patient has 'Aetna Commercial' insurance plan.",University Hospital,hospital5,19146,Philadelphia,PA,39.9432,-75.1855
2D ECHO,93306,OUTPATIENT,239.92,Aetna,Aetna Medicare,138.9,"This service costs $239.92 as standard price when patient does not have any insurance.
Same service costs $138.9 if patient has 'Aetna Medicare' insurance plan.",University Hospital,hospital5,19146,Philadelphia,PA,39.9432,-75.1855
2D ECHO,93306,OUTPATIENT,239.92,Aetna,Aetna Medicaid CHIP,128.4,"This service costs $239.92 as standard price when patient does not have any insurance.
Same service costs $128.4 if patient has 'Aetna Medicaid CHIP' insurance plan.",University Hospital,hospital5,19146,Philadelphia,PA,39.9432,-75.1855
2D ECHO,93306,OUTPATIENT,239.92,,,,Standard charge with no insurance.,University Hospital,hospital5,19146,Philadelphia,PA,39.9432,-75.1855
TRILOCK GRIDPL,C1713,BOTH,1027.4,United Healthcare,United Healthcare Commercial,877.54,"This service costs $1027.4 as standard price when patient does not have any insurance.
Same service costs $877.54 if patient has 'United Healthcare Commercial' insurance plan.",University Hospital,hospital5,19146,Philadelphia,PA,39.9432,-75.1855
TRILOCK GRIDPL,C1713,BOTH,1027.4,United Healthcare,United Healthcare Medicaid,873.07,"This service costs $1027.4 as standard price when patient does not have any insurance.
Same service costs $873.07 if patient has 'United Healthcare Medicaid' insurance plan.",University Hospital,hospital5,19146,Philadelphia,PA,39.9432,-75.1855
TRILOCK GRIDPL,C1713,BOTH,1027.4,United Healthcare,United Healthcare CHIP,520.19,"This service costs $1027.4 as standard price when patient does not have any insurance.
Same service costs $520.19 if patient has 'United Healthcare CHIP' insurance plan.",University Hospital,hospital5,19146,Philadelphia,PA,39.9432,-75.1855
TRILOCK GRIDPL,C1713,BOTH,1027.4,,,,Standard charge with no insurance.,University Hospital,hospital5,19146,Philadelphia,PA,39.9432,-75.1855
TRILOCK GRIDPL,C1713,BOTH,1027.4,Amerihealth,Amerihealth Commercial,909.01,"This service costs $1027.4 as standard price when patient does not have any insurance.
Same service costs $909.01 if patient has 'Amerihealth Commercial' insurance plan.",University Hospital,hospital5,19146,Philadelphia,PA,39.9432,-75.1855
TRILOCK GRIDPL,C1713,BOTH,1027.4,,,,Standard charge with no insurance.,University Hospital,hospital5,19146,Philadelphia,PA,39.9432,-75.1855
TRILOCK GRIDPL,C1713,BOTH,1027.4,Aetna,Aetna Commercial,713.97,"This service costs $1027.4 as standard price when patient does not have any insurance.
Same service costs $713.97 if patient has 'Aetna Commercial' insurance plan.",University Hospital,hospital5,19146,Philadelphia,PA,39.9432,-75.1855
TRILOCK GRIDPL,C1713,BOTH,1027.4,,,,Standard charge with no insurance.,University Hospital,hospital5,19146,Philadelphia,PA,39.9432,-75.1855
CHG MRI BRAIN,70551,OUTPATIENT,1600.85,,,,"Only standard charge and no price with insurance – meaning this service is provided by the hospital directly, and not through any insurance.",University Hospital,hospital5,19146,Philadelphia,PA,39.9432,-75.1855
CHEST X-RAY,71045,BOTH,648.03,Amerihealth,Amerihealth Commercial,521.45,"This service costs $648.03 as standard price when patient does not have any insurance.
Same service costs $521.45 if patient has 'Amerihealth Commercial' insurance plan.",University Hospital,hospital5,19146,Philadelphia,PA,39.9432,-75.1855
CHEST X-RAY,71045,BOTH,648.03,Amerihealth,Amerihealth Medicare,516.99,"This service costs $648.03 as standard price when patient does not have any insurance.
Same service costs $516.99 if patient has 'Amerihealth Medicare' insurance plan.",University Hospital,hospital5,19146,Philadelphia,PA,39.9432,-75.1855
CHEST X-RAY,71045,BOTH,648.03,,,,Standard charge with no insurance.,University Hospital,hospital5,19146,Philadelphia,PA,39.9432,-75.1855
CHEST X-RAY,71045,BOTH,648.03,United Healthcare,United Healthcare Commercial,344.98,"This service costs $648.03 as standard price when patient does not have any insurance.
Same service costs $344.98 if patient has 'United Healthcare Commercial' insurance plan.",University Hospital,hospital5,19146,Philadelphia,PA,39.9432,-75.1855
CHEST X-RAY,71045,BOTH,648.03,United Healthcare,United Healthcare CHIP,590.98,"This service costs $648.03 as standard price when patient does not have any insurance.
Same service costs $590.98 if patient has 'United Healthcare CHIP' insurance plan.",University Hospital,hospital5,19146,Philadelphia,PA,39.9432,-75.1855
CHEST X-RAY,71045,BOTH,648.03,,,,Standard charge with no insurance.,University Hospital,hospital5,19146,Philadelphia,PA,39.9432,-75.1855
CHEST X-RAY,71045,BOTH,648.03,Humana,Humana Medicare PPO,479.3,"This service costs $648.03 as standard price when patient does not have any insurance.
Same service costs $479.3 if patient has 'Humana Medicare PPO' insurance plan.",University Hospital,hospital5,19146,Philadelphia,PA,39.9432,-75.1855
CHEST X-RAY,71045,BOTH,648.03,Humana,Humana Commercial,416.73,"This service costs $648.03 as standard price when patient does not have any insurance.
Same service costs $416.73 if patient has 'Humana Commercial' insurance plan.",University Hospital,hospital5,19146,Philadelphia,PA,39.9432,-75.1855
CHEST X-RAY,71045,BOTH,648.03,Humana,Humana Medicare HMO,533.1,"This service costs $648.03 as standard price when patient does not have any insurance.
Same service costs $533.1 if patient has 'Humana Medicare HMO' insurance plan.",University Hospital,hospital5,19146,Philadelphia,PA,39.9432,-75.1855
CHEST X-RAY,71045,BOTH,648.03,,,,Standard charge with no insurance.,University Hospital,hospital5,19146,Philadelphia,PA,39.9432,-75.1855
