Hospital ID,Hospital Name,Hospital Type,Street,City,State,Postal Code,Latitude,Longitude,Phone,Email,Website,Accepted Insurance,Service Description,Service Code,Setting,Standard Charge,Insurance,Plan Name,Negotiated Amount,Comments
hospital1,General Hospital,Clinic,8216 Main St,Philadelphia,PA,19103,39.9526,-75.1652,(555) 238-9743,info@hospital1.example.com,https://www.hospital1.example.com,"Aetna, Highmark, Humana, Amerihealth",CHEST X-RAY,71045,INPATIENT,497.9,Humana,Humana Commercial,307.34,Save $190.56 with Humana Humana Commercial plan.
hospital1,General Hospital,Clinic,8216 Main St,Philadelphia,PA,19103,39.9526,-75.1652,(555) 238-9743,info@hospital1.example.com,https://www.hospital1.example.com,"Aetna, Highmark, Humana, Amerihealth",CHEST X-RAY,71045,OUTPATIENT,497.9,Humana,Humana Commercial,307.34,Save $190.56 with Humana Humana Commercial plan.
hospital1,General Hospital,Clinic,8216 Main St,Philadelphia,PA,19103,39.9526,-75.1652,(555) 238-9743,info@hospital1.example.com,https://www.hospital1.example.com,"Aetna, Highmark, Humana, Amerihealth",CHEST X-RAY,71045,INPATIENT,497.9,Aetna,Aetna Commercial,432.07,Save $65.83 with Aetna Aetna Commercial plan.
hospital1,General Hospital,Clinic,8216 Main St,Philadelphia,PA,19103,39.9526,-75.1652,(555) 238-9743,info@hospital1.example.com,https://www.hospital1.example.com,"Aetna, Highmark, Humana, Amerihealth",CHEST X-RAY,71045,OUTPATIENT,497.9,Aetna,Aetna Commercial,432.07,Save $65.83 with Aetna Aetna Commercial plan.
hospital1,General Hospital,Clinic,8216 Main St,Philadelphia,PA,19103,39.9526,-75.1652,(555) 238-9743,info@hospital1.example.com,https://www.hospital1.example.com,"Aetna, Highmark, Humana, Amerihealth",CHEST X-RAY,71045,INPATIENT,497.9,Aetna,Aetna Medicare,297.68,Save $200.22 with Aetna Aetna Medicare plan.
hospital1,General Hospital,Clinic,8216 Main St,Philadelphia,PA,19103,39.9526,-75.1652,(555) 238-9743,info@hospital1.example.com,https://www.hospital1.example.com,"Aetna, Highmark, Humana, Amerihealth",CHEST X-RAY,71045,OUTPATIENT,497.9,Aetna,Aetna Medicare,297.68,Save $200.22 with Aetna Aetna Medicare plan.
hospital1,General Hospital,Clinic,8216 Main St,Philadelphia,PA,19103,39.9526,-75.1652,(555) 238-9743,info@hospital1.example.com,https://www.hospital1.example.com,"Aetna, Highmark, Humana, Amerihealth",1 CC STERILE SYRINGE&NEEDLE,A4206,INPATIENT,1320.87,Aetna,Aetna Medicaid CHIP,987.51,Save $333.36 with Aetna Aetna Medicaid CHIP plan.
hospital1,General Hospital,Clinic,8216 Main St,Philadelphia,PA,19103,39.9526,-75.1652,(555) 238-9743,info@hospital1.example.com,https://www.hospital1.example.com,"Aetna, Highmark, Humana, Amerihealth",1 CC STERILE SYRINGE&NEEDLE,A4206,OUTPATIENT,1320.87,Aetna,Aetna Medicaid CHIP,987.51,Save $333.36 with Aetna Aetna Medicaid CHIP plan.
hospital1,General Hospital,Clinic,8216 Main St,Philadelphia,PA,19103,39.9526,-75.1652,(555) 238-9743,info@hospital1.example.com,https://www.hospital1.example.com,"Aetna, Highmark, Humana, Amerihealth",1 CC STERILE SYRINGE&NEEDLE,A4206,INPATIENT,1320.87,Aetna,Aetna Medicare,748.96,Save $571.91 with Aetna Aetna Medicare plan.
hospital1,General Hospital,Clinic,8216 Main St,Philadelphia,PA,19103,39.9526,-75.1652,(555) 238-9743,info@hospital1.example.com,https://www.hospital1.example.com,"Aetna, Highmark, Humana, Amerihealth",1 CC STERILE SYRINGE&NEEDLE,A4206,OUTPATIENT,1320.87,Aetna,Aetna Medicare,748.96,Save $571.91 with Aetna Aetna Medicare plan.
hospital1,General Hospital,Clinic,8216 Main St,Philadelphia,PA,19103,39.9526,-75.1652,(555) 238-9743,info@hospital1.example.com,https://www.hospital1.example.com,"Aetna, Highmark, Humana, Amerihealth",1 CC STERILE SYRINGE&NEEDLE,A4206,INPATIENT,1320.87,Aetna,Aetna Commercial,787.72,Save $533.15 with Aetna Aetna Commercial plan.
hospital1,General Hospital,Clinic,8216 Main St,Philadelphia,PA,19103,39.9526,-75.1652,(555) 238-9743,info@hospital1.example.com,https://www.hospital1.example.com,"Aetna, Highmark, Humana, Amerihealth",1 CC STERILE SYRINGE&NEEDLE,A4206,OUTPATIENT,1320.87,Aetna,Aetna Commercial,787.72,Save $533.15 with Aetna Aetna Commercial plan.
hospital1,General Hospital,Clinic,8216 Main St,Philadelphia,PA,19103,39.9526,-75.1652,(555) 238-9743,info@hospital1.example.com,https://www.hospital1.example.com,"Aetna, Highmark, Humana, Amerihealth",TRILOCK SCAPHOID PLATE,C1713,INPATIENT,1814.0,,,,"Only standard charge, no insurance pricing available."
hospital1,General Hospital,Clinic,8216 Main St,Philadelphia,PA,19103,39.9526,-75.1652,(555) 238-9743,info@hospital1.example.com,https://www.hospital1.example.com,"Aetna, Highmark, Humana, Amerihealth",TRILOCK SCAPHOID PLATE,C1713,OUTPATIENT,1814.0,,,,"Only standard charge, no insurance pricing available."
hospital1,General Hospital,Clinic,8216 Main St,Philadelphia,PA,19103,39.9526,-75.1652,(555) 238-9743,info@hospital1.example.com,https://www.hospital1.example.com,"Aetna, Highmark, Humana, Amerihealth",ACETYLCYSTEINE NON-COMP UNIT,J7608,OUTPATIENT,530.72,United Healthcare,United Healthcare Commercial,478.93,Save $51.79 with United Healthcare United Healthcare Commercial plan.
hospital1,General Hospital,Clinic,8216 Main St,Philadelphia,PA,19103,39.9526,-75.1652,(555) 238-9743,info@hospital1.example.com,https://www.hospital1.example.com,"Aetna, Highmark, Humana, Amerihealth",ACETYLCYSTEINE NON-COMP UNIT,J7608,INPATIENT,530.72,United Healthcare,United Healthcare Commercial,478.93,Save $51.79 with United Healthcare United Healthcare Commercial plan.
hospital1,General Hospital,Clinic,8216 Main St,Philadelphia,PA,19103,39.9526,-75.1652,(555) 238-9743,info@hospital1.example.com,https://www.hospital1.example.com,"Aetna, Highmark, Humana, Amerihealth",ACETYLCYSTEINE NON-COMP UNIT,J7608,OUTPATIENT,530.72,Highmark,Highmark Commercial PROF,320.07,Save $210.65 with Highmark Highmark Commercial PROF plan.
hospital1,General Hospital,Clinic,8216 Main St,Philadelphia,PA,19103,39.9526,-75.1652,(555) 238-9743,info@hospital1.example.com,https://www.hospital1.example.com,"Aetna, Highmark, Humana, Amerihealth",ACETYLCYSTEINE NON-COMP UNIT,J7608,INPATIENT,530.72,Highmark,Highmark Commercial PROF,320.07,Save $210.65 with Highmark Highmark Commercial PROF plan.
hospital1,General Hospital,Clinic,8216 Main St,Philadelphia,PA,19103,39.9526,-75.1652,(555) 238-9743,info@hospital1.example.com,https://www.hospital1.example.com,"Aetna, Highmark, Humana, Amerihealth",ACETYLCYSTEINE NON-COMP UNIT,J7608,OUTPATIENT,530.72,Highmark,Highmark ACA Products PROF,290.36,Save $240.36 with Highmark Highmark ACA Products PROF plan.
hospital1,General Hospital,Clinic,8216 Main St,Philadelphia,PA,19103,39.9526,-75.1652,(555) 238-9743,info@hospital1.example.com,https://www.hospital1.example.com,"Aetna, Highmark, Humana, Amerihealth",ACETYLCYSTEINE NON-COMP UNIT,J7608,INPATIENT,530.72,Highmark,Highmark ACA Products PROF,290.36,Save $240.36 with Highmark Highmark ACA Products PROF plan.
hospital1,General Hospital,Clinic,8216 Main St,Philadelphia,PA,19103,39.9526,-75.1652,(555) 238-9743,info@hospital1.example.com,https://www.hospital1.example.com,"Aetna, Highmark, Humana, Amerihealth",ACETYLCYSTEINE NON-COMP UNIT,J7608,OUTPATIENT,530.72,Highmark,Highmark Medicare,324.89,Save $205.83 with Highmark Highmark Medicare plan.
hospital1,General Hospital,Clinic,8216 Main St,Philadelphia,PA,19103,39.9526,-75.1652,(555) 238-9743,info@hospital1.example.com,https://www.hospital1.example.com,"Aetna, Highmark, Humana, Amerihealth",ACETYLCYSTEINE NON-COMP UNIT,J7608,INPATIENT,530.72,Highmark,Highmark Medicare,324.89,Save $205.83 with Highmark Highmark Medicare plan.
hospital1,General Hospital,Clinic,8216 Main St,Philadelphia,PA,19103,39.9526,-75.1652,(555) 238-9743,info@hospital1.example.com,https://www.hospital1.example.com,"Aetna, Highmark, Humana, Amerihealth",COMPLETE BLOOD COUNT,85025,INPATIENT,141.83,Amerihealth,Amerihealth Medicare,123.3,Save $18.53 with Amerihealth Amerihealth Medicare plan.
hospital1,General Hospital,Clinic,8216 Main St,Philadelphia,PA,19103,39.9526,-75.1652,(555) 238-9743,info@hospital1.example.com,https://www.hospital1.example.com,"Aetna, Highmark, Humana, Amerihealth",COMPLETE BLOOD COUNT,85025,OUTPATIENT,141.83,Amerihealth,Amerihealth Medicare,123.3,Save $18.53 with Amerihealth Amerihealth Medicare plan.
hospital1,General Hospital,Clinic,8216 Main St,Philadelphia,PA,19103,39.9526,-75.1652,(555) 238-9743,info@hospital1.example.com,https://www.hospital1.example.com,"Aetna, Highmark, Humana, Amerihealth",COMPLETE BLOOD COUNT,85025,INPATIENT,141.83,Humana,Humana Medicare PPO,124.93,Save $16.9 with Humana Humana Medicare PPO plan.
hospital1,General Hospital,Clinic,8216 Main St,Philadelphia,PA,19103,39.9526,-75.1652,(555) 238-9743,info@hospital1.example.com,https://www.hospital1.example.com,"Aetna, Highmark, Humana, Amerihealth",COMPLETE BLOOD COUNT,85025,OUTPATIENT,141.83,Humana,Humana Medicare PPO,124.93,Save $16.9 with Humana Humana Medicare PPO plan.
hospital1,General Hospital,Clinic,8216 Main St,Philadelphia,PA,19103,39.9526,-75.1652,(555) 238-9743,info@hospital1.example.com,https://www.hospital1.example.com,"Aetna, Highmark, Humana, Amerihealth",COMPLETE BLOOD COUNT,85025,INPATIENT,141.83,Humana,Humana Medicare HMO,98.66,Save $43.17 with Humana Humana Medicare HMO plan.
hospital1,General Hospital,Clinic,8216 Main St,Philadelphia,PA,19103,39.9526,-75.1652,(555) 238-9743,info@hospital1.example.com,https://www.hospital1.example.com,"Aetna, Highmark, Humana, Amerihealth",COMPLETE BLOOD COUNT,85025,OUTPATIENT,141.83,Humana,Humana Medicare HMO,98.66,Save $43.17 with Humana Humana Medicare HMO plan.
hospital1,General Hospital,Clinic,8216 Main St,Philadelphia,PA,19103,39.9526,-75.1652,(555) 238-9743,info@hospital1.example.com,https://www.hospital1.example.com,"Aetna, Highmark, Humana, Amerihealth",COMPLETE BLOOD COUNT,85025,INPATIENT,141.83,Humana,Humana Commercial,104.59,Save $37.24 with Humana Humana Commercial plan.
hospital1,General Hospital,Clinic,8216 Main St,Philadelphia,PA,19103,39.9526,-75.1652,(555) 238-9743,info@hospital1.example.com,https://www.hospital1.example.com,"Aetna, Highmark, Humana, Amerihealth",COMPLETE BLOOD COUNT,85025,OUTPATIENT,141.83,Humana,Humana Commercial,104.59,Save $37.24 with Humana Humana Commercial plan.
hospital1,General Hospital,Clinic,8216 Main St,Philadelphia,PA,19103,39.9526,-75.1652,(555) 238-9743,info@hospital1.example.com,https://www.hospital1.example.com,"Aetna, Highmark, Humana, Amerihealth",COMPLETE BLOOD COUNT,85025,INPATIENT,141.83,United Healthcare,United Healthcare Medicaid,72.67,Save $69.16 with United Healthcare United Healthcare Medicaid plan.
hospital1,General Hospital,Clinic,8216 Main St,Philadelphia,PA,19103,39.9526,-75.1652,(555) 238-9743,info@hospital1.example.com,https://www.hospital1.example.com,"Aetna, Highmark, Humana, Amerihealth",COMPLETE BLOOD COUNT,85025,OUTPATIENT,141.83,United Healthcare,United Healthcare Medicaid,72.67,Save $69.16 with United Healthcare United Healthcare Medicaid plan.
hospital1,General Hospital,Clinic,8216 Main St,Philadelphia,PA,19103,39.9526,-75.1652,(555) 238-9743,info@hospital1.example.com,https://www.hospital1.example.com,"Aetna, Highmark, Humana, Amerihealth",COMPLETE BLOOD COUNT,85025,INPATIENT,141.83,United Healthcare,United Healthcare CHIP,72.13,Save $69.7 with United Healthcare United Healthcare CHIP plan.
hospital1,General Hospital,Clinic,8216 Main St,Philadelphia,PA,19103,39.9526,-75.1652,(555) 238-9743,info@hospital1.example.com,https://www.hospital1.example.com,"Aetna, Highmark, Humana, Amerihealth",COMPLETE BLOOD COUNT,85025,OUTPATIENT,141.83,United Healthcare,United Healthcare CHIP,72.13,Save $69.7 with United Healthcare United Healthcare CHIP plan.
hospital1,General Hospital,Clinic,8216 Main St,Philadelphia,PA,19103,39.9526,-75.1652,(555) 238-9743,info@hospital1.example.com,https://www.hospital1.example.com,"Aetna, Highmark, Humana, Amerihealth",COMPLETE BLOOD COUNT,85025,INPATIENT,141.83,United Healthcare,United Healthcare Commercial,72.3,Save $69.53 with United Healthcare United Healthcare Commercial plan.
hospital1,General Hospital,Clinic,8216 Main St,Philadelphia,PA,19103,39.9526,-75.1652,(555) 238-9743,info@hospital1.example.com,https://www.hospital1.example.com,"Aetna, Highmark, Humana, Amerihealth",COMPLETE BLOOD COUNT,85025,OUTPATIENT,141.83,United Healthcare,United Healthcare Commercial,72.3,Save $69.53 with United Healthcare United Healthcare Commercial plan.
hospital1,General Hospital,Clinic,8216 Main St,Philadelphia,PA,19103,39.9526,-75.1652,(555) 238-9743,info@hospital1.example.com,https://www.hospital1.example.com,"Aetna, Highmark, Humana, Amerihealth",BASIC METABOLIC PANEL,80048,INPATIENT,1518.99,Humana,Humana Medicare PPO,953.57,Save $565.42 with Humana Humana Medicare PPO plan.
hospital1,General Hospital,Clinic,8216 Main St,Philadelphia,PA,19103,39.9526,-75.1652,(555) 238-9743,info@hospital1.example.com,https://www.hospital1.example.com,"Aetna, Highmark, Humana, Amerihealth",BASIC METABOLIC PANEL,80048,OUTPATIENT,1518.99,Humana,Humana Medicare PPO,953.57,Save $565.42 with Humana Humana Medicare PPO plan.
hospital1,General Hospital,Clinic,8216 Main St,Philadelphia,PA,19103,39.9526,-75.1652,(555) 238-9743,info@hospital1.example.com,https://www.hospital1.example.com,"Aetna, Highmark, Humana, Amerihealth",BASIC METABOLIC PANEL,80048,INPATIENT,1518.99,Humana,Humana Medicare HMO,767.05,Save $751.94 with Humana Humana Medicare HMO plan.
hospital1,General Hospital,Clinic,8216 Main St,Philadelphia,PA,19103,39.9526,-75.1652,(555) 238-9743,info@hospital1.example.com,https://www.hospital1.example.com,"Aetna, Highmark, Humana, Amerihealth",BASIC METABOLIC PANEL,80048,OUTPATIENT,1518.99,Humana,Humana Medicare HMO,767.05,Save $751.94 with Humana Humana Medicare HMO plan.
hospital1,General Hospital,Clinic,8216 Main St,Philadelphia,PA,19103,39.9526,-75.1652,(555) 238-9743,info@hospital1.example.com,https://www.hospital1.example.com,"Aetna, Highmark, Humana, Amerihealth",2D ECHO,93306,OUTPATIENT,428.61,,,,"Only standard charge, no insurance pricing available."
hospital1,General Hospital,Clinic,8216 Main St,Philadelphia,PA,19103,39.9526,-75.1652,(555) 238-9743,info@hospital1.example.com,https://www.hospital1.example.com,"Aetna, Highmark, Humana, Amerihealth",TRILOCK GRIDPL,C1713,INPATIENT,1641.78,Highmark,Highmark Commercial PROF,1205.57,Save $436.21 with Highmark Highmark Commercial PROF plan.
hospital1,General Hospital,Clinic,8216 Main St,Philadelphia,PA,19103,39.9526,-75.1652,(555) 238-9743,info@hospital1.example.com,https://www.hospital1.example.com,"Aetna, Highmark, Humana, Amerihealth",TRILOCK GRIDPL,C1713,OUTPATIENT,1641.78,Highmark,Highmark Commercial PROF,1205.57,Save $436.21 with Highmark Highmark Commercial PROF plan.
hospital1,General Hospital,Clinic,8216 Main St,Philadelphia,PA,19103,39.9526,-75.1652,(555) 238-9743,info@hospital1.example.com,https://www.hospital1.example.com,"Aetna, Highmark, Humana, Amerihealth",TRILOCK GRIDPL,C1713,INPATIENT,1641.78,Highmark,Highmark Medicare,1392.62,Save $249.16 with Highmark Highmark Medicare plan.
hospital1,General Hospital,Clinic,8216 Main St,Philadelphia,PA,19103,39.9526,-75.1652,(555) 238-9743,info@hospital1.example.com,https://www.hospital1.example.com,"Aetna, Highmark, Humana, Amerihealth",TRILOCK GRIDPL,C1713,OUTPATIENT,1641.78,Highmark,Highmark Medicare,1392.62,Save $249.16 with Highmark Highmark Medicare plan.
hospital1,General Hospital,Clinic,8216 Main St,Philadelphia,PA,19103,39.9526,-75.1652,(555) 238-9743,info@hospital1.example.com,https://www.hospital1.example.com,"Aetna, Highmark, Humana, Amerihealth",TRILOCK GRIDPL,C1713,INPATIENT,1641.78,Highmark,Highmark ACA Products PROF,1319.37,Save $322.41 with Highmark Highmark ACA Products PROF plan.
hospital1,General Hospital,Clinic,8216 Main St,Philadelphia,PA,19103,39.9526,-75.1652,(555) 238-9743,info@hospital1.example.com,https://www.hospital1.example.com,"Aetna, Highmark, Humana, Amerihealth",TRILOCK GRIDPL,C1713,OUTPATIENT,1641.78,Highmark,Highmark ACA Products PROF,1319.37,Save $322.41 with Highmark Highmark ACA Products PROF plan.
hospital1,General Hospital,Clinic,8216 Main St,Philadelphia,PA,19103,39.9526,-75.1652,(555) 238-9743,info@hospital1.example.com,https://www.hospital1.example.com,"Aetna, Highmark, Humana, Amerihealth",TRILOCK GRIDPL,C1713,INPATIENT,1641.78,United Healthcare,United Healthcare Commercial,1066.09,Save $575.69 with United Healthcare United Healthcare Commercial plan.
hospital1,General Hospital,Clinic,8216 Main St,Philadelphia,PA,19103,39.9526,-75.1652,(555) 238-9743,info@hospital1.example.com,https://www.hospital1.example.com,"Aetna, Highmark, Humana, Amerihealth",TRILOCK GRIDPL,C1713,OUTPATIENT,1641.78,United Healthcare,United Healthcare Commercial,1066.09,Save $575.69 with United Healthcare United Healthcare Commercial plan.
hospital1,General Hospital,Clinic,8216 Main St,Philadelphia,PA,19103,39.9526,-75.1652,(555) 238-9743,info@hospital1.example.com,https://www.hospital1.example.com,"Aetna, Highmark, Humana, Amerihealth",ABDOMINAL CT SCAN,74150,INPATIENT,1938.75,Amerihealth,Amerihealth Medicaid HC,1627.94,Save $310.81 with Amerihealth Amerihealth Medicaid HC plan.
hospital1,General Hospital,Clinic,8216 Main St,Philadelphia,PA,19103,39.9526,-75.1652,(555) 238-9743,info@hospital1.example.com,https://www.hospital1.example.com,"Aetna, Highmark, Humana, Amerihealth",ABDOMINAL CT SCAN,74150,OUTPATIENT,1938.75,Amerihealth,Amerihealth Medicaid HC,1627.94,Save $310.81 with Amerihealth Amerihealth Medicaid HC plan.
hospital1,General Hospital,Clinic,8216 Main St,Philadelphia,PA,19103,39.9526,-75.1652,(555) 238-9743,info@hospital1.example.com,https://www.hospital1.example.com,"Aetna, Highmark, Humana, Amerihealth",ABDOMINAL CT SCAN,74150,INPATIENT,1938.75,Amerihealth,Amerihealth Medicare,999.12,Save $939.63 with Amerihealth Amerihealth Medicare plan.
hospital1,General Hospital,Clinic,8216 Main St,Philadelphia,PA,19103,39.9526,-75.1652,(555) 238-9743,info@hospital1.example.com,https://www.hospital1.example.com,"Aetna, Highmark, Humana, Amerihealth",ABDOMINAL CT SCAN,74150,OUTPATIENT,1938.75,Amerihealth,Amerihealth Medicare,999.12,Save $939.63 with Amerihealth Amerihealth Medicare plan.
hospital1,General Hospital,Clinic,8216 Main St,Philadelphia,PA,19103,39.9526,-75.1652,(555) 238-9743,info@hospital1.example.com,https://www.hospital1.example.com,"Aetna, Highmark, Humana, Amerihealth",ABDOMINAL CT SCAN,74150,INPATIENT,1938.75,Humana,Humana Medicare PPO,1158.87,Save $779.88 with Humana Humana Medicare PPO plan.
hospital1,General Hospital,Clinic,8216 Main St,Philadelphia,PA,19103,39.9526,-75.1652,(555) 238-9743,info@hospital1.example.com,https://www.hospital1.example.com,"Aetna, Highmark, Humana, Amerihealth",ABDOMINAL CT SCAN,74150,OUTPATIENT,1938.75,Humana,Humana Medicare PPO,1158.87,Save $779.88 with Humana Humana Medicare PPO plan.
hospital1,General Hospital,Clinic,8216 Main St,Philadelphia,PA,19103,39.9526,-75.1652,(555) 238-9743,info@hospital1.example.com,https://www.hospital1.example.com,"Aetna, Highmark, Humana, Amerihealth",ABDOMINAL CT SCAN,74150,INPATIENT,1938.75,Humana,Humana Medicare HMO,1509.8,Save $428.95 with Humana Humana Medicare HMO plan.
hospital1,General Hospital,Clinic,8216 Main St,Philadelphia,PA,19103,39.9526,-75.1652,(555) 238-9743,info@hospital1.example.com,https://www.hospital1.example.com,"Aetna, Highmark, Humana, Amerihealth",ABDOMINAL CT SCAN,74150,OUTPATIENT,1938.75,Humana,Humana Medicare HMO,1509.8,Save $428.95 with Humana Humana Medicare HMO plan.
hospital1,General Hospital,Clinic,8216 Main St,Philadelphia,PA,19103,39.9526,-75.1652,(555) 238-9743,info@hospital1.example.com,https://www.hospital1.example.com,"Aetna, Highmark, Humana, Amerihealth",ABDOMINAL CT SCAN,74150,INPATIENT,1938.75,Humana,Humana Commercial,1100.75,Save $838.0 with Humana Humana Commercial plan.
hospital1,General Hospital,Clinic,8216 Main St,Philadelphia,PA,19103,39.9526,-75.1652,(555) 238-9743,info@hospital1.example.com,https://www.hospital1.example.com,"Aetna, Highmark, Humana, Amerihealth",ABDOMINAL CT SCAN,74150,OUTPATIENT,1938.75,Humana,Humana Commercial,1100.75,Save $838.0 with Humana Humana Commercial plan.
hospital1,General Hospital,Clinic,8216 Main St,Philadelphia,PA,19103,39.9526,-75.1652,(555) 238-9743,info@hospital1.example.com,https://www.hospital1.example.com,"Aetna, Highmark, Humana, Amerihealth",ABDOMINAL CT SCAN,74150,INPATIENT,1938.75,Aetna,Aetna Medicaid CHIP,1391.09,Save $547.66 with Aetna Aetna Medicaid CHIP plan.
hospital1,General Hospital,Clinic,8216 Main St,Philadelphia,PA,19103,39.9526,-75.1652,(555) 238-9743,info@hospital1.example.com,https://www.hospital1.example.com,"Aetna, Highmark, Humana, Amerihealth",ABDOMINAL CT SCAN,74150,OUTPATIENT,1938.75,Aetna,Aetna Medicaid CHIP,1391.09,Save $547.66 with Aetna Aetna Medicaid CHIP plan.
hospital1,General Hospital,Clinic,8216 Main St,Philadelphia,PA,19103,39.9526,-75.1652,(555) 238-9743,info@hospital1.example.com,https://www.hospital1.example.com,"Aetna, Highmark, Humana, Amerihealth",CHG MRI BRAIN,70551,OUTPATIENT,1329.04,Aetna,Aetna Medicare,703.68,Save $625.36 with Aetna Aetna Medicare plan.
hospital1,General Hospital,Clinic,8216 Main St,Philadelphia,PA,19103,39.9526,-75.1652,(555) 238-9743,info@hospital1.example.com,https://www.hospital1.example.com,"Aetna, Highmark, Humana, Amerihealth",CHG MRI BRAIN,70551,OUTPATIENT,1329.04,Aetna,Aetna Medicaid CHIP,1224.96,Save $104.08 with Aetna Aetna Medicaid CHIP plan.
hospital1,General Hospital,Clinic,8216 Main St,Philadelphia,PA,19103,39.9526,-75.1652,(555) 238-9743,info@hospital1.example.com,https://www.hospital1.example.com,"Aetna, Highmark, Humana, Amerihealth",ACETYLCYSTEINE NON-COMP UNIT,J7608,OUTPATIENT,1805.46,Amerihealth,Amerihealth Medicaid HC,988.76,Save $816.7 with Amerihealth Amerihealth Medicaid HC plan.
hospital1,General Hospital,Clinic,8216 Main St,Philadelphia,PA,19103,39.9526,-75.1652,(555) 238-9743,info@hospital1.example.com,https://www.hospital1.example.com,"Aetna, Highmark, Humana, Amerihealth",ACETYLCYSTEINE NON-COMP UNIT,J7608,INPATIENT,1805.46,Amerihealth,Amerihealth Medicaid HC,988.76,Save $816.7 with Amerihealth Amerihealth Medicaid HC plan.
hospital1,General Hospital,Clinic,8216 Main St,Philadelphia,PA,19103,39.9526,-75.1652,(555) 238-9743,info@hospital1.example.com,https://www.hospital1.example.com,"Aetna, Highmark, Humana, Amerihealth",ACETYLCYSTEINE NON-COMP UNIT,J7608,OUTPATIENT,1805.46,Amerihealth,Amerihealth Medicare,1079.94,Save $725.52 with Amerihealth Amerihealth Medicare plan.
hospital1,General Hospital,Clinic,8216 Main St,Philadelphia,PA,19103,39.9526,-75.1652,(555) 238-9743,info@hospital1.example.com,https://www.hospital1.example.com,"Aetna, Highmark, Humana, Amerihealth",ACETYLCYSTEINE NON-COMP UNIT,J7608,INPATIENT,1805.46,Amerihealth,Amerihealth Medicare,1079.94,Save $725.52 with Amerihealth Amerihealth Medicare plan.
hospital1,General Hospital,Clinic,8216 Main St,Philadelphia,PA,19103,39.9526,-75.1652,(555) 238-9743,info@hospital1.example.com,https://www.hospital1.example.com,"Aetna, Highmark, Humana, Amerihealth",BASIC METABOLIC PANEL,80048,INPATIENT,1197.83,Highmark,Highmark ACA Products PROF,811.76,Save $386.07 with Highmark Highmark ACA Products PROF plan.
hospital1,General Hospital,Clinic,8216 Main St,Philadelphia,PA,19103,39.9526,-75.1652,(555) 238-9743,info@hospital1.example.com,https://www.hospital1.example.com,"Aetna, Highmark, Humana, Amerihealth",BASIC METABOLIC PANEL,80048,OUTPATIENT,1197.83,Highmark,Highmark ACA Products PROF,811.76,Save $386.07 with Highmark Highmark ACA Products PROF plan.
hospital1,General Hospital,Clinic,8216 Main St,Philadelphia,PA,19103,39.9526,-75.1652,(555) 238-9743,info@hospital1.example.com,https://www.hospital1.example.com,"Aetna, Highmark, Humana, Amerihealth",BASIC METABOLIC PANEL,80048,INPATIENT,1197.83,Highmark,Highmark Medicare,898.5,Save $299.33 with Highmark Highmark Medicare plan.
hospital1,General Hospital,Clinic,8216 Main St,Philadelphia,PA,19103,39.9526,-75.1652,(555) 238-9743,info@hospital1.example.com,https://www.hospital1.example.com,"Aetna, Highmark, Humana, Amerihealth",BASIC METABOLIC PANEL,80048,OUTPATIENT,1197.83,Highmark,Highmark Medicare,898.5,Save $299.33 with Highmark Highmark Medicare plan.
hospital1,General Hospital,Clinic,8216 Main St,Philadelphia,PA,19103,39.9526,-75.1652,(555) 238-9743,info@hospital1.example.com,https://www.hospital1.example.com,"Aetna, Highmark, Humana, Amerihealth",ACETYLCYSTEINE NON-COMP UNIT,J7608,OUTPATIENT,1469.33,Amerihealth,Amerihealth Commercial,1375.25,Save $94.08 with Amerihealth Amerihealth Commercial plan.
hospital1,General Hospital,Clinic,8216 Main St,Philadelphia,PA,19103,39.9526,-75.1652,(555) 238-9743,info@hospital1.example.com,https://www.hospital1.example.com,"Aetna, Highmark, Humana, Amerihealth",ACETYLCYSTEINE NON-COMP UNIT,J7608,INPATIENT,1469.33,Amerihealth,Amerihealth Commercial,1375.25,Save $94.08 with Amerihealth Amerihealth Commercial plan.
hospital1,General Hospital,Clinic,8216 Main St,Philadelphia,PA,19103,39.9526,-75.1652,(555) 238-9743,info@hospital1.example.com,https://www.hospital1.example.com,"Aetna, Highmark, Humana, Amerihealth",ACETYLCYSTEINE NON-COMP UNIT,J7608,OUTPATIENT,1469.33,Amerihealth,Amerihealth Medicare,758.47,Save $710.86 with Amerihealth Amerihealth Medicare plan.
hospital1,General Hospital,Clinic,8216 Main St,Philadelphia,PA,19103,39.9526,-75.1652,(555) 238-9743,info@hospital1.example.com,https://www.hospital1.example.com,"Aetna, Highmark, Humana, Amerihealth",ACETYLCYSTEINE NON-COMP UNIT,J7608,INPATIENT,1469.33,Amerihealth,Amerihealth Medicare,758.47,Save $710.86 with Amerihealth Amerihealth Medicare plan.
hospital1,General Hospital,Clinic,8216 Main St,Philadelphia,PA,19103,39.9526,-75.1652,(555) 238-9743,info@hospital1.example.com,https://www.hospital1.example.com,"Aetna, Highmark, Humana, Amerihealth",ACETYLCYSTEINE NON-COMP UNIT,J7608,OUTPATIENT,1469.33,United Healthcare,United Healthcare CHIP,1366.09,Save $103.24 with United Healthcare United Healthcare CHIP plan.
hospital1,General Hospital,Clinic,8216 Main St,Philadelphia,PA,19103,39.9526,-75.1652,(555) 238-9743,info@hospital1.example.com,https://www.hospital1.example.com,"Aetna, Highmark, Humana, Amerihealth",ACETYLCYSTEINE NON-COMP UNIT,J7608,INPATIENT,1469.33,United Healthcare,United Healthcare CHIP,1366.09,Save $103.24 with United Healthcare United Healthcare CHIP plan.
hospital1,General Hospital,Clinic,8216 Main St,Philadelphia,PA,19103,39.9526,-75.1652,(555) 238-9743,info@hospital1.example.com,https://www.hospital1.example.com,"Aetna, Highmark, Humana, Amerihealth",ACETYLCYSTEINE NON-COMP UNIT,J7608,OUTPATIENT,1469.33,United Healthcare,United Healthcare Medicaid,1252.33,Save $217.0 with United Healthcare United Healthcare Medicaid plan.
hospital1,General Hospital,Clinic,8216 Main St,Philadelphia,PA,19103,39.9526,-75.1652,(555) 238-9743,info@hospital1.example.com,https://www.hospital1.example.com,"Aetna, Highmark, Humana, Amerihealth",ACETYLCYSTEINE NON-COMP UNIT,J7608,INPATIENT,1469.33,United Healthcare,United Healthcare Medicaid,1252.33,Save $217.0 with United Healthcare United Healthcare Medicaid plan.
hospital1,General Hospital,Clinic,8216 Main St,Philadelphia,PA,19103,39.9526,-75.1652,(555) 238-9743,info@hospital1.example.com,https://www.hospital1.example.com,"Aetna, Highmark, Humana, Amerihealth",ACETYLCYSTEINE NON-COMP UNIT,J7608,OUTPATIENT,1469.33,United Healthcare,United Healthcare Commercial,1382.43,Save $86.9 with United Healthcare United Healthcare Commercial plan.
hospital1,General Hospital,Clinic,8216 Main St,Philadelphia,PA,19103,39.9526,-75.1652,(555) 238-9743,info@hospital1.example.com,https://www.hospital1.example.com,"Aetna, Highmark, Humana, Amerihealth",ACETYLCYSTEINE NON-COMP UNIT,J7608,INPATIENT,1469.33,United Healthcare,United Healthcare Commercial,1382.43,Save $86.9 with United Healthcare United Healthcare Commercial plan.
hospital1,General Hospital,Clinic,8216 Main St,Philadelphia,PA,19103,39.9526,-75.1652,(555) 238-9743,info@hospital1.example.com,https://www.hospital1.example.com,"Aetna, Highmark, Humana, Amerihealth",ACETYLCYSTEINE NON-COMP UNIT,J7608,OUTPATIENT,1469.33,Highmark,Highmark Medicare,787.75,Save $681.58 with Highmark Highmark Medicare plan.
hospital1,General Hospital,Clinic,8216 Main St,Philadelphia,PA,19103,39.9526,-75.1652,(555) 238-9743,info@hospital1.example.com,https://www.hospital1.example.com,"Aetna, Highmark, Humana, Amerihealth",ACETYLCYSTEINE NON-COMP UNIT,J7608,INPATIENT,1469.33,Highmark,Highmark Medicare,787.75,Save $681.58 with Highmark Highmark Medicare plan.
hospital1,General Hospital,Clinic,8216 Main St,Philadelphia,PA,19103,39.9526,-75.1652,(555) 238-9743,info@hospital1.example.com,https://www.hospital1.example.com,"Aetna, Highmark, Humana, Amerihealth",ACETYLCYSTEINE NON-COMP UNIT,J7608,OUTPATIENT,1469.33,Highmark,Highmark Commercial PROF,1012.01,Save $457.32 with Highmark Highmark Commercial PROF plan.
hospital1,General Hospital,Clinic,8216 Main St,Philadelphia,PA,19103,39.9526,-75.1652,(555) 238-9743,info@hospital1.example.com,https://www.hospital1.example.com,"Aetna, Highmark, Humana, Amerihealth",ACETYLCYSTEINE NON-COMP UNIT,J7608,INPATIENT,1469.33,Highmark,Highmark Commercial PROF,1012.01,Save $457.32 with Highmark Highmark Commercial PROF plan.
hospital1,General Hospital,Clinic,8216 Main St,Philadelphia,PA,19103,39.9526,-75.1652,(555) 238-9743,info@hospital1.example.com,https://www.hospital1.example.com,"Aetna, Highmark, Humana, Amerihealth",ACETYLCYSTEINE NON-COMP UNIT,J7608,OUTPATIENT,1469.33,Highmark,Highmark ACA Products PROF,844.82,Save $624.51 with Highmark Highmark ACA Products PROF plan.
hospital1,General Hospital,Clinic,8216 Main St,Philadelphia,PA,19103,39.9526,-75.1652,(555) 238-9743,info@hospital1.example.com,https://www.hospital1.example.com,"Aetna, Highmark, Humana, Amerihealth",ACETYLCYSTEINE NON-COMP UNIT,J7608,INPATIENT,1469.33,Highmark,Highmark ACA Products PROF,844.82,Save $624.51 with Highmark Highmark ACA Products PROF plan.
hospital1,General Hospital,Clinic,8216 Main St,Philadelphia,PA,19103,39.9526,-75.1652,(555) 238-9743,info@hospital1.example.com,https://www.hospital1.example.com,"Aetna, Highmark, Humana, Amerihealth",TRILOCK SCAPHOID PLATE,C1713,INPATIENT,908.0,Aetna,Aetna Medicare,548.86,Save $359.14 with Aetna Aetna Medicare plan.
hospital1,General Hospital,Clinic,8216 Main St,Philadelphia,PA,19103,39.9526,-75.1652,(555) 238-9743,info@hospital1.example.com,https://www.hospital1.example.com,"Aetna, Highmark, Humana, Amerihealth",TRILOCK SCAPHOID PLATE,C1713,OUTPATIENT,908.0,Aetna,Aetna Medicare,548.86,Save $359.14 with Aetna Aetna Medicare plan.
hospital1,General Hospital,Clinic,8216 Main St,Philadelphia,PA,19103,39.9526,-75.1652,(555) 238-9743,info@hospital1.example.com,https://www.hospital1.example.com,"Aetna, Highmark, Humana, Amerihealth",TRILOCK SCAPHOID PLATE,C1713,INPATIENT,908.0,Aetna,Aetna Commercial,559.67,Save $348.33 with Aetna Aetna Commercial plan.
hospital1,General Hospital,Clinic,8216 Main St,Philadelphia,PA,19103,39.9526,-75.1652,(555) 238-9743,info@hospital1.example.com,https://www.hospital1.example.com,"Aetna, Highmark, Humana, Amerihealth",TRILOCK SCAPHOID PLATE,C1713,OUTPATIENT,908.0,Aetna,Aetna Commercial,559.67,Save $348.33 with Aetna Aetna Commercial plan.
hospital1,General Hospital,Clinic,8216 Main St,Philadelphia,PA,19103,39.9526,-75.1652,(555) 238-9743,info@hospital1.example.com,https://www.hospital1.example.com,"Aetna, Highmark, Humana, Amerihealth",TRILOCK SCAPHOID PLATE,C1713,INPATIENT,908.0,Highmark,Highmark Commercial PROF,558.72,Save $349.28 with Highmark Highmark Commercial PROF plan.
hospital1,General Hospital,Clinic,8216 Main St,Philadelphia,PA,19103,39.9526,-75.1652,(555) 238-9743,info@hospital1.example.com,https://www.hospital1.example.com,"Aetna, Highmark, Humana, Amerihealth",TRILOCK SCAPHOID PLATE,C1713,OUTPATIENT,908.0,Highmark,Highmark Commercial PROF,558.72,Save $349.28 with Highmark Highmark Commercial PROF plan.
hospital1,General Hospital,Clinic,8216 Main St,Philadelphia,PA,19103,39.9526,-75.1652,(555) 238-9743,info@hospital1.example.com,https://www.hospital1.example.com,"Aetna, Highmark, Humana, Amerihealth",TRILOCK SCAPHOID PLATE,C1713,INPATIENT,908.0,Highmark,Highmark Medicare,643.05,Save $264.95 with Highmark Highmark Medicare plan.
hospital1,General Hospital,Clinic,8216 Main St,Philadelphia,PA,19103,39.9526,-75.1652,(555) 238-9743,info@hospital1.example.com,https://www.hospital1.example.com,"Aetna, Highmark, Humana, Amerihealth",TRILOCK SCAPHOID PLATE,C1713,OUTPATIENT,908.0,Highmark,Highmark Medicare,643.05,Save $264.95 with Highmark Highmark Medicare plan.
hospital1,General Hospital,Clinic,8216 Main St,Philadelphia,PA,19103,39.9526,-75.1652,(555) 238-9743,info@hospital1.example.com,https://www.hospital1.example.com,"Aetna, Highmark, Humana, Amerihealth",TRILOCK SCAPHOID PLATE,C1713,INPATIENT,908.0,United Healthcare,United Healthcare Commercial,809.77,Save $98.23 with United Healthcare United Healthcare Commercial plan.
hospital1,General Hospital,Clinic,8216 Main St,Philadelphia,PA,19103,39.9526,-75.1652,(555) 238-9743,info@hospital1.example.com,https://www.hospital1.example.com,"Aetna, Highmark, Humana, Amerihealth",TRILOCK SCAPHOID PLATE,C1713,OUTPATIENT,908.0,United Healthcare,United Healthcare Commercial,809.77,Save $98.23 with United Healthcare United Healthcare Commercial plan.
hospital1,General Hospital,Clinic,8216 Main St,Philadelphia,PA,19103,39.9526,-75.1652,(555) 238-9743,info@hospital1.example.com,https://www.hospital1.example.com,"Aetna, Highmark, Humana, Amerihealth",ACETYLCYSTEINE NON-COMP UNIT,J7608,OUTPATIENT,750.89,,,,"Only standard charge, no insurance pricing available."
hospital1,General Hospital,Clinic,8216 Main St,Philadelphia,PA,19103,39.9526,-75.1652,(555) 238-9743,info@hospital1.example.com,https://www.hospital1.example.com,"Aetna, Highmark, Humana, Amerihealth",ACETYLCYSTEINE NON-COMP UNIT,J7608,INPATIENT,750.89,,,,"Only standard charge, no insurance pricing available."
hospital2,Medical Center,Hospital,7140 Main St,Philadelphia,PA,19106,39.9496,-75.1467,(555) 804-9646,info@hospital2.example.com,https://www.hospital2.example.com,"Aetna, Highmark, Humana",TRILOCK GRIDPL,C1713,INPATIENT,1613.05,Amerihealth,Amerihealth Medicare,1044.77,Save $568.28 with Amerihealth Amerihealth Medicare plan.
hospital2,Medical Center,Hospital,7140 Main St,Philadelphia,PA,19106,39.9496,-75.1467,(555) 804-9646,info@hospital2.example.com,https://www.hospital2.example.com,"Aetna, Highmark, Humana",TRILOCK GRIDPL,C1713,OUTPATIENT,1613.05,Amerihealth,Amerihealth Medicare,1044.77,Save $568.28 with Amerihealth Amerihealth Medicare plan.
hospital2,Medical Center,Hospital,7140 Main St,Philadelphia,PA,19106,39.9496,-75.1467,(555) 804-9646,info@hospital2.example.com,https://www.hospital2.example.com,"Aetna, Highmark, Humana",TRILOCK GRIDPL,C1713,INPATIENT,1613.05,Amerihealth,Amerihealth Commercial,1175.74,Save $437.31 with Amerihealth Amerihealth Commercial plan.
hospital2,Medical Center,Hospital,7140 Main St,Philadelphia,PA,19106,39.9496,-75.1467,(555) 804-9646,info@hospital2.example.com,https://www.hospital2.example.com,"Aetna, Highmark, Humana",TRILOCK GRIDPL,C1713,OUTPATIENT,1613.05,Amerihealth,Amerihealth Commercial,1175.74,Save $437.31 with Amerihealth Amerihealth Commercial plan.
hospital2,Medical Center,Hospital,7140 Main St,Philadelphia,PA,19106,39.9496,-75.1467,(555) 804-9646,info@hospital2.example.com,https://www.hospital2.example.com,"Aetna, Highmark, Humana",TRILOCK GRIDPL,C1713,INPATIENT,1613.05,Amerihealth,Amerihealth Medicaid HC,1427.52,Save $185.53 with Amerihealth Amerihealth Medicaid HC plan.
hospital2,Medical Center,Hospital,7140 Main St,Philadelphia,PA,19106,39.9496,-75.1467,(555) 804-9646,info@hospital2.example.com,https://www.hospital2.example.com,"Aetna, Highmark, Humana",TRILOCK GRIDPL,C1713,OUTPATIENT,1613.05,Amerihealth,Amerihealth Medicaid HC,1427.52,Save $185.53 with Amerihealth Amerihealth Medicaid HC plan.
hospital2,Medical Center,Hospital,7140 Main St,Philadelphia,PA,19106,39.9496,-75.1467,(555) 804-9646,info@hospital2.example.com,https://www.hospital2.example.com,"Aetna, Highmark, Humana",TRILOCK GRIDPL,C1713,INPATIENT,1613.05,Highmark,Highmark ACA Products PROF,886.65,Save $726.4 with Highmark Highmark ACA Products PROF plan.
hospital2,Medical Center,Hospital,7140 Main St,Philadelphia,PA,19106,39.9496,-75.1467,(555) 804-9646,info@hospital2.example.com,https://www.hospital2.example.com,"Aetna, Highmark, Humana",TRILOCK GRIDPL,C1713,OUTPATIENT,1613.05,Highmark,Highmark ACA Products PROF,886.65,Save $726.4 with Highmark Highmark ACA Products PROF plan.
hospital2,Medical Center,Hospital,7140 Main St,Philadelphia,PA,19106,39.9496,-75.1467,(555) 804-9646,info@hospital2.example.com,https://www.hospital2.example.com,"Aetna, Highmark, Humana",TRILOCK GRIDPL,C1713,INPATIENT,1613.05,Highmark,Highmark Commercial PROF,1448.49,Save $164.56 with Highmark Highmark Commercial PROF plan.
hospital2,Medical Center,Hospital,7140 Main St,Philadelphia,PA,19106,39.9496,-75.1467,(555) 804-9646,info@hospital2.example.com,https://www.hospital2.example.com,"Aetna, Highmark, Humana",TRILOCK GRIDPL,C1713,OUTPATIENT,1613.05,Highmark,Highmark Commercial PROF,1448.49,Save $164.56 with Highmark Highmark Commercial PROF plan.
hospital2,Medical Center,Hospital,7140 Main St,Philadelphia,PA,19106,39.9496,-75.1467,(555) 804-9646,info@hospital2.example.com,https://www.hospital2.example.com,"Aetna, Highmark, Humana",TRILOCK GRIDPL,C1713,INPATIENT,1613.05,Highmark,Highmark Medicare,1282.76,Save $330.29 with Highmark Highmark Medicare plan.
hospital2,Medical Center,Hospital,7140 Main St,Philadelphia,PA,19106,39.9496,-75.1467,(555) 804-9646,info@hospital2.example.com,https://www.hospital2.example.com,"Aetna, Highmark, Humana",TRILOCK GRIDPL,C1713,OUTPATIENT,1613.05,Highmark,Highmark Medicare,1282.76,Save $330.29 with Highmark Highmark Medicare plan.
hospital2,Medical Center,Hospital,7140 Main St,Philadelphia,PA,19106,39.9496,-75.1467,(555) 804-9646,info@hospital2.example.com,https://www.hospital2.example.com,"Aetna, Highmark, Humana",TRILOCK GRIDPL,C1713,INPATIENT,1613.05,Humana,Humana Medicare PPO,1123.82,Save $489.23 with Humana Humana Medicare PPO plan.
hospital2,Medical Center,Hospital,7140 Main St,Philadelphia,PA,19106,39.9496,-75.1467,(555) 804-9646,info@hospital2.example.com,https://www.hospital2.example.com,"Aetna, Highmark, Humana",TRILOCK GRIDPL,C1713,OUTPATIENT,1613.05,Humana,Humana Medicare PPO,1123.82,Save $489.23 with Humana Humana Medicare PPO plan.
hospital2,Medical Center,Hospital,7140 Main St,Philadelphia,PA,19106,39.9496,-75.1467,(555) 804-9646,info@hospital2.example.com,https://www.hospital2.example.com,"Aetna, Highmark, Humana",TRILOCK GRIDPL,C1713,INPATIENT,1613.05,Humana,Humana Commercial,1307.66,Save $305.39 with Humana Humana Commercial plan.
hospital2,Medical Center,Hospital,7140 Main St,Philadelphia,PA,19106,39.9496,-75.1467,(555) 804-9646,info@hospital2.example.com,https://www.hospital2.example.com,"Aetna, Highmark, Humana",TRILOCK GRIDPL,C1713,OUTPATIENT,1613.05,Humana,Humana Commercial,1307.66,Save $305.39 with Humana Humana Commercial plan.
hospital2,Medical Center,Hospital,7140 Main St,Philadelphia,PA,19106,39.9496,-75.1467,(555) 804-9646,info@hospital2.example.com,https://www.hospital2.example.com,"Aetna, Highmark, Humana",TRILOCK GRIDPL,C1713,INPATIENT,1613.05,Humana,Humana Medicare HMO,1442.5,Save $170.55 with Humana Humana Medicare HMO plan.
hospital2,Medical Center,Hospital,7140 Main St,Philadelphia,PA,19106,39.9496,-75.1467,(555) 804-9646,info@hospital2.example.com,https://www.hospital2.example.com,"Aetna, Highmark, Humana",TRILOCK GRIDPL,C1713,OUTPATIENT,1613.05,Humana,Humana Medicare HMO,1442.5,Save $170.55 with Humana Humana Medicare HMO plan.
hospital2,Medical Center,Hospital,7140 Main St,Philadelphia,PA,19106,39.9496,-75.1467,(555) 804-9646,info@hospital2.example.com,https://www.hospital2.example.com,"Aetna, Highmark, Humana",CHEST X-RAY,71045,INPATIENT,1363.41,Aetna,Aetna Medicaid CHIP,953.79,Save $409.62 with Aetna Aetna Medicaid CHIP plan.
hospital2,Medical Center,Hospital,7140 Main St,Philadelphia,PA,19106,39.9496,-75.1467,(555) 804-9646,info@hospital2.example.com,https://www.hospital2.example.com,"Aetna, Highmark, Humana",CHEST X-RAY,71045,OUTPATIENT,1363.41,Aetna,Aetna Medicaid CHIP,953.79,Save $409.62 with Aetna Aetna Medicaid CHIP plan.
hospital2,Medical Center,Hospital,7140 Main St,Philadelphia,PA,19106,39.9496,-75.1467,(555) 804-9646,info@hospital2.example.com,https://www.hospital2.example.com,"Aetna, Highmark, Humana",CHEST X-RAY,71045,INPATIENT,1363.41,Aetna,Aetna Commercial,1141.47,Save $221.94 with Aetna Aetna Commercial plan.
hospital2,Medical Center,Hospital,7140 Main St,Philadelphia,PA,19106,39.9496,-75.1467,(555) 804-9646,info@hospital2.example.com,https://www.hospital2.example.com,"Aetna, Highmark, Humana",CHEST X-RAY,71045,OUTPATIENT,1363.41,Aetna,Aetna Commercial,1141.47,Save $221.94 with Aetna Aetna Commercial plan.
hospital2,Medical Center,Hospital,7140 Main St,Philadelphia,PA,19106,39.9496,-75.1467,(555) 804-9646,info@hospital2.example.com,https://www.hospital2.example.com,"Aetna, Highmark, Humana",CHEST X-RAY,71045,INPATIENT,1363.41,Aetna,Aetna Medicare,1126.84,Save $236.57 with Aetna Aetna Medicare plan.
hospital2,Medical Center,Hospital,7140 Main St,Philadelphia,PA,19106,39.9496,-75.1467,(555) 804-9646,info@hospital2.example.com,https://www.hospital2.example.com,"Aetna, Highmark, Humana",CHEST X-RAY,71045,OUTPATIENT,1363.41,Aetna,Aetna Medicare,1126.84,Save $236.57 with Aetna Aetna Medicare plan.
hospital2,Medical Center,Hospital,7140 Main St,Philadelphia,PA,19106,39.9496,-75.1467,(555) 804-9646,info@hospital2.example.com,https://www.hospital2.example.com,"Aetna, Highmark, Humana",TRILOCK SCAPHOID PLATE,C1713,INPATIENT,1842.96,Amerihealth,Amerihealth Commercial,1406.31,Save $436.65 with Amerihealth Amerihealth Commercial plan.
hospital2,Medical Center,Hospital,7140 Main St,Philadelphia,PA,19106,39.9496,-75.1467,(555) 804-9646,info@hospital2.example.com,https://www.hospital2.example.com,"Aetna, Highmark, Humana",TRILOCK SCAPHOID PLATE,C1713,OUTPATIENT,1842.96,Amerihealth,Amerihealth Commercial,1406.31,Save $436.65 with Amerihealth Amerihealth Commercial plan.
hospital2,Medical Center,Hospital,7140 Main St,Philadelphia,PA,19106,39.9496,-75.1467,(555) 804-9646,info@hospital2.example.com,https://www.hospital2.example.com,"Aetna, Highmark, Humana",TRILOCK SCAPHOID PLATE,C1713,INPATIENT,1842.96,Amerihealth,Amerihealth Medicaid HC,942.62,Save $900.34 with Amerihealth Amerihealth Medicaid HC plan.
hospital2,Medical Center,Hospital,7140 Main St,Philadelphia,PA,19106,39.9496,-75.1467,(555) 804-9646,info@hospital2.example.com,https://www.hospital2.example.com,"Aetna, Highmark, Humana",TRILOCK SCAPHOID PLATE,C1713,OUTPATIENT,1842.96,Amerihealth,Amerihealth Medicaid HC,942.62,Save $900.34 with Amerihealth Amerihealth Medicaid HC plan.
hospital2,Medical Center,Hospital,7140 Main St,Philadelphia,PA,19106,39.9496,-75.1467,(555) 804-9646,info@hospital2.example.com,https://www.hospital2.example.com,"Aetna, Highmark, Humana",TRILOCK SCAPHOID PLATE,C1713,INPATIENT,1842.96,United Healthcare,United Healthcare Medicaid,1073.15,Save $769.81 with United Healthcare United Healthcare Medicaid plan.
hospital2,Medical Center,Hospital,7140 Main St,Philadelphia,PA,19106,39.9496,-75.1467,(555) 804-9646,info@hospital2.example.com,https://www.hospital2.example.com,"Aetna, Highmark, Humana",TRILOCK SCAPHOID PLATE,C1713,OUTPATIENT,1842.96,United Healthcare,United Healthcare Medicaid,1073.15,Save $769.81 with United Healthcare United Healthcare Medicaid plan.
hospital2,Medical Center,Hospital,7140 Main St,Philadelphia,PA,19106,39.9496,-75.1467,(555) 804-9646,info@hospital2.example.com,https://www.hospital2.example.com,"Aetna, Highmark, Humana",TRILOCK SCAPHOID PLATE,C1713,INPATIENT,1842.96,United Healthcare,United Healthcare CHIP,1096.54,Save $746.42 with United Healthcare United Healthcare CHIP plan.
hospital2,Medical Center,Hospital,7140 Main St,Philadelphia,PA,19106,39.9496,-75.1467,(555) 804-9646,info@hospital2.example.com,https://www.hospital2.example.com,"Aetna, Highmark, Humana",TRILOCK SCAPHOID PLATE,C1713,OUTPATIENT,1842.96,United Healthcare,United Healthcare CHIP,1096.54,Save $746.42 with United Healthcare United Healthcare CHIP plan.
hospital2,Medical Center,Hospital,7140 Main St,Philadelphia,PA,19106,39.9496,-75.1467,(555) 804-9646,info@hospital2.example.com,https://www.hospital2.example.com,"Aetna, Highmark, Humana",TRILOCK SCAPHOID PLATE,C1713,INPATIENT,1842.96,Aetna,Aetna Medicare,1099.8,Save $743.16 with Aetna Aetna Medicare plan.
hospital2,Medical Center,Hospital,7140 Main St,Philadelphia,PA,19106,39.9496,-75.1467,(555) 804-9646,info@hospital2.example.com,https://www.hospital2.example.com,"Aetna, Highmark, Humana",TRILOCK SCAPHOID PLATE,C1713,OUTPATIENT,1842.96,Aetna,Aetna Medicare,1099.8,Save $743.16 with Aetna Aetna Medicare plan.
hospital2,Medical Center,Hospital,7140 Main St,Philadelphia,PA,19106,39.9496,-75.1467,(555) 804-9646,info@hospital2.example.com,https://www.hospital2.example.com,"Aetna, Highmark, Humana",TRILOCK SCAPHOID PLATE,C1713,INPATIENT,1842.96,Aetna,Aetna Commercial,1000.8,Save $842.16 with Aetna Aetna Commercial plan.
hospital2,Medical Center,Hospital,7140 Main St,Philadelphia,PA,19106,39.9496,-75.1467,(555) 804-9646,info@hospital2.example.com,https://www.hospital2.example.com,"Aetna, Highmark, Humana",TRILOCK SCAPHOID PLATE,C1713,OUTPATIENT,1842.96,Aetna,Aetna Commercial,1000.8,Save $842.16 with Aetna Aetna Commercial plan.
hospital2,Medical Center,Hospital,7140 Main St,Philadelphia,PA,19106,39.9496,-75.1467,(555) 804-9646,info@hospital2.example.com,https://www.hospital2.example.com,"Aetna, Highmark, Humana",2D ECHO,93306,OUTPATIENT,1447.13,,,,"Only standard charge, no insurance pricing available."
hospital2,Medical Center,Hospital,7140 Main St,Philadelphia,PA,19106,39.9496,-75.1467,(555) 804-9646,info@hospital2.example.com,https://www.hospital2.example.com,"Aetna, Highmark, Humana",ACETYLCYSTEINE NON-COMP UNIT,J7608,OUTPATIENT,609.64,Highmark,Highmark Medicare,455.71,Save $153.93 with Highmark Highmark Medicare plan.
hospital2,Medical Center,Hospital,7140 Main St,Philadelphia,PA,19106,39.9496,-75.1467,(555) 804-9646,info@hospital2.example.com,https://www.hospital2.example.com,"Aetna, Highmark, Humana",ACETYLCYSTEINE NON-COMP UNIT,J7608,INPATIENT,609.64,Highmark,Highmark Medicare,455.71,Save $153.93 with Highmark Highmark Medicare plan.
hospital2,Medical Center,Hospital,7140 Main St,Philadelphia,PA,19106,39.9496,-75.1467,(555) 804-9646,info@hospital2.example.com,https://www.hospital2.example.com,"Aetna, Highmark, Humana",ACETYLCYSTEINE NON-COMP UNIT,J7608,OUTPATIENT,609.64,Highmark,Highmark ACA Products PROF,511.09,Save $98.55 with Highmark Highmark ACA Products PROF plan.
hospital2,Medical Center,Hospital,7140 Main St,Philadelphia,PA,19106,39.9496,-75.1467,(555) 804-9646,info@hospital2.example.com,https://www.hospital2.example.com,"Aetna, Highmark, Humana",ACETYLCYSTEINE NON-COMP UNIT,J7608,INPATIENT,609.64,Highmark,Highmark ACA Products PROF,511.09,Save $98.55 with Highmark Highmark ACA Products PROF plan.
hospital2,Medical Center,Hospital,7140 Main St,Philadelphia,PA,19106,39.9496,-75.1467,(555) 804-9646,info@hospital2.example.com,https://www.hospital2.example.com,"Aetna, Highmark, Humana",ACETYLCYSTEINE NON-COMP UNIT,J7608,OUTPATIENT,609.64,Highmark,Highmark Commercial PROF,337.01,Save $272.63 with Highmark Highmark Commercial PROF plan.
hospital2,Medical Center,Hospital,7140 Main St,Philadelphia,PA,19106,39.9496,-75.1467,(555) 804-9646,info@hospital2.example.com,https://www.hospital2.example.com,"Aetna, Highmark, Humana",ACETYLCYSTEINE NON-COMP UNIT,J7608,INPATIENT,609.64,Highmark,Highmark Commercial PROF,337.01,Save $272.63 with Highmark Highmark Commercial PROF plan.
hospital2,Medical Center,Hospital,7140 Main St,Philadelphia,PA,19106,39.9496,-75.1467,(555) 804-9646,info@hospital2.example.com,https://www.hospital2.example.com,"Aetna, Highmark, Humana",ABDOMINAL CT SCAN,74150,INPATIENT,1175.54,Aetna,Aetna Medicare,619.57,Save $555.97 with Aetna Aetna Medicare plan.
hospital2,Medical Center,Hospital,7140 Main St,Philadelphia,PA,19106,39.9496,-75.1467,(555) 804-9646,info@hospital2.example.com,https://www.hospital2.example.com,"Aetna, Highmark, Humana",ABDOMINAL CT SCAN,74150,OUTPATIENT,1175.54,Aetna,Aetna Medicare,619.57,Save $555.97 with Aetna Aetna Medicare plan.
hospital2,Medical Center,Hospital,7140 Main St,Philadelphia,PA,19106,39.9496,-75.1467,(555) 804-9646,info@hospital2.example.com,https://www.hospital2.example.com,"Aetna, Highmark, Humana",ABDOMINAL CT SCAN,74150,INPATIENT,1175.54,Aetna,Aetna Commercial,609.96,Save $565.58 with Aetna Aetna Commercial plan.
hospital2,Medical Center,Hospital,7140 Main St,Philadelphia,PA,19106,39.9496,-75.1467,(555) 804-9646,info@hospital2.example.com,https://www.hospital2.example.com,"Aetna, Highmark, Humana",ABDOMINAL CT SCAN,74150,OUTPATIENT,1175.54,Aetna,Aetna Commercial,609.96,Save $565.58 with Aetna Aetna Commercial plan.
hospital2,Medical Center,Hospital,7140 Main St,Philadelphia,PA,19106,39.9496,-75.1467,(555) 804-9646,info@hospital2.example.com,https://www.hospital2.example.com,"Aetna, Highmark, Humana",ABDOMINAL CT SCAN,74150,INPATIENT,1175.54,Aetna,Aetna Medicaid CHIP,697.8,Save $477.74 with Aetna Aetna Medicaid CHIP plan.
hospital2,Medical Center,Hospital,7140 Main St,Philadelphia,PA,19106,39.9496,-75.1467,(555) 804-9646,info@hospital2.example.com,https://www.hospital2.example.com,"Aetna, Highmark, Humana",ABDOMINAL CT SCAN,74150,OUTPATIENT,1175.54,Aetna,Aetna Medicaid CHIP,697.8,Save $477.74 with Aetna Aetna Medicaid CHIP plan.
hospital2,Medical Center,Hospital,7140 Main St,Philadelphia,PA,19106,39.9496,-75.1467,(555) 804-9646,info@hospital2.example.com,https://www.hospital2.example.com,"Aetna, Highmark, Humana",ABDOMINAL CT SCAN,74150,INPATIENT,1175.54,Amerihealth,Amerihealth Medicare,1105.52,Save $70.02 with Amerihealth Amerihealth Medicare plan.
hospital2,Medical Center,Hospital,7140 Main St,Philadelphia,PA,19106,39.9496,-75.1467,(555) 804-9646,info@hospital2.example.com,https://www.hospital2.example.com,"Aetna, Highmark, Humana",ABDOMINAL CT SCAN,74150,OUTPATIENT,1175.54,Amerihealth,Amerihealth Medicare,1105.52,Save $70.02 with Amerihealth Amerihealth Medicare plan.
hospital2,Medical Center,Hospital,7140 Main St,Philadelphia,PA,19106,39.9496,-75.1467,(555) 804-9646,info@hospital2.example.com,https://www.hospital2.example.com,"Aetna, Highmark, Humana",ABDOMINAL CT SCAN,74150,INPATIENT,1175.54,Amerihealth,Amerihealth Medicaid HC,946.74,Save $228.8 with Amerihealth Amerihealth Medicaid HC plan.
hospital2,Medical Center,Hospital,7140 Main St,Philadelphia,PA,19106,39.9496,-75.1467,(555) 804-9646,info@hospital2.example.com,https://www.hospital2.example.com,"Aetna, Highmark, Humana",ABDOMINAL CT SCAN,74150,OUTPATIENT,1175.54,Amerihealth,Amerihealth Medicaid HC,946.74,Save $228.8 with Amerihealth Amerihealth Medicaid HC plan.
hospital2,Medical Center,Hospital,7140 Main St,Philadelphia,PA,19106,39.9496,-75.1467,(555) 804-9646,info@hospital2.example.com,https://www.hospital2.example.com,"Aetna, Highmark, Humana",ABDOMINAL CT SCAN,74150,INPATIENT,1175.54,Highmark,Highmark ACA Products PROF,615.44,Save $560.1 with Highmark Highmark ACA Products PROF plan.
hospital2,Medical Center,Hospital,7140 Main St,Philadelphia,PA,19106,39.9496,-75.1467,(555) 804-9646,info@hospital2.example.com,https://www.hospital2.example.com,"Aetna, Highmark, Humana",ABDOMINAL CT SCAN,74150,OUTPATIENT,1175.54,Highmark,Highmark ACA Products PROF,615.44,Save $560.1 with Highmark Highmark ACA Products PROF plan.
hospital2,Medical Center,Hospital,7140 Main St,Philadelphia,PA,19106,39.9496,-75.1467,(555) 804-9646,info@hospital2.example.com,https://www.hospital2.example.com,"Aetna, Highmark, Humana",ABDOMINAL CT SCAN,74150,INPATIENT,1175.54,Highmark,Highmark Commercial PROF,643.87,Save $531.67 with Highmark Highmark Commercial PROF plan.
hospital2,Medical Center,Hospital,7140 Main St,Philadelphia,PA,19106,39.9496,-75.1467,(555) 804-9646,info@hospital2.example.com,https://www.hospital2.example.com,"Aetna, Highmark, Humana",ABDOMINAL CT SCAN,74150,OUTPATIENT,1175.54,Highmark,Highmark Commercial PROF,643.87,Save $531.67 with Highmark Highmark Commercial PROF plan.
hospital2,Medical Center,Hospital,7140 Main St,Philadelphia,PA,19106,39.9496,-75.1467,(555) 804-9646,info@hospital2.example.com,https://www.hospital2.example.com,"Aetna, Highmark, Humana",ABDOMINAL CT SCAN,74150,INPATIENT,1175.54,Highmark,Highmark Medicare,908.16,Save $267.38 with Highmark Highmark Medicare plan.
hospital2,Medical Center,Hospital,7140 Main St,Philadelphia,PA,19106,39.9496,-75.1467,(555) 804-9646,info@hospital2.example.com,https://www.hospital2.example.com,"Aetna, Highmark, Humana",ABDOMINAL CT SCAN,74150,OUTPATIENT,1175.54,Highmark,Highmark Medicare,908.16,Save $267.38 with Highmark Highmark Medicare plan.
hospital2,Medical Center,Hospital,7140 Main St,Philadelphia,PA,19106,39.9496,-75.1467,(555) 804-9646,info@hospital2.example.com,https://www.hospital2.example.com,"Aetna, Highmark, Humana",COMPLETE BLOOD COUNT,85025,INPATIENT,299.17,Aetna,Aetna Commercial,188.39,Save $110.78 with Aetna Aetna Commercial plan.
hospital2,Medical Center,Hospital,7140 Main St,Philadelphia,PA,19106,39.9496,-75.1467,(555) 804-9646,info@hospital2.example.com,https://www.hospital2.example.com,"Aetna, Highmark, Humana",COMPLETE BLOOD COUNT,85025,OUTPATIENT,299.17,Aetna,Aetna Commercial,188.39,Save $110.78 with Aetna Aetna Commercial plan.
hospital2,Medical Center,Hospital,7140 Main St,Philadelphia,PA,19106,39.9496,-75.1467,(555) 804-9646,info@hospital2.example.com,https://www.hospital2.example.com,"Aetna, Highmark, Humana",COMPLETE BLOOD COUNT,85025,INPATIENT,299.17,Aetna,Aetna Medicare,270.06,Save $29.11 with Aetna Aetna Medicare plan.
hospital2,Medical Center,Hospital,7140 Main St,Philadelphia,PA,19106,39.9496,-75.1467,(555) 804-9646,info@hospital2.example.com,https://www.hospital2.example.com,"Aetna, Highmark, Humana",COMPLETE BLOOD COUNT,85025,OUTPATIENT,299.17,Aetna,Aetna Medicare,270.06,Save $29.11 with Aetna Aetna Medicare plan.
hospital2,Medical Center,Hospital,7140 Main St,Philadelphia,PA,19106,39.9496,-75.1467,(555) 804-9646,info@hospital2.example.com,https://www.hospital2.example.com,"Aetna, Highmark, Humana",BASIC METABOLIC PANEL,80048,INPATIENT,920.18,Highmark,Highmark Commercial PROF,715.29,Save $204.89 with Highmark Highmark Commercial PROF plan.
hospital2,Medical Center,Hospital,7140 Main St,Philadelphia,PA,19106,39.9496,-75.1467,(555) 804-9646,info@hospital2.example.com,https://www.hospital2.example.com,"Aetna, Highmark, Humana",BASIC METABOLIC PANEL,80048,OUTPATIENT,920.18,Highmark,Highmark Commercial PROF,715.29,Save $204.89 with Highmark Highmark Commercial PROF plan.
hospital2,Medical Center,Hospital,7140 Main St,Philadelphia,PA,19106,39.9496,-75.1467,(555) 804-9646,info@hospital2.example.com,https://www.hospital2.example.com,"Aetna, Highmark, Humana",BASIC METABOLIC PANEL,80048,INPATIENT,920.18,Highmark,Highmark ACA Products PROF,633.66,Save $286.52 with Highmark Highmark ACA Products PROF plan.
hospital2,Medical Center,Hospital,7140 Main St,Philadelphia,PA,19106,39.9496,-75.1467,(555) 804-9646,info@hospital2.example.com,https://www.hospital2.example.com,"Aetna, Highmark, Humana",BASIC METABOLIC PANEL,80048,OUTPATIENT,920.18,Highmark,Highmark ACA Products PROF,633.66,Save $286.52 with Highmark Highmark ACA Products PROF plan.
hospital2,Medical Center,Hospital,7140 Main St,Philadelphia,PA,19106,39.9496,-75.1467,(555) 804-9646,info@hospital2.example.com,https://www.hospital2.example.com,"Aetna, Highmark, Humana",CHG MRI BRAIN,70551,OUTPATIENT,298.7,Aetna,Aetna Commercial,183.62,Save $115.08 with Aetna Aetna Commercial plan.
hospital2,Medical Center,Hospital,7140 Main St,Philadelphia,PA,19106,39.9496,-75.1467,(555) 804-9646,info@hospital2.example.com,https://www.hospital2.example.com,"Aetna, Highmark, Humana",CHG MRI BRAIN,70551,OUTPATIENT,298.7,Aetna,Aetna Medicare,225.47,Save $73.23 with Aetna Aetna Medicare plan.
hospital2,Medical Center,Hospital,7140 Main St,Philadelphia,PA,19106,39.9496,-75.1467,(555) 804-9646,info@hospital2.example.com,https://www.hospital2.example.com,"Aetna, Highmark, Humana",CHG MRI BRAIN,70551,OUTPATIENT,298.7,Aetna,Aetna Medicaid CHIP,277.58,Save $21.12 with Aetna Aetna Medicaid CHIP plan.
hospital2,Medical Center,Hospital,7140 Main St,Philadelphia,PA,19106,39.9496,-75.1467,(555) 804-9646,info@hospital2.example.com,https://www.hospital2.example.com,"Aetna, Highmark, Humana",1 CC STERILE SYRINGE&NEEDLE,A4206,INPATIENT,938.06,,,,"Only standard charge, no insurance pricing available."
hospital2,Medical Center,Hospital,7140 Main St,Philadelphia,PA,19106,39.9496,-75.1467,(555) 804-9646,info@hospital2.example.com,https://www.hospital2.example.com,"Aetna, Highmark, Humana",1 CC STERILE SYRINGE&NEEDLE,A4206,OUTPATIENT,938.06,,,,"Only standard charge, no insurance pricing available."
hospital2,Medical Center,Hospital,7140 Main St,Philadelphia,PA,19106,39.9496,-75.1467,(555) 804-9646,info@hospital2.example.com,https://www.hospital2.example.com,"Aetna, Highmark, Humana",COMPLETE BLOOD COUNT,85025,INPATIENT,1632.09,Aetna,Aetna Commercial,1042.79,Save $589.3 with Aetna Aetna Commercial plan.
hospital2,Medical Center,Hospital,7140 Main St,Philadelphia,PA,19106,39.9496,-75.1467,(555) 804-9646,info@hospital2.example.com,https://www.hospital2.example.com,"Aetna, Highmark, Humana",COMPLETE BLOOD COUNT,85025,OUTPATIENT,1632.09,Aetna,Aetna Commercial,1042.79,Save $589.3 with Aetna Aetna Commercial plan.
hospital2,Medical Center,Hospital,7140 Main St,Philadelphia,PA,19106,39.9496,-75.1467,(555) 804-9646,info@hospital2.example.com,https://www.hospital2.example.com,"Aetna, Highmark, Humana",COMPLETE BLOOD COUNT,85025,INPATIENT,1632.09,Aetna,Aetna Medicare,1413.83,Save $218.26 with Aetna Aetna Medicare plan.
hospital2,Medical Center,Hospital,7140 Main St,Philadelphia,PA,19106,39.9496,-75.1467,(555) 804-9646,info@hospital2.example.com,https://www.hospital2.example.com,"Aetna, Highmark, Humana",COMPLETE BLOOD COUNT,85025,OUTPATIENT,1632.09,Aetna,Aetna Medicare,1413.83,Save $218.26 with Aetna Aetna Medicare plan.
hospital2,Medical Center,Hospital,7140 Main St,Philadelphia,PA,19106,39.9496,-75.1467,(555) 804-9646,info@hospital2.example.com,https://www.hospital2.example.com,"Aetna, Highmark, Humana",COMPLETE BLOOD COUNT,85025,INPATIENT,1632.09,Amerihealth,Amerihealth Medicaid HC,1187.45,Save $444.64 with Amerihealth Amerihealth Medicaid HC plan.
hospital2,Medical Center,Hospital,7140 Main St,Philadelphia,PA,19106,39.9496,-75.1467,(555) 804-9646,info@hospital2.example.com,https://www.hospital2.example.com,"Aetna, Highmark, Humana",COMPLETE BLOOD COUNT,85025,OUTPATIENT,1632.09,Amerihealth,Amerihealth Medicaid HC,1187.45,Save $444.64 with Amerihealth Amerihealth Medicaid HC plan.
hospital2,Medical Center,Hospital,7140 Main St,Philadelphia,PA,19106,39.9496,-75.1467,(555) 804-9646,info@hospital2.example.com,https://www.hospital2.example.com,"Aetna, Highmark, Humana",COMPLETE BLOOD COUNT,85025,INPATIENT,1632.09,Humana,Humana Medicare HMO,1142.75,Save $489.34 with Humana Humana Medicare HMO plan.
hospital2,Medical Center,Hospital,7140 Main St,Philadelphia,PA,19106,39.9496,-75.1467,(555) 804-9646,info@hospital2.example.com,https://www.hospital2.example.com,"Aetna, Highmark, Humana",COMPLETE BLOOD COUNT,85025,OUTPATIENT,1632.09,Humana,Humana Medicare HMO,1142.75,Save $489.34 with Humana Humana Medicare HMO plan.
hospital2,Medical Center,Hospital,7140 Main St,Philadelphia,PA,19106,39.9496,-75.1467,(555) 804-9646,info@hospital2.example.com,https://www.hospital2.example.com,"Aetna, Highmark, Humana",COMPLETE BLOOD COUNT,85025,INPATIENT,1632.09,Humana,Humana Medicare PPO,1321.79,Save $310.3 with Humana Humana Medicare PPO plan.
hospital2,Medical Center,Hospital,7140 Main St,Philadelphia,PA,19106,39.9496,-75.1467,(555) 804-9646,info@hospital2.example.com,https://www.hospital2.example.com,"Aetna, Highmark, Humana",COMPLETE BLOOD COUNT,85025,OUTPATIENT,1632.09,Humana,Humana Medicare PPO,1321.79,Save $310.3 with Humana Humana Medicare PPO plan.
hospital2,Medical Center,Hospital,7140 Main St,Philadelphia,PA,19106,39.9496,-75.1467,(555) 804-9646,info@hospital2.example.com,https://www.hospital2.example.com,"Aetna, Highmark, Humana",COMPLETE BLOOD COUNT,85025,INPATIENT,1632.09,Humana,Humana Commercial,959.86,Save $672.23 with Humana Humana Commercial plan.
hospital2,Medical Center,Hospital,7140 Main St,Philadelphia,PA,19106,39.9496,-75.1467,(555) 804-9646,info@hospital2.example.com,https://www.hospital2.example.com,"Aetna, Highmark, Humana",COMPLETE BLOOD COUNT,85025,OUTPATIENT,1632.09,Humana,Humana Commercial,959.86,Save $672.23 with Humana Humana Commercial plan.
hospital2,Medical Center,Hospital,7140 Main St,Philadelphia,PA,19106,39.9496,-75.1467,(555) 804-9646,info@hospital2.example.com,https://www.hospital2.example.com,"Aetna, Highmark, Humana",ACETYLCYSTEINE NON-COMP UNIT,J7608,OUTPATIENT,1571.55,,,,"Only standard charge, no insurance pricing available."
hospital2,Medical Center,Hospital,7140 Main St,Philadelphia,PA,19106,39.9496,-75.1467,(555) 804-9646,info@hospital2.example.com,https://www.hospital2.example.com,"Aetna, Highmark, Humana",ACETYLCYSTEINE NON-COMP UNIT,J7608,INPATIENT,1571.55,,,,"Only standard charge, no insurance pricing available."
hospital2,Medical Center,Hospital,7140 Main St,Philadelphia,PA,19106,39.9496,-75.1467,(555) 804-9646,info@hospital2.example.com,https://www.hospital2.example.com,"Aetna, Highmark, Humana",2D ECHO,93306,OUTPATIENT,990.96,Aetna,Aetna Medicare,827.44,Save $163.52 with Aetna Aetna Medicare plan.
hospital2,Medical Center,Hospital,7140 Main St,Philadelphia,PA,19106,39.9496,-75.1467,(555) 804-9646,info@hospital2.example.com,https://www.hospital2.example.com,"Aetna, Highmark, Humana",2D ECHO,93306,OUTPATIENT,990.96,Aetna,Aetna Commercial,543.92,Save $447.04 with Aetna Aetna Commercial plan.
hospital2,Medical Center,Hospital,7140 Main St,Philadelphia,PA,19106,39.9496,-75.1467,(555) 804-9646,info@hospital2.example.com,https://www.hospital2.example.com,"Aetna, Highmark, Humana",2D ECHO,93306,OUTPATIENT,990.96,Aetna,Aetna Medicaid CHIP,631.82,Save $359.14 with Aetna Aetna Medicaid CHIP plan.
hospital2,Medical Center,Hospital,7140 Main St,Philadelphia,PA,19106,39.9496,-75.1467,(555) 804-9646,info@hospital2.example.com,https://www.hospital2.example.com,"Aetna, Highmark, Humana",2D ECHO,93306,OUTPATIENT,990.96,United Healthcare,United Healthcare Commercial,700.56,Save $290.4 with United Healthcare United Healthcare Commercial plan.
hospital2,Medical Center,Hospital,7140 Main St,Philadelphia,PA,19106,39.9496,-75.1467,(555) 804-9646,info@hospital2.example.com,https://www.hospital2.example.com,"Aetna, Highmark, Humana",2D ECHO,93306,OUTPATIENT,990.96,United Healthcare,United Healthcare CHIP,547.57,Save $443.39 with United Healthcare United Healthcare CHIP plan.
hospital2,Medical Center,Hospital,7140 Main St,Philadelphia,PA,19106,39.9496,-75.1467,(555) 804-9646,info@hospital2.example.com,https://www.hospital2.example.com,"Aetna, Highmark, Humana",2D ECHO,93306,OUTPATIENT,990.96,Highmark,Highmark ACA Products PROF,825.32,Save $165.64 with Highmark Highmark ACA Products PROF plan.
hospital2,Medical Center,Hospital,7140 Main St,Philadelphia,PA,19106,39.9496,-75.1467,(555) 804-9646,info@hospital2.example.com,https://www.hospital2.example.com,"Aetna, Highmark, Humana",2D ECHO,93306,OUTPATIENT,990.96,Highmark,Highmark Medicare,859.99,Save $130.97 with Highmark Highmark Medicare plan.
hospital2,Medical Center,Hospital,7140 Main St,Philadelphia,PA,19106,39.9496,-75.1467,(555) 804-9646,info@hospital2.example.com,https://www.hospital2.example.com,"Aetna, Highmark, Humana",1 CC STERILE SYRINGE&NEEDLE,A4206,INPATIENT,1644.3,Aetna,Aetna Medicare,1413.76,Save $230.54 with Aetna Aetna Medicare plan.
hospital2,Medical Center,Hospital,7140 Main St,Philadelphia,PA,19106,39.9496,-75.1467,(555) 804-9646,info@hospital2.example.com,https://www.hospital2.example.com,"Aetna, Highmark, Humana",1 CC STERILE SYRINGE&NEEDLE,A4206,OUTPATIENT,1644.3,Aetna,Aetna Medicare,1413.76,Save $230.54 with Aetna Aetna Medicare plan.
hospital2,Medical Center,Hospital,7140 Main St,Philadelphia,PA,19106,39.9496,-75.1467,(555) 804-9646,info@hospital2.example.com,https://www.hospital2.example.com,"Aetna, Highmark, Humana",COMPLETE BLOOD COUNT,85025,INPATIENT,708.0,,,,"Only standard charge, no insurance pricing available."
hospital2,Medical Center,Hospital,7140 Main St,Philadelphia,PA,19106,39.9496,-75.1467,(555) 804-9646,info@hospital2.example.com,https://www.hospital2.example.com,"Aetna, Highmark, Humana",COMPLETE BLOOD COUNT,85025,OUTPATIENT,708.0,,,,"Only standard charge, no insurance pricing available."
hospital3,Community Hospital,Hospital,8177 Main St,Philadelphia,PA,19107,39.9483,-75.1594,(555) 516-3164,info@hospital3.example.com,https://www.hospital3.example.com,"Highmark, Humana, Aetna, Amerihealth, United Healthcare",CHG MRI BRAIN,70551,OUTPATIENT,1831.19,,,,"Only standard charge, no insurance pricing available."
hospital3,Community Hospital,Hospital,8177 Main St,Philadelphia,PA,19107,39.9483,-75.1594,(555) 516-3164,info@hospital3.example.com,https://www.hospital3.example.com,"Highmark, Humana, Aetna, Amerihealth, United Healthcare",CHEST X-RAY,71045,INPATIENT,1161.67,,,,"Only standard charge, no insurance pricing available."
hospital3,Community Hospital,Hospital,8177 Main St,Philadelphia,PA,19107,39.9483,-75.1594,(555) 516-3164,info@hospital3.example.com,https://www.hospital3.example.com,"Highmark, Humana, Aetna, Amerihealth, United Healthcare",CHEST X-RAY,71045,OUTPATIENT,1161.67,,,,"Only standard charge, no insurance pricing available."
hospital3,Community Hospital,Hospital,8177 Main St,Philadelphia,PA,19107,39.9483,-75.1594,(555) 516-3164,info@hospital3.example.com,https://www.hospital3.example.com,"Highmark, Humana, Aetna, Amerihealth, United Healthcare",1 CC STERILE SYRINGE&NEEDLE,A4206,INPATIENT,425.18,Highmark,Highmark Medicare,221.61,Save $203.57 with Highmark Highmark Medicare plan.
hospital3,Community Hospital,Hospital,8177 Main St,Philadelphia,PA,19107,39.9483,-75.1594,(555) 516-3164,info@hospital3.example.com,https://www.hospital3.example.com,"Highmark, Humana, Aetna, Amerihealth, United Healthcare",1 CC STERILE SYRINGE&NEEDLE,A4206,OUTPATIENT,425.18,Highmark,Highmark Medicare,221.61,Save $203.57 with Highmark Highmark Medicare plan.
hospital3,Community Hospital,Hospital,8177 Main St,Philadelphia,PA,19107,39.9483,-75.1594,(555) 516-3164,info@hospital3.example.com,https://www.hospital3.example.com,"Highmark, Humana, Aetna, Amerihealth, United Healthcare",1 CC STERILE SYRINGE&NEEDLE,A4206,INPATIENT,425.18,Highmark,Highmark ACA Products PROF,299.17,Save $126.01 with Highmark Highmark ACA Products PROF plan.
hospital3,Community Hospital,Hospital,8177 Main St,Philadelphia,PA,19107,39.9483,-75.1594,(555) 516-3164,info@hospital3.example.com,https://www.hospital3.example.com,"Highmark, Humana, Aetna, Amerihealth, United Healthcare",1 CC STERILE SYRINGE&NEEDLE,A4206,OUTPATIENT,425.18,Highmark,Highmark ACA Products PROF,299.17,Save $126.01 with Highmark Highmark ACA Products PROF plan.
hospital3,Community Hospital,Hospital,8177 Main St,Philadelphia,PA,19107,39.9483,-75.1594,(555) 516-3164,info@hospital3.example.com,https://www.hospital3.example.com,"Highmark, Humana, Aetna, Amerihealth, United Healthcare",1 CC STERILE SYRINGE&NEEDLE,A4206,INPATIENT,425.18,Highmark,Highmark Commercial PROF,309.98,Save $115.2 with Highmark Highmark Commercial PROF plan.
hospital3,Community Hospital,Hospital,8177 Main St,Philadelphia,PA,19107,39.9483,-75.1594,(555) 516-3164,info@hospital3.example.com,https://www.hospital3.example.com,"Highmark, Humana, Aetna, Amerihealth, United Healthcare",1 CC STERILE SYRINGE&NEEDLE,A4206,OUTPATIENT,425.18,Highmark,Highmark Commercial PROF,309.98,Save $115.2 with Highmark Highmark Commercial PROF plan.
hospital3,Community Hospital,Hospital,8177 Main St,Philadelphia,PA,19107,39.9483,-75.1594,(555) 516-3164,info@hospital3.example.com,https://www.hospital3.example.com,"Highmark, Humana, Aetna, Amerihealth, United Healthcare",1 CC STERILE SYRINGE&NEEDLE,A4206,INPATIENT,425.18,Aetna,Aetna Medicaid CHIP,267.83,Save $157.35 with Aetna Aetna Medicaid CHIP plan.
hospital3,Community Hospital,Hospital,8177 Main St,Philadelphia,PA,19107,39.9483,-75.1594,(555) 516-3164,info@hospital3.example.com,https://www.hospital3.example.com,"Highmark, Humana, Aetna, Amerihealth, United Healthcare",1 CC STERILE SYRINGE&NEEDLE,A4206,OUTPATIENT,425.18,Aetna,Aetna Medicaid CHIP,267.83,Save $157.35 with Aetna Aetna Medicaid CHIP plan.
hospital3,Community Hospital,Hospital,8177 Main St,Philadelphia,PA,19107,39.9483,-75.1594,(555) 516-3164,info@hospital3.example.com,https://www.hospital3.example.com,"Highmark, Humana, Aetna, Amerihealth, United Healthcare",ABDOMINAL CT SCAN,74150,INPATIENT,1256.08,United Healthcare,United Healthcare Commercial,825.51,Save $430.57 with United Healthcare United Healthcare Commercial plan.
hospital3,Community Hospital,Hospital,8177 Main St,Philadelphia,PA,19107,39.9483,-75.1594,(555) 516-3164,info@hospital3.example.com,https://www.hospital3.example.com,"Highmark, Humana, Aetna, Amerihealth, United Healthcare",ABDOMINAL CT SCAN,74150,OUTPATIENT,1256.08,United Healthcare,United Healthcare Commercial,825.51,Save $430.57 with United Healthcare United Healthcare Commercial plan.
hospital3,Community Hospital,Hospital,8177 Main St,Philadelphia,PA,19107,39.9483,-75.1594,(555) 516-3164,info@hospital3.example.com,https://www.hospital3.example.com,"Highmark, Humana, Aetna, Amerihealth, United Healthcare",2D ECHO,93306,OUTPATIENT,880.77,,,,"Only standard charge, no insurance pricing available."
hospital3,Community Hospital,Hospital,8177 Main St,Philadelphia,PA,19107,39.9483,-75.1594,(555) 516-3164,info@hospital3.example.com,https://www.hospital3.example.com,"Highmark, Humana, Aetna, Amerihealth, United Healthcare",TRILOCK GRIDPL,C1713,INPATIENT,1586.1,Humana,Humana Commercial,1192.3,Save $393.8 with Humana Humana Commercial plan.
hospital3,Community Hospital,Hospital,8177 Main St,Philadelphia,PA,19107,39.9483,-75.1594,(555) 516-3164,info@hospital3.example.com,https://www.hospital3.example.com,"Highmark, Humana, Aetna, Amerihealth, United Healthcare",TRILOCK GRIDPL,C1713,OUTPATIENT,1586.1,Humana,Humana Commercial,1192.3,Save $393.8 with Humana Humana Commercial plan.
hospital3,Community Hospital,Hospital,8177 Main St,Philadelphia,PA,19107,39.9483,-75.1594,(555) 516-3164,info@hospital3.example.com,https://www.hospital3.example.com,"Highmark, Humana, Aetna, Amerihealth, United Healthcare",TRILOCK GRIDPL,C1713,INPATIENT,1586.1,Humana,Humana Medicare HMO,1013.38,Save $572.72 with Humana Humana Medicare HMO plan.
hospital3,Community Hospital,Hospital,8177 Main St,Philadelphia,PA,19107,39.9483,-75.1594,(555) 516-3164,info@hospital3.example.com,https://www.hospital3.example.com,"Highmark, Humana, Aetna, Amerihealth, United Healthcare",TRILOCK GRIDPL,C1713,OUTPATIENT,1586.1,Humana,Humana Medicare HMO,1013.38,Save $572.72 with Humana Humana Medicare HMO plan.
hospital3,Community Hospital,Hospital,8177 Main St,Philadelphia,PA,19107,39.9483,-75.1594,(555) 516-3164,info@hospital3.example.com,https://www.hospital3.example.com,"Highmark, Humana, Aetna, Amerihealth, United Healthcare",TRILOCK GRIDPL,C1713,INPATIENT,1586.1,Humana,Humana Medicare PPO,1469.15,Save $116.95 with Humana Humana Medicare PPO plan.
hospital3,Community Hospital,Hospital,8177 Main St,Philadelphia,PA,19107,39.9483,-75.1594,(555) 516-3164,info@hospital3.example.com,https://www.hospital3.example.com,"Highmark, Humana, Aetna, Amerihealth, United Healthcare",TRILOCK GRIDPL,C1713,OUTPATIENT,1586.1,Humana,Humana Medicare PPO,1469.15,Save $116.95 with Humana Humana Medicare PPO plan.
hospital3,Community Hospital,Hospital,8177 Main St,Philadelphia,PA,19107,39.9483,-75.1594,(555) 516-3164,info@hospital3.example.com,https://www.hospital3.example.com,"Highmark, Humana, Aetna, Amerihealth, United Healthcare",TRILOCK SCAPHOID PLATE,C1713,INPATIENT,224.5,Aetna,Aetna Commercial,182.97,Save $41.53 with Aetna Aetna Commercial plan.
hospital3,Community Hospital,Hospital,8177 Main St,Philadelphia,PA,19107,39.9483,-75.1594,(555) 516-3164,info@hospital3.example.com,https://www.hospital3.example.com,"Highmark, Humana, Aetna, Amerihealth, United Healthcare",TRILOCK SCAPHOID PLATE,C1713,OUTPATIENT,224.5,Aetna,Aetna Commercial,182.97,Save $41.53 with Aetna Aetna Commercial plan.
hospital3,Community Hospital,Hospital,8177 Main St,Philadelphia,PA,19107,39.9483,-75.1594,(555) 516-3164,info@hospital3.example.com,https://www.hospital3.example.com,"Highmark, Humana, Aetna, Amerihealth, United Healthcare",TRILOCK SCAPHOID PLATE,C1713,INPATIENT,224.5,Aetna,Aetna Medicaid CHIP,156.24,Save $68.26 with Aetna Aetna Medicaid CHIP plan.
hospital3,Community Hospital,Hospital,8177 Main St,Philadelphia,PA,19107,39.9483,-75.1594,(555) 516-3164,info@hospital3.example.com,https://www.hospital3.example.com,"Highmark, Humana, Aetna, Amerihealth, United Healthcare",TRILOCK SCAPHOID PLATE,C1713,OUTPATIENT,224.5,Aetna,Aetna Medicaid CHIP,156.24,Save $68.26 with Aetna Aetna Medicaid CHIP plan.
hospital3,Community Hospital,Hospital,8177 Main St,Philadelphia,PA,19107,39.9483,-75.1594,(555) 516-3164,info@hospital3.example.com,https://www.hospital3.example.com,"Highmark, Humana, Aetna, Amerihealth, United Healthcare",TRILOCK SCAPHOID PLATE,C1713,INPATIENT,224.5,Aetna,Aetna Medicare,179.02,Save $45.48 with Aetna Aetna Medicare plan.
hospital3,Community Hospital,Hospital,8177 Main St,Philadelphia,PA,19107,39.9483,-75.1594,(555) 516-3164,info@hospital3.example.com,https://www.hospital3.example.com,"Highmark, Humana, Aetna, Amerihealth, United Healthcare",TRILOCK SCAPHOID PLATE,C1713,OUTPATIENT,224.5,Aetna,Aetna Medicare,179.02,Save $45.48 with Aetna Aetna Medicare plan.
hospital3,Community Hospital,Hospital,8177 Main St,Philadelphia,PA,19107,39.9483,-75.1594,(555) 516-3164,info@hospital3.example.com,https://www.hospital3.example.com,"Highmark, Humana, Aetna, Amerihealth, United Healthcare",BASIC METABOLIC PANEL,80048,INPATIENT,811.86,Highmark,Highmark Commercial PROF,524.32,Save $287.54 with Highmark Highmark Commercial PROF plan.
hospital3,Community Hospital,Hospital,8177 Main St,Philadelphia,PA,19107,39.9483,-75.1594,(555) 516-3164,info@hospital3.example.com,https://www.hospital3.example.com,"Highmark, Humana, Aetna, Amerihealth, United Healthcare",BASIC METABOLIC PANEL,80048,OUTPATIENT,811.86,Highmark,Highmark Commercial PROF,524.32,Save $287.54 with Highmark Highmark Commercial PROF plan.
hospital3,Community Hospital,Hospital,8177 Main St,Philadelphia,PA,19107,39.9483,-75.1594,(555) 516-3164,info@hospital3.example.com,https://www.hospital3.example.com,"Highmark, Humana, Aetna, Amerihealth, United Healthcare",BASIC METABOLIC PANEL,80048,INPATIENT,811.86,Highmark,Highmark ACA Products PROF,412.58,Save $399.28 with Highmark Highmark ACA Products PROF plan.
hospital3,Community Hospital,Hospital,8177 Main St,Philadelphia,PA,19107,39.9483,-75.1594,(555) 516-3164,info@hospital3.example.com,https://www.hospital3.example.com,"Highmark, Humana, Aetna, Amerihealth, United Healthcare",BASIC METABOLIC PANEL,80048,OUTPATIENT,811.86,Highmark,Highmark ACA Products PROF,412.58,Save $399.28 with Highmark Highmark ACA Products PROF plan.
hospital3,Community Hospital,Hospital,8177 Main St,Philadelphia,PA,19107,39.9483,-75.1594,(555) 516-3164,info@hospital3.example.com,https://www.hospital3.example.com,"Highmark, Humana, Aetna, Amerihealth, United Healthcare",BASIC METABOLIC PANEL,80048,INPATIENT,811.86,Highmark,Highmark Medicare,743.27,Save $68.59 with Highmark Highmark Medicare plan.
hospital3,Community Hospital,Hospital,8177 Main St,Philadelphia,PA,19107,39.9483,-75.1594,(555) 516-3164,info@hospital3.example.com,https://www.hospital3.example.com,"Highmark, Humana, Aetna, Amerihealth, United Healthcare",BASIC METABOLIC PANEL,80048,OUTPATIENT,811.86,Highmark,Highmark Medicare,743.27,Save $68.59 with Highmark Highmark Medicare plan.
hospital3,Community Hospital,Hospital,8177 Main St,Philadelphia,PA,19107,39.9483,-75.1594,(555) 516-3164,info@hospital3.example.com,https://www.hospital3.example.com,"Highmark, Humana, Aetna, Amerihealth, United Healthcare",COMPLETE BLOOD COUNT,85025,INPATIENT,1652.97,Amerihealth,Amerihealth Medicaid HC,1355.57,Save $297.4 with Amerihealth Amerihealth Medicaid HC plan.
hospital3,Community Hospital,Hospital,8177 Main St,Philadelphia,PA,19107,39.9483,-75.1594,(555) 516-3164,info@hospital3.example.com,https://www.hospital3.example.com,"Highmark, Humana, Aetna, Amerihealth, United Healthcare",COMPLETE BLOOD COUNT,85025,OUTPATIENT,1652.97,Amerihealth,Amerihealth Medicaid HC,1355.57,Save $297.4 with Amerihealth Amerihealth Medicaid HC plan.
hospital3,Community Hospital,Hospital,8177 Main St,Philadelphia,PA,19107,39.9483,-75.1594,(555) 516-3164,info@hospital3.example.com,https://www.hospital3.example.com,"Highmark, Humana, Aetna, Amerihealth, United Healthcare",ACETYLCYSTEINE NON-COMP UNIT,J7608,OUTPATIENT,391.46,,,,"Only standard charge, no insurance pricing available."
hospital3,Community Hospital,Hospital,8177 Main St,Philadelphia,PA,19107,39.9483,-75.1594,(555) 516-3164,info@hospital3.example.com,https://www.hospital3.example.com,"Highmark, Humana, Aetna, Amerihealth, United Healthcare",ACETYLCYSTEINE NON-COMP UNIT,J7608,INPATIENT,391.46,,,,"Only standard charge, no insurance pricing available."
hospital3,Community Hospital,Hospital,8177 Main St,Philadelphia,PA,19107,39.9483,-75.1594,(555) 516-3164,info@hospital3.example.com,https://www.hospital3.example.com,"Highmark, Humana, Aetna, Amerihealth, United Healthcare",BASIC METABOLIC PANEL,80048,INPATIENT,1287.42,Highmark,Highmark Commercial PROF,960.65,Save $326.77 with Highmark Highmark Commercial PROF plan.
hospital3,Community Hospital,Hospital,8177 Main St,Philadelphia,PA,19107,39.9483,-75.1594,(555) 516-3164,info@hospital3.example.com,https://www.hospital3.example.com,"Highmark, Humana, Aetna, Amerihealth, United Healthcare",BASIC METABOLIC PANEL,80048,OUTPATIENT,1287.42,Highmark,Highmark Commercial PROF,960.65,Save $326.77 with Highmark Highmark Commercial PROF plan.
hospital3,Community Hospital,Hospital,8177 Main St,Philadelphia,PA,19107,39.9483,-75.1594,(555) 516-3164,info@hospital3.example.com,https://www.hospital3.example.com,"Highmark, Humana, Aetna, Amerihealth, United Healthcare",BASIC METABOLIC PANEL,80048,INPATIENT,1287.42,Highmark,Highmark ACA Products PROF,823.91,Save $463.51 with Highmark Highmark ACA Products PROF plan.
hospital3,Community Hospital,Hospital,8177 Main St,Philadelphia,PA,19107,39.9483,-75.1594,(555) 516-3164,info@hospital3.example.com,https://www.hospital3.example.com,"Highmark, Humana, Aetna, Amerihealth, United Healthcare",BASIC METABOLIC PANEL,80048,OUTPATIENT,1287.42,Highmark,Highmark ACA Products PROF,823.91,Save $463.51 with Highmark Highmark ACA Products PROF plan.
hospital3,Community Hospital,Hospital,8177 Main St,Philadelphia,PA,19107,39.9483,-75.1594,(555) 516-3164,info@hospital3.example.com,https://www.hospital3.example.com,"Highmark, Humana, Aetna, Amerihealth, United Healthcare",BASIC METABOLIC PANEL,80048,INPATIENT,1287.42,Highmark,Highmark Medicare,905.13,Save $382.29 with Highmark Highmark Medicare plan.
hospital3,Community Hospital,Hospital,8177 Main St,Philadelphia,PA,19107,39.9483,-75.1594,(555) 516-3164,info@hospital3.example.com,https://www.hospital3.example.com,"Highmark, Humana, Aetna, Amerihealth, United Healthcare",BASIC METABOLIC PANEL,80048,OUTPATIENT,1287.42,Highmark,Highmark Medicare,905.13,Save $382.29 with Highmark Highmark Medicare plan.
hospital3,Community Hospital,Hospital,8177 Main St,Philadelphia,PA,19107,39.9483,-75.1594,(555) 516-3164,info@hospital3.example.com,https://www.hospital3.example.com,"Highmark, Humana, Aetna, Amerihealth, United Healthcare",BASIC METABOLIC PANEL,80048,INPATIENT,1287.42,Aetna,Aetna Commercial,794.84,Save $492.58 with Aetna Aetna Commercial plan.
hospital3,Community Hospital,Hospital,8177 Main St,Philadelphia,PA,19107,39.9483,-75.1594,(555) 516-3164,info@hospital3.example.com,https://www.hospital3.example.com,"Highmark, Humana, Aetna, Amerihealth, United Healthcare",BASIC METABOLIC PANEL,80048,OUTPATIENT,1287.42,Aetna,Aetna Commercial,794.84,Save $492.58 with Aetna Aetna Commercial plan.
hospital3,Community Hospital,Hospital,8177 Main St,Philadelphia,PA,19107,39.9483,-75.1594,(555) 516-3164,info@hospital3.example.com,https://www.hospital3.example.com,"Highmark, Humana, Aetna, Amerihealth, United Healthcare",ABDOMINAL CT SCAN,74150,INPATIENT,819.22,,,,"Only standard charge, no insurance pricing available."
hospital3,Community Hospital,Hospital,8177 Main St,Philadelphia,PA,19107,39.9483,-75.1594,(555) 516-3164,info@hospital3.example.com,https://www.hospital3.example.com,"Highmark, Humana, Aetna, Amerihealth, United Healthcare",ABDOMINAL CT SCAN,74150,OUTPATIENT,819.22,,,,"Only standard charge, no insurance pricing available."
hospital3,Community Hospital,Hospital,8177 Main St,Philadelphia,PA,19107,39.9483,-75.1594,(555) 516-3164,info@hospital3.example.com,https://www.hospital3.example.com,"Highmark, Humana, Aetna, Amerihealth, United Healthcare",CHG MRI BRAIN,70551,OUTPATIENT,497.02,United Healthcare,United Healthcare Commercial,260.01,Save $237.01 with United Healthcare United Healthcare Commercial plan.
hospital3,Community Hospital,Hospital,8177 Main St,Philadelphia,PA,19107,39.9483,-75.1594,(555) 516-3164,info@hospital3.example.com,https://www.hospital3.example.com,"Highmark, Humana, Aetna, Amerihealth, United Healthcare",CHG MRI BRAIN,70551,OUTPATIENT,497.02,Humana,Humana Medicare PPO,309.28,Save $187.74 with Humana Humana Medicare PPO plan.
hospital3,Community Hospital,Hospital,8177 Main St,Philadelphia,PA,19107,39.9483,-75.1594,(555) 516-3164,info@hospital3.example.com,https://www.hospital3.example.com,"Highmark, Humana, Aetna, Amerihealth, United Healthcare",CHG MRI BRAIN,70551,OUTPATIENT,497.02,Humana,Humana Medicare HMO,339.24,Save $157.78 with Humana Humana Medicare HMO plan.
hospital3,Community Hospital,Hospital,8177 Main St,Philadelphia,PA,19107,39.9483,-75.1594,(555) 516-3164,info@hospital3.example.com,https://www.hospital3.example.com,"Highmark, Humana, Aetna, Amerihealth, United Healthcare",ABDOMINAL CT SCAN,74150,INPATIENT,1252.19,Humana,Humana Commercial,745.74,Save $506.45 with Humana Humana Commercial plan.
hospital3,Community Hospital,Hospital,8177 Main St,Philadelphia,PA,19107,39.9483,-75.1594,(555) 516-3164,info@hospital3.example.com,https://www.hospital3.example.com,"Highmark, Humana, Aetna, Amerihealth, United Healthcare",ABDOMINAL CT SCAN,74150,OUTPATIENT,1252.19,Humana,Humana Commercial,745.74,Save $506.45 with Humana Humana Commercial plan.
hospital3,Community Hospital,Hospital,8177 Main St,Philadelphia,PA,19107,39.9483,-75.1594,(555) 516-3164,info@hospital3.example.com,https://www.hospital3.example.com,"Highmark, Humana, Aetna, Amerihealth, United Healthcare",ABDOMINAL CT SCAN,74150,INPATIENT,1252.19,Humana,Humana Medicare HMO,1144.22,Save $107.97 with Humana Humana Medicare HMO plan.
hospital3,Community Hospital,Hospital,8177 Main St,Philadelphia,PA,19107,39.9483,-75.1594,(555) 516-3164,info@hospital3.example.com,https://www.hospital3.example.com,"Highmark, Humana, Aetna, Amerihealth, United Healthcare",ABDOMINAL CT SCAN,74150,OUTPATIENT,1252.19,Humana,Humana Medicare HMO,1144.22,Save $107.97 with Humana Humana Medicare HMO plan.
hospital3,Community Hospital,Hospital,8177 Main St,Philadelphia,PA,19107,39.9483,-75.1594,(555) 516-3164,info@hospital3.example.com,https://www.hospital3.example.com,"Highmark, Humana, Aetna, Amerihealth, United Healthcare",ABDOMINAL CT SCAN,74150,INPATIENT,1252.19,Humana,Humana Medicare PPO,1168.38,Save $83.81 with Humana Humana Medicare PPO plan.
hospital3,Community Hospital,Hospital,8177 Main St,Philadelphia,PA,19107,39.9483,-75.1594,(555) 516-3164,info@hospital3.example.com,https://www.hospital3.example.com,"Highmark, Humana, Aetna, Amerihealth, United Healthcare",ABDOMINAL CT SCAN,74150,OUTPATIENT,1252.19,Humana,Humana Medicare PPO,1168.38,Save $83.81 with Humana Humana Medicare PPO plan.
hospital3,Community Hospital,Hospital,8177 Main St,Philadelphia,PA,19107,39.9483,-75.1594,(555) 516-3164,info@hospital3.example.com,https://www.hospital3.example.com,"Highmark, Humana, Aetna, Amerihealth, United Healthcare",ABDOMINAL CT SCAN,74150,INPATIENT,1252.19,Amerihealth,Amerihealth Medicaid HC,1089.29,Save $162.9 with Amerihealth Amerihealth Medicaid HC plan.
hospital3,Community Hospital,Hospital,8177 Main St,Philadelphia,PA,19107,39.9483,-75.1594,(555) 516-3164,info@hospital3.example.com,https://www.hospital3.example.com,"Highmark, Humana, Aetna, Amerihealth, United Healthcare",ABDOMINAL CT SCAN,74150,OUTPATIENT,1252.19,Amerihealth,Amerihealth Medicaid HC,1089.29,Save $162.9 with Amerihealth Amerihealth Medicaid HC plan.
hospital3,Community Hospital,Hospital,8177 Main St,Philadelphia,PA,19107,39.9483,-75.1594,(555) 516-3164,info@hospital3.example.com,https://www.hospital3.example.com,"Highmark, Humana, Aetna, Amerihealth, United Healthcare",ABDOMINAL CT SCAN,74150,INPATIENT,1252.19,Amerihealth,Amerihealth Commercial,1015.28,Save $236.91 with Amerihealth Amerihealth Commercial plan.
hospital3,Community Hospital,Hospital,8177 Main St,Philadelphia,PA,19107,39.9483,-75.1594,(555) 516-3164,info@hospital3.example.com,https://www.hospital3.example.com,"Highmark, Humana, Aetna, Amerihealth, United Healthcare",ABDOMINAL CT SCAN,74150,OUTPATIENT,1252.19,Amerihealth,Amerihealth Commercial,1015.28,Save $236.91 with Amerihealth Amerihealth Commercial plan.
hospital3,Community Hospital,Hospital,8177 Main St,Philadelphia,PA,19107,39.9483,-75.1594,(555) 516-3164,info@hospital3.example.com,https://www.hospital3.example.com,"Highmark, Humana, Aetna, Amerihealth, United Healthcare",ACETYLCYSTEINE NON-COMP UNIT,J7608,OUTPATIENT,1361.29,United Healthcare,United Healthcare Medicaid,1033.98,Save $327.31 with United Healthcare United Healthcare Medicaid plan.
hospital3,Community Hospital,Hospital,8177 Main St,Philadelphia,PA,19107,39.9483,-75.1594,(555) 516-3164,info@hospital3.example.com,https://www.hospital3.example.com,"Highmark, Humana, Aetna, Amerihealth, United Healthcare",ACETYLCYSTEINE NON-COMP UNIT,J7608,INPATIENT,1361.29,United Healthcare,United Healthcare Medicaid,1033.98,Save $327.31 with United Healthcare United Healthcare Medicaid plan.
hospital3,Community Hospital,Hospital,8177 Main St,Philadelphia,PA,19107,39.9483,-75.1594,(555) 516-3164,info@hospital3.example.com,https://www.hospital3.example.com,"Highmark, Humana, Aetna, Amerihealth, United Healthcare",ACETYLCYSTEINE NON-COMP UNIT,J7608,OUTPATIENT,1361.29,United Healthcare,United Healthcare Commercial,851.23,Save $510.06 with United Healthcare United Healthcare Commercial plan.
hospital3,Community Hospital,Hospital,8177 Main St,Philadelphia,PA,19107,39.9483,-75.1594,(555) 516-3164,info@hospital3.example.com,https://www.hospital3.example.com,"Highmark, Humana, Aetna, Amerihealth, United Healthcare",ACETYLCYSTEINE NON-COMP UNIT,J7608,INPATIENT,1361.29,United Healthcare,United Healthcare Commercial,851.23,Save $510.06 with United Healthcare United Healthcare Commercial plan.
hospital3,Community Hospital,Hospital,8177 Main St,Philadelphia,PA,19107,39.9483,-75.1594,(555) 516-3164,info@hospital3.example.com,https://www.hospital3.example.com,"Highmark, Humana, Aetna, Amerihealth, United Healthcare",ACETYLCYSTEINE NON-COMP UNIT,J7608,OUTPATIENT,1361.29,United Healthcare,United Healthcare CHIP,807.92,Save $553.37 with United Healthcare United Healthcare CHIP plan.
hospital3,Community Hospital,Hospital,8177 Main St,Philadelphia,PA,19107,39.9483,-75.1594,(555) 516-3164,info@hospital3.example.com,https://www.hospital3.example.com,"Highmark, Humana, Aetna, Amerihealth, United Healthcare",ACETYLCYSTEINE NON-COMP UNIT,J7608,INPATIENT,1361.29,United Healthcare,United Healthcare CHIP,807.92,Save $553.37 with United Healthcare United Healthcare CHIP plan.
hospital4,Regional Medical Center,Specialty Center,5760 Main St,Philadelphia,PA,19102,39.9507,-75.1628,(555) 841-9846,info@hospital4.example.com,https://www.hospital4.example.com,"Aetna, Highmark, United Healthcare, Humana, Amerihealth",ACETYLCYSTEINE NON-COMP UNIT,J7608,OUTPATIENT,114.46,,,,"Only standard charge, no insurance pricing available."
hospital4,Regional Medical Center,Specialty Center,5760 Main St,Philadelphia,PA,19102,39.9507,-75.1628,(555) 841-9846,info@hospital4.example.com,https://www.hospital4.example.com,"Aetna, Highmark, United Healthcare, Humana, Amerihealth",ACETYLCYSTEINE NON-COMP UNIT,J7608,INPATIENT,114.46,,,,"Only standard charge, no insurance pricing available."
hospital4,Regional Medical Center,Specialty Center,5760 Main St,Philadelphia,PA,19102,39.9507,-75.1628,(555) 841-9846,info@hospital4.example.com,https://www.hospital4.example.com,"Aetna, Highmark, United Healthcare, Humana, Amerihealth",BASIC METABOLIC PANEL,80048,INPATIENT,1208.46,United Healthcare,United Healthcare Medicaid,615.58,Save $592.88 with United Healthcare United Healthcare Medicaid plan.
hospital4,Regional Medical Center,Specialty Center,5760 Main St,Philadelphia,PA,19102,39.9507,-75.1628,(555) 841-9846,info@hospital4.example.com,https://www.hospital4.example.com,"Aetna, Highmark, United Healthcare, Humana, Amerihealth",BASIC METABOLIC PANEL,80048,OUTPATIENT,1208.46,United Healthcare,United Healthcare Medicaid,615.58,Save $592.88 with United Healthcare United Healthcare Medicaid plan.
hospital4,Regional Medical Center,Specialty Center,5760 Main St,Philadelphia,PA,19102,39.9507,-75.1628,(555) 841-9846,info@hospital4.example.com,https://www.hospital4.example.com,"Aetna, Highmark, United Healthcare, Humana, Amerihealth",BASIC METABOLIC PANEL,80048,INPATIENT,1208.46,United Healthcare,United Healthcare CHIP,773.82,Save $434.64 with United Healthcare United Healthcare CHIP plan.
hospital4,Regional Medical Center,Specialty Center,5760 Main St,Philadelphia,PA,19102,39.9507,-75.1628,(555) 841-9846,info@hospital4.example.com,https://www.hospital4.example.com,"Aetna, Highmark, United Healthcare, Humana, Amerihealth",BASIC METABOLIC PANEL,80048,OUTPATIENT,1208.46,United Healthcare,United Healthcare CHIP,773.82,Save $434.64 with United Healthcare United Healthcare CHIP plan.
hospital4,Regional Medical Center,Specialty Center,5760 Main St,Philadelphia,PA,19102,39.9507,-75.1628,(555) 841-9846,info@hospital4.example.com,https://www.hospital4.example.com,"Aetna, Highmark, United Healthcare, Humana, Amerihealth",BASIC METABOLIC PANEL,80048,INPATIENT,1208.46,Humana,Humana Medicare PPO,1134.32,Save $74.14 with Humana Humana Medicare PPO plan.
hospital4,Regional Medical Center,Specialty Center,5760 Main St,Philadelphia,PA,19102,39.9507,-75.1628,(555) 841-9846,info@hospital4.example.com,https://www.hospital4.example.com,"Aetna, Highmark, United Healthcare, Humana, Amerihealth",BASIC METABOLIC PANEL,80048,OUTPATIENT,1208.46,Humana,Humana Medicare PPO,1134.32,Save $74.14 with Humana Humana Medicare PPO plan.
hospital4,Regional Medical Center,Specialty Center,5760 Main St,Philadelphia,PA,19102,39.9507,-75.1628,(555) 841-9846,info@hospital4.example.com,https://www.hospital4.example.com,"Aetna, Highmark, United Healthcare, Humana, Amerihealth",BASIC METABOLIC PANEL,80048,INPATIENT,1208.46,Humana,Humana Medicare HMO,624.22,Save $584.24 with Humana Humana Medicare HMO plan.
hospital4,Regional Medical Center,Specialty Center,5760 Main St,Philadelphia,PA,19102,39.9507,-75.1628,(555) 841-9846,info@hospital4.example.com,https://www.hospital4.example.com,"Aetna, Highmark, United Healthcare, Humana, Amerihealth",BASIC METABOLIC PANEL,80048,OUTPATIENT,1208.46,Humana,Humana Medicare HMO,624.22,Save $584.24 with Humana Humana Medicare HMO plan.
hospital4,Regional Medical Center,Specialty Center,5760 Main St,Philadelphia,PA,19102,39.9507,-75.1628,(555) 841-9846,info@hospital4.example.com,https://www.hospital4.example.com,"Aetna, Highmark, United Healthcare, Humana, Amerihealth",BASIC METABOLIC PANEL,80048,INPATIENT,1208.46,Humana,Humana Commercial,1065.68,Save $142.78 with Humana Humana Commercial plan.
hospital4,Regional Medical Center,Specialty Center,5760 Main St,Philadelphia,PA,19102,39.9507,-75.1628,(555) 841-9846,info@hospital4.example.com,https://www.hospital4.example.com,"Aetna, Highmark, United Healthcare, Humana, Amerihealth",BASIC METABOLIC PANEL,80048,OUTPATIENT,1208.46,Humana,Humana Commercial,1065.68,Save $142.78 with Humana Humana Commercial plan.
hospital4,Regional Medical Center,Specialty Center,5760 Main St,Philadelphia,PA,19102,39.9507,-75.1628,(555) 841-9846,info@hospital4.example.com,https://www.hospital4.example.com,"Aetna, Highmark, United Healthcare, Humana, Amerihealth",BASIC METABOLIC PANEL,80048,INPATIENT,1208.46,Highmark,Highmark Medicare,744.83,Save $463.63 with Highmark Highmark Medicare plan.
hospital4,Regional Medical Center,Specialty Center,5760 Main St,Philadelphia,PA,19102,39.9507,-75.1628,(555) 841-9846,info@hospital4.example.com,https://www.hospital4.example.com,"Aetna, Highmark, United Healthcare, Humana, Amerihealth",BASIC METABOLIC PANEL,80048,OUTPATIENT,1208.46,Highmark,Highmark Medicare,744.83,Save $463.63 with Highmark Highmark Medicare plan.
hospital4,Regional Medical Center,Specialty Center,5760 Main St,Philadelphia,PA,19102,39.9507,-75.1628,(555) 841-9846,info@hospital4.example.com,https://www.hospital4.example.com,"Aetna, Highmark, United Healthcare, Humana, Amerihealth",BASIC METABOLIC PANEL,80048,INPATIENT,1208.46,Highmark,Highmark Commercial PROF,931.65,Save $276.81 with Highmark Highmark Commercial PROF plan.
hospital4,Regional Medical Center,Specialty Center,5760 Main St,Philadelphia,PA,19102,39.9507,-75.1628,(555) 841-9846,info@hospital4.example.com,https://www.hospital4.example.com,"Aetna, Highmark, United Healthcare, Humana, Amerihealth",BASIC METABOLIC PANEL,80048,OUTPATIENT,1208.46,Highmark,Highmark Commercial PROF,931.65,Save $276.81 with Highmark Highmark Commercial PROF plan.
hospital4,Regional Medical Center,Specialty Center,5760 Main St,Philadelphia,PA,19102,39.9507,-75.1628,(555) 841-9846,info@hospital4.example.com,https://www.hospital4.example.com,"Aetna, Highmark, United Healthcare, Humana, Amerihealth",BASIC METABOLIC PANEL,80048,INPATIENT,1208.46,Highmark,Highmark ACA Products PROF,973.28,Save $235.18 with Highmark Highmark ACA Products PROF plan.
hospital4,Regional Medical Center,Specialty Center,5760 Main St,Philadelphia,PA,19102,39.9507,-75.1628,(555) 841-9846,info@hospital4.example.com,https://www.hospital4.example.com,"Aetna, Highmark, United Healthcare, Humana, Amerihealth",BASIC METABOLIC PANEL,80048,OUTPATIENT,1208.46,Highmark,Highmark ACA Products PROF,973.28,Save $235.18 with Highmark Highmark ACA Products PROF plan.
hospital4,Regional Medical Center,Specialty Center,5760 Main St,Philadelphia,PA,19102,39.9507,-75.1628,(555) 841-9846,info@hospital4.example.com,https://www.hospital4.example.com,"Aetna, Highmark, United Healthcare, Humana, Amerihealth",CHEST X-RAY,71045,INPATIENT,1898.36,Aetna,Aetna Medicare,1761.92,Save $136.44 with Aetna Aetna Medicare plan.
hospital4,Regional Medical Center,Specialty Center,5760 Main St,Philadelphia,PA,19102,39.9507,-75.1628,(555) 841-9846,info@hospital4.example.com,https://www.hospital4.example.com,"Aetna, Highmark, United Healthcare, Humana, Amerihealth",CHEST X-RAY,71045,OUTPATIENT,1898.36,Aetna,Aetna Medicare,1761.92,Save $136.44 with Aetna Aetna Medicare plan.
hospital4,Regional Medical Center,Specialty Center,5760 Main St,Philadelphia,PA,19102,39.9507,-75.1628,(555) 841-9846,info@hospital4.example.com,https://www.hospital4.example.com,"Aetna, Highmark, United Healthcare, Humana, Amerihealth",CHEST X-RAY,71045,INPATIENT,1898.36,United Healthcare,United Healthcare CHIP,1145.13,Save $753.23 with United Healthcare United Healthcare CHIP plan.
hospital4,Regional Medical Center,Specialty Center,5760 Main St,Philadelphia,PA,19102,39.9507,-75.1628,(555) 841-9846,info@hospital4.example.com,https://www.hospital4.example.com,"Aetna, Highmark, United Healthcare, Humana, Amerihealth",CHEST X-RAY,71045,OUTPATIENT,1898.36,United Healthcare,United Healthcare CHIP,1145.13,Save $753.23 with United Healthcare United Healthcare CHIP plan.
hospital4,Regional Medical Center,Specialty Center,5760 Main St,Philadelphia,PA,19102,39.9507,-75.1628,(555) 841-9846,info@hospital4.example.com,https://www.hospital4.example.com,"Aetna, Highmark, United Healthcare, Humana, Amerihealth",CHEST X-RAY,71045,INPATIENT,1898.36,Highmark,Highmark ACA Products PROF,1340.7,Save $557.66 with Highmark Highmark ACA Products PROF plan.
hospital4,Regional Medical Center,Specialty Center,5760 Main St,Philadelphia,PA,19102,39.9507,-75.1628,(555) 841-9846,info@hospital4.example.com,https://www.hospital4.example.com,"Aetna, Highmark, United Healthcare, Humana, Amerihealth",CHEST X-RAY,71045,OUTPATIENT,1898.36,Highmark,Highmark ACA Products PROF,1340.7,Save $557.66 with Highmark Highmark ACA Products PROF plan.
hospital4,Regional Medical Center,Specialty Center,5760 Main St,Philadelphia,PA,19102,39.9507,-75.1628,(555) 841-9846,info@hospital4.example.com,https://www.hospital4.example.com,"Aetna, Highmark, United Healthcare, Humana, Amerihealth",CHEST X-RAY,71045,INPATIENT,1898.36,Highmark,Highmark Medicare,1527.52,Save $370.84 with Highmark Highmark Medicare plan.
hospital4,Regional Medical Center,Specialty Center,5760 Main St,Philadelphia,PA,19102,39.9507,-75.1628,(555) 841-9846,info@hospital4.example.com,https://www.hospital4.example.com,"Aetna, Highmark, United Healthcare, Humana, Amerihealth",CHEST X-RAY,71045,OUTPATIENT,1898.36,Highmark,Highmark Medicare,1527.52,Save $370.84 with Highmark Highmark Medicare plan.
hospital4,Regional Medical Center,Specialty Center,5760 Main St,Philadelphia,PA,19102,39.9507,-75.1628,(555) 841-9846,info@hospital4.example.com,https://www.hospital4.example.com,"Aetna, Highmark, United Healthcare, Humana, Amerihealth",TRILOCK SCAPHOID PLATE,C1713,INPATIENT,282.46,Amerihealth,Amerihealth Medicaid HC,213.39,Save $69.07 with Amerihealth Amerihealth Medicaid HC plan.
hospital4,Regional Medical Center,Specialty Center,5760 Main St,Philadelphia,PA,19102,39.9507,-75.1628,(555) 841-9846,info@hospital4.example.com,https://www.hospital4.example.com,"Aetna, Highmark, United Healthcare, Humana, Amerihealth",TRILOCK SCAPHOID PLATE,C1713,OUTPATIENT,282.46,Amerihealth,Amerihealth Medicaid HC,213.39,Save $69.07 with Amerihealth Amerihealth Medicaid HC plan.
hospital4,Regional Medical Center,Specialty Center,5760 Main St,Philadelphia,PA,19102,39.9507,-75.1628,(555) 841-9846,info@hospital4.example.com,https://www.hospital4.example.com,"Aetna, Highmark, United Healthcare, Humana, Amerihealth",TRILOCK SCAPHOID PLATE,C1713,INPATIENT,282.46,Aetna,Aetna Medicaid CHIP,152.81,Save $129.65 with Aetna Aetna Medicaid CHIP plan.
hospital4,Regional Medical Center,Specialty Center,5760 Main St,Philadelphia,PA,19102,39.9507,-75.1628,(555) 841-9846,info@hospital4.example.com,https://www.hospital4.example.com,"Aetna, Highmark, United Healthcare, Humana, Amerihealth",TRILOCK SCAPHOID PLATE,C1713,OUTPATIENT,282.46,Aetna,Aetna Medicaid CHIP,152.81,Save $129.65 with Aetna Aetna Medicaid CHIP plan.
hospital4,Regional Medical Center,Specialty Center,5760 Main St,Philadelphia,PA,19102,39.9507,-75.1628,(555) 841-9846,info@hospital4.example.com,https://www.hospital4.example.com,"Aetna, Highmark, United Healthcare, Humana, Amerihealth",COMPLETE BLOOD COUNT,85025,INPATIENT,177.46,Highmark,Highmark Medicare,141.81,Save $35.65 with Highmark Highmark Medicare plan.
hospital4,Regional Medical Center,Specialty Center,5760 Main St,Philadelphia,PA,19102,39.9507,-75.1628,(555) 841-9846,info@hospital4.example.com,https://www.hospital4.example.com,"Aetna, Highmark, United Healthcare, Humana, Amerihealth",COMPLETE BLOOD COUNT,85025,OUTPATIENT,177.46,Highmark,Highmark Medicare,141.81,Save $35.65 with Highmark Highmark Medicare plan.
hospital4,Regional Medical Center,Specialty Center,5760 Main St,Philadelphia,PA,19102,39.9507,-75.1628,(555) 841-9846,info@hospital4.example.com,https://www.hospital4.example.com,"Aetna, Highmark, United Healthcare, Humana, Amerihealth",COMPLETE BLOOD COUNT,85025,INPATIENT,177.46,Highmark,Highmark ACA Products PROF,155.74,Save $21.72 with Highmark Highmark ACA Products PROF plan.
hospital4,Regional Medical Center,Specialty Center,5760 Main St,Philadelphia,PA,19102,39.9507,-75.1628,(555) 841-9846,info@hospital4.example.com,https://www.hospital4.example.com,"Aetna, Highmark, United Healthcare, Humana, Amerihealth",COMPLETE BLOOD COUNT,85025,OUTPATIENT,177.46,Highmark,Highmark ACA Products PROF,155.74,Save $21.72 with Highmark Highmark ACA Products PROF plan.
hospital4,Regional Medical Center,Specialty Center,5760 Main St,Philadelphia,PA,19102,39.9507,-75.1628,(555) 841-9846,info@hospital4.example.com,https://www.hospital4.example.com,"Aetna, Highmark, United Healthcare, Humana, Amerihealth",COMPLETE BLOOD COUNT,85025,INPATIENT,177.46,Aetna,Aetna Medicaid CHIP,115.61,Save $61.85 with Aetna Aetna Medicaid CHIP plan.
hospital4,Regional Medical Center,Specialty Center,5760 Main St,Philadelphia,PA,19102,39.9507,-75.1628,(555) 841-9846,info@hospital4.example.com,https://www.hospital4.example.com,"Aetna, Highmark, United Healthcare, Humana, Amerihealth",COMPLETE BLOOD COUNT,85025,OUTPATIENT,177.46,Aetna,Aetna Medicaid CHIP,115.61,Save $61.85 with Aetna Aetna Medicaid CHIP plan.
hospital4,Regional Medical Center,Specialty Center,5760 Main St,Philadelphia,PA,19102,39.9507,-75.1628,(555) 841-9846,info@hospital4.example.com,https://www.hospital4.example.com,"Aetna, Highmark, United Healthcare, Humana, Amerihealth",COMPLETE BLOOD COUNT,85025,INPATIENT,177.46,Aetna,Aetna Commercial,160.07,Save $17.39 with Aetna Aetna Commercial plan.
hospital4,Regional Medical Center,Specialty Center,5760 Main St,Philadelphia,PA,19102,39.9507,-75.1628,(555) 841-9846,info@hospital4.example.com,https://www.hospital4.example.com,"Aetna, Highmark, United Healthcare, Humana, Amerihealth",COMPLETE BLOOD COUNT,85025,OUTPATIENT,177.46,Aetna,Aetna Commercial,160.07,Save $17.39 with Aetna Aetna Commercial plan.
hospital4,Regional Medical Center,Specialty Center,5760 Main St,Philadelphia,PA,19102,39.9507,-75.1628,(555) 841-9846,info@hospital4.example.com,https://www.hospital4.example.com,"Aetna, Highmark, United Healthcare, Humana, Amerihealth",1 CC STERILE SYRINGE&NEEDLE,A4206,INPATIENT,1358.52,,,,"Only standard charge, no insurance pricing available."
hospital4,Regional Medical Center,Specialty Center,5760 Main St,Philadelphia,PA,19102,39.9507,-75.1628,(555) 841-9846,info@hospital4.example.com,https://www.hospital4.example.com,"Aetna, Highmark, United Healthcare, Humana, Amerihealth",1 CC STERILE SYRINGE&NEEDLE,A4206,OUTPATIENT,1358.52,,,,"Only standard charge, no insurance pricing available."
hospital4,Regional Medical Center,Specialty Center,5760 Main St,Philadelphia,PA,19102,39.9507,-75.1628,(555) 841-9846,info@hospital4.example.com,https://www.hospital4.example.com,"Aetna, Highmark, United Healthcare, Humana, Amerihealth",2D ECHO,93306,OUTPATIENT,1770.14,Aetna,Aetna Commercial,1077.52,Save $692.62 with Aetna Aetna Commercial plan.
hospital4,Regional Medical Center,Specialty Center,5760 Main St,Philadelphia,PA,19102,39.9507,-75.1628,(555) 841-9846,info@hospital4.example.com,https://www.hospital4.example.com,"Aetna, Highmark, United Healthcare, Humana, Amerihealth",2D ECHO,93306,OUTPATIENT,1770.14,Aetna,Aetna Medicaid CHIP,1174.76,Save $595.38 with Aetna Aetna Medicaid CHIP plan.
hospital4,Regional Medical Center,Specialty Center,5760 Main St,Philadelphia,PA,19102,39.9507,-75.1628,(555) 841-9846,info@hospital4.example.com,https://www.hospital4.example.com,"Aetna, Highmark, United Healthcare, Humana, Amerihealth",2D ECHO,93306,OUTPATIENT,1770.14,Aetna,Aetna Medicare,1318.94,Save $451.2 with Aetna Aetna Medicare plan.
hospital4,Regional Medical Center,Specialty Center,5760 Main St,Philadelphia,PA,19102,39.9507,-75.1628,(555) 841-9846,info@hospital4.example.com,https://www.hospital4.example.com,"Aetna, Highmark, United Healthcare, Humana, Amerihealth",2D ECHO,93306,OUTPATIENT,1770.14,Humana,Humana Medicare PPO,1499.3,Save $270.84 with Humana Humana Medicare PPO plan.
hospital4,Regional Medical Center,Specialty Center,5760 Main St,Philadelphia,PA,19102,39.9507,-75.1628,(555) 841-9846,info@hospital4.example.com,https://www.hospital4.example.com,"Aetna, Highmark, United Healthcare, Humana, Amerihealth",TRILOCK GRIDPL,C1713,INPATIENT,1594.35,Amerihealth,Amerihealth Commercial,1501.14,Save $93.21 with Amerihealth Amerihealth Commercial plan.
hospital4,Regional Medical Center,Specialty Center,5760 Main St,Philadelphia,PA,19102,39.9507,-75.1628,(555) 841-9846,info@hospital4.example.com,https://www.hospital4.example.com,"Aetna, Highmark, United Healthcare, Humana, Amerihealth",TRILOCK GRIDPL,C1713,OUTPATIENT,1594.35,Amerihealth,Amerihealth Commercial,1501.14,Save $93.21 with Amerihealth Amerihealth Commercial plan.
hospital4,Regional Medical Center,Specialty Center,5760 Main St,Philadelphia,PA,19102,39.9507,-75.1628,(555) 841-9846,info@hospital4.example.com,https://www.hospital4.example.com,"Aetna, Highmark, United Healthcare, Humana, Amerihealth",TRILOCK GRIDPL,C1713,INPATIENT,1594.35,Amerihealth,Amerihealth Medicaid HC,859.56,Save $734.79 with Amerihealth Amerihealth Medicaid HC plan.
hospital4,Regional Medical Center,Specialty Center,5760 Main St,Philadelphia,PA,19102,39.9507,-75.1628,(555) 841-9846,info@hospital4.example.com,https://www.hospital4.example.com,"Aetna, Highmark, United Healthcare, Humana, Amerihealth",TRILOCK GRIDPL,C1713,OUTPATIENT,1594.35,Amerihealth,Amerihealth Medicaid HC,859.56,Save $734.79 with Amerihealth Amerihealth Medicaid HC plan.
hospital4,Regional Medical Center,Specialty Center,5760 Main St,Philadelphia,PA,19102,39.9507,-75.1628,(555) 841-9846,info@hospital4.example.com,https://www.hospital4.example.com,"Aetna, Highmark, United Healthcare, Humana, Amerihealth",TRILOCK GRIDPL,C1713,INPATIENT,1594.35,Amerihealth,Amerihealth Medicare,1318.12,Save $276.23 with Amerihealth Amerihealth Medicare plan.
hospital4,Regional Medical Center,Specialty Center,5760 Main St,Philadelphia,PA,19102,39.9507,-75.1628,(555) 841-9846,info@hospital4.example.com,https://www.hospital4.example.com,"Aetna, Highmark, United Healthcare, Humana, Amerihealth",TRILOCK GRIDPL,C1713,OUTPATIENT,1594.35,Amerihealth,Amerihealth Medicare,1318.12,Save $276.23 with Amerihealth Amerihealth Medicare plan.
hospital4,Regional Medical Center,Specialty Center,5760 Main St,Philadelphia,PA,19102,39.9507,-75.1628,(555) 841-9846,info@hospital4.example.com,https://www.hospital4.example.com,"Aetna, Highmark, United Healthcare, Humana, Amerihealth",TRILOCK GRIDPL,C1713,INPATIENT,1594.35,Humana,Humana Medicare HMO,1220.15,Save $374.2 with Humana Humana Medicare HMO plan.
hospital4,Regional Medical Center,Specialty Center,5760 Main St,Philadelphia,PA,19102,39.9507,-75.1628,(555) 841-9846,info@hospital4.example.com,https://www.hospital4.example.com,"Aetna, Highmark, United Healthcare, Humana, Amerihealth",TRILOCK GRIDPL,C1713,OUTPATIENT,1594.35,Humana,Humana Medicare HMO,1220.15,Save $374.2 with Humana Humana Medicare HMO plan.
hospital4,Regional Medical Center,Specialty Center,5760 Main St,Philadelphia,PA,19102,39.9507,-75.1628,(555) 841-9846,info@hospital4.example.com,https://www.hospital4.example.com,"Aetna, Highmark, United Healthcare, Humana, Amerihealth",TRILOCK GRIDPL,C1713,INPATIENT,1594.35,United Healthcare,United Healthcare CHIP,1175.07,Save $419.28 with United Healthcare United Healthcare CHIP plan.
hospital4,Regional Medical Center,Specialty Center,5760 Main St,Philadelphia,PA,19102,39.9507,-75.1628,(555) 841-9846,info@hospital4.example.com,https://www.hospital4.example.com,"Aetna, Highmark, United Healthcare, Humana, Amerihealth",TRILOCK GRIDPL,C1713,OUTPATIENT,1594.35,United Healthcare,United Healthcare CHIP,1175.07,Save $419.28 with United Healthcare United Healthcare CHIP plan.
hospital4,Regional Medical Center,Specialty Center,5760 Main St,Philadelphia,PA,19102,39.9507,-75.1628,(555) 841-9846,info@hospital4.example.com,https://www.hospital4.example.com,"Aetna, Highmark, United Healthcare, Humana, Amerihealth",TRILOCK GRIDPL,C1713,INPATIENT,1594.35,United Healthcare,United Healthcare Medicaid,1033.62,Save $560.73 with United Healthcare United Healthcare Medicaid plan.
hospital4,Regional Medical Center,Specialty Center,5760 Main St,Philadelphia,PA,19102,39.9507,-75.1628,(555) 841-9846,info@hospital4.example.com,https://www.hospital4.example.com,"Aetna, Highmark, United Healthcare, Humana, Amerihealth",TRILOCK GRIDPL,C1713,OUTPATIENT,1594.35,United Healthcare,United Healthcare Medicaid,1033.62,Save $560.73 with United Healthcare United Healthcare Medicaid plan.
hospital4,Regional Medical Center,Specialty Center,5760 Main St,Philadelphia,PA,19102,39.9507,-75.1628,(555) 841-9846,info@hospital4.example.com,https://www.hospital4.example.com,"Aetna, Highmark, United Healthcare, Humana, Amerihealth",CHG MRI BRAIN,70551,OUTPATIENT,818.72,,,,"Only standard charge, no insurance pricing available."
hospital4,Regional Medical Center,Specialty Center,5760 Main St,Philadelphia,PA,19102,39.9507,-75.1628,(555) 841-9846,info@hospital4.example.com,https://www.hospital4.example.com,"Aetna, Highmark, United Healthcare, Humana, Amerihealth",ABDOMINAL CT SCAN,74150,INPATIENT,1681.62,,,,"Only standard charge, no insurance pricing available."
hospital4,Regional Medical Center,Specialty Center,5760 Main St,Philadelphia,PA,19102,39.9507,-75.1628,(555) 841-9846,info@hospital4.example.com,https://www.hospital4.example.com,"Aetna, Highmark, United Healthcare, Humana, Amerihealth",ABDOMINAL CT SCAN,74150,OUTPATIENT,1681.62,,,,"Only standard charge, no insurance pricing available."
hospital4,Regional Medical Center,Specialty Center,5760 Main St,Philadelphia,PA,19102,39.9507,-75.1628,(555) 841-9846,info@hospital4.example.com,https://www.hospital4.example.com,"Aetna, Highmark, United Healthcare, Humana, Amerihealth",TRILOCK SCAPHOID PLATE,C1713,INPATIENT,949.79,Highmark,Highmark Commercial PROF,867.9,Save $81.89 with Highmark Highmark Commercial PROF plan.
hospital4,Regional Medical Center,Specialty Center,5760 Main St,Philadelphia,PA,19102,39.9507,-75.1628,(555) 841-9846,info@hospital4.example.com,https://www.hospital4.example.com,"Aetna, Highmark, United Healthcare, Humana, Amerihealth",TRILOCK SCAPHOID PLATE,C1713,OUTPATIENT,949.79,Highmark,Highmark Commercial PROF,867.9,Save $81.89 with Highmark Highmark Commercial PROF plan.
hospital4,Regional Medical Center,Specialty Center,5760 Main St,Philadelphia,PA,19102,39.9507,-75.1628,(555) 841-9846,info@hospital4.example.com,https://www.hospital4.example.com,"Aetna, Highmark, United Healthcare, Humana, Amerihealth",TRILOCK SCAPHOID PLATE,C1713,INPATIENT,949.79,Amerihealth,Amerihealth Commercial,654.7,Save $295.09 with Amerihealth Amerihealth Commercial plan.
hospital4,Regional Medical Center,Specialty Center,5760 Main St,Philadelphia,PA,19102,39.9507,-75.1628,(555) 841-9846,info@hospital4.example.com,https://www.hospital4.example.com,"Aetna, Highmark, United Healthcare, Humana, Amerihealth",TRILOCK SCAPHOID PLATE,C1713,OUTPATIENT,949.79,Amerihealth,Amerihealth Commercial,654.7,Save $295.09 with Amerihealth Amerihealth Commercial plan.
hospital4,Regional Medical Center,Specialty Center,5760 Main St,Philadelphia,PA,19102,39.9507,-75.1628,(555) 841-9846,info@hospital4.example.com,https://www.hospital4.example.com,"Aetna, Highmark, United Healthcare, Humana, Amerihealth",TRILOCK SCAPHOID PLATE,C1713,INPATIENT,949.79,Aetna,Aetna Medicare,547.88,Save $401.91 with Aetna Aetna Medicare plan.
hospital4,Regional Medical Center,Specialty Center,5760 Main St,Philadelphia,PA,19102,39.9507,-75.1628,(555) 841-9846,info@hospital4.example.com,https://www.hospital4.example.com,"Aetna, Highmark, United Healthcare, Humana, Amerihealth",TRILOCK SCAPHOID PLATE,C1713,OUTPATIENT,949.79,Aetna,Aetna Medicare,547.88,Save $401.91 with Aetna Aetna Medicare plan.
hospital4,Regional Medical Center,Specialty Center,5760 Main St,Philadelphia,PA,19102,39.9507,-75.1628,(555) 841-9846,info@hospital4.example.com,https://www.hospital4.example.com,"Aetna, Highmark, United Healthcare, Humana, Amerihealth",TRILOCK SCAPHOID PLATE,C1713,INPATIENT,949.79,Aetna,Aetna Medicaid CHIP,617.49,Save $332.3 with Aetna Aetna Medicaid CHIP plan.
hospital4,Regional Medical Center,Specialty Center,5760 Main St,Philadelphia,PA,19102,39.9507,-75.1628,(555) 841-9846,info@hospital4.example.com,https://www.hospital4.example.com,"Aetna, Highmark, United Healthcare, Humana, Amerihealth",TRILOCK SCAPHOID PLATE,C1713,OUTPATIENT,949.79,Aetna,Aetna Medicaid CHIP,617.49,Save $332.3 with Aetna Aetna Medicaid CHIP plan.
hospital4,Regional Medical Center,Specialty Center,5760 Main St,Philadelphia,PA,19102,39.9507,-75.1628,(555) 841-9846,info@hospital4.example.com,https://www.hospital4.example.com,"Aetna, Highmark, United Healthcare, Humana, Amerihealth",TRILOCK SCAPHOID PLATE,C1713,INPATIENT,1938.63,United Healthcare,United Healthcare Commercial,1216.47,Save $722.16 with United Healthcare United Healthcare Commercial plan.
hospital4,Regional Medical Center,Specialty Center,5760 Main St,Philadelphia,PA,19102,39.9507,-75.1628,(555) 841-9846,info@hospital4.example.com,https://www.hospital4.example.com,"Aetna, Highmark, United Healthcare, Humana, Amerihealth",TRILOCK SCAPHOID PLATE,C1713,OUTPATIENT,1938.63,United Healthcare,United Healthcare Commercial,1216.47,Save $722.16 with United Healthcare United Healthcare Commercial plan.
hospital4,Regional Medical Center,Specialty Center,5760 Main St,Philadelphia,PA,19102,39.9507,-75.1628,(555) 841-9846,info@hospital4.example.com,https://www.hospital4.example.com,"Aetna, Highmark, United Healthcare, Humana, Amerihealth",TRILOCK SCAPHOID PLATE,C1713,INPATIENT,395.39,Amerihealth,Amerihealth Medicare,336.86,Save $58.53 with Amerihealth Amerihealth Medicare plan.
hospital4,Regional Medical Center,Specialty Center,5760 Main St,Philadelphia,PA,19102,39.9507,-75.1628,(555) 841-9846,info@hospital4.example.com,https://www.hospital4.example.com,"Aetna, Highmark, United Healthcare, Humana, Amerihealth",TRILOCK SCAPHOID PLATE,C1713,OUTPATIENT,395.39,Amerihealth,Amerihealth Medicare,336.86,Save $58.53 with Amerihealth Amerihealth Medicare plan.
hospital4,Regional Medical Center,Specialty Center,5760 Main St,Philadelphia,PA,19102,39.9507,-75.1628,(555) 841-9846,info@hospital4.example.com,https://www.hospital4.example.com,"Aetna, Highmark, United Healthcare, Humana, Amerihealth",TRILOCK SCAPHOID PLATE,C1713,INPATIENT,395.39,Amerihealth,Amerihealth Medicaid HC,235.54,Save $159.85 with Amerihealth Amerihealth Medicaid HC plan.
hospital4,Regional Medical Center,Specialty Center,5760 Main St,Philadelphia,PA,19102,39.9507,-75.1628,(555) 841-9846,info@hospital4.example.com,https://www.hospital4.example.com,"Aetna, Highmark, United Healthcare, Humana, Amerihealth",TRILOCK SCAPHOID PLATE,C1713,OUTPATIENT,395.39,Amerihealth,Amerihealth Medicaid HC,235.54,Save $159.85 with Amerihealth Amerihealth Medicaid HC plan.
hospital4,Regional Medical Center,Specialty Center,5760 Main St,Philadelphia,PA,19102,39.9507,-75.1628,(555) 841-9846,info@hospital4.example.com,https://www.hospital4.example.com,"Aetna, Highmark, United Healthcare, Humana, Amerihealth",TRILOCK SCAPHOID PLATE,C1713,INPATIENT,395.39,Amerihealth,Amerihealth Commercial,346.82,Save $48.57 with Amerihealth Amerihealth Commercial plan.
hospital4,Regional Medical Center,Specialty Center,5760 Main St,Philadelphia,PA,19102,39.9507,-75.1628,(555) 841-9846,info@hospital4.example.com,https://www.hospital4.example.com,"Aetna, Highmark, United Healthcare, Humana, Amerihealth",TRILOCK SCAPHOID PLATE,C1713,OUTPATIENT,395.39,Amerihealth,Amerihealth Commercial,346.82,Save $48.57 with Amerihealth Amerihealth Commercial plan.
hospital4,Regional Medical Center,Specialty Center,5760 Main St,Philadelphia,PA,19102,39.9507,-75.1628,(555) 841-9846,info@hospital4.example.com,https://www.hospital4.example.com,"Aetna, Highmark, United Healthcare, Humana, Amerihealth",TRILOCK SCAPHOID PLATE,C1713,INPATIENT,395.39,United Healthcare,United Healthcare CHIP,342.33,Save $53.06 with United Healthcare United Healthcare CHIP plan.
hospital4,Regional Medical Center,Specialty Center,5760 Main St,Philadelphia,PA,19102,39.9507,-75.1628,(555) 841-9846,info@hospital4.example.com,https://www.hospital4.example.com,"Aetna, Highmark, United Healthcare, Humana, Amerihealth",TRILOCK SCAPHOID PLATE,C1713,OUTPATIENT,395.39,United Healthcare,United Healthcare CHIP,342.33,Save $53.06 with United Healthcare United Healthcare CHIP plan.
hospital4,Regional Medical Center,Specialty Center,5760 Main St,Philadelphia,PA,19102,39.9507,-75.1628,(555) 841-9846,info@hospital4.example.com,https://www.hospital4.example.com,"Aetna, Highmark, United Healthcare, Humana, Amerihealth",TRILOCK SCAPHOID PLATE,C1713,INPATIENT,395.39,United Healthcare,United Healthcare Commercial,367.77,Save $27.62 with United Healthcare United Healthcare Commercial plan.
hospital4,Regional Medical Center,Specialty Center,5760 Main St,Philadelphia,PA,19102,39.9507,-75.1628,(555) 841-9846,info@hospital4.example.com,https://www.hospital4.example.com,"Aetna, Highmark, United Healthcare, Humana, Amerihealth",TRILOCK SCAPHOID PLATE,C1713,OUTPATIENT,395.39,United Healthcare,United Healthcare Commercial,367.77,Save $27.62 with United Healthcare United Healthcare Commercial plan.
hospital4,Regional Medical Center,Specialty Center,5760 Main St,Philadelphia,PA,19102,39.9507,-75.1628,(555) 841-9846,info@hospital4.example.com,https://www.hospital4.example.com,"Aetna, Highmark, United Healthcare, Humana, Amerihealth",TRILOCK SCAPHOID PLATE,C1713,INPATIENT,395.39,United Healthcare,United Healthcare Medicaid,296.84,Save $98.55 with United Healthcare United Healthcare Medicaid plan.
hospital4,Regional Medical Center,Specialty Center,5760 Main St,Philadelphia,PA,19102,39.9507,-75.1628,(555) 841-9846,info@hospital4.example.com,https://www.hospital4.example.com,"Aetna, Highmark, United Healthcare, Humana, Amerihealth",TRILOCK SCAPHOID PLATE,C1713,OUTPATIENT,395.39,United Healthcare,United Healthcare Medicaid,296.84,Save $98.55 with United Healthcare United Healthcare Medicaid plan.
hospital4,Regional Medical Center,Specialty Center,5760 Main St,Philadelphia,PA,19102,39.9507,-75.1628,(555) 841-9846,info@hospital4.example.com,https://www.hospital4.example.com,"Aetna, Highmark, United Healthcare, Humana, Amerihealth",ACETYLCYSTEINE NON-COMP UNIT,J7608,OUTPATIENT,1615.43,Highmark,Highmark Medicare,862.46,Save $752.97 with Highmark Highmark Medicare plan.
hospital4,Regional Medical Center,Specialty Center,5760 Main St,Philadelphia,PA,19102,39.9507,-75.1628,(555) 841-9846,info@hospital4.example.com,https://www.hospital4.example.com,"Aetna, Highmark, United Healthcare, Humana, Amerihealth",ACETYLCYSTEINE NON-COMP UNIT,J7608,INPATIENT,1615.43,Highmark,Highmark Medicare,862.46,Save $752.97 with Highmark Highmark Medicare plan.
hospital4,Regional Medical Center,Specialty Center,5760 Main St,Philadelphia,PA,19102,39.9507,-75.1628,(555) 841-9846,info@hospital4.example.com,https://www.hospital4.example.com,"Aetna, Highmark, United Healthcare, Humana, Amerihealth",ACETYLCYSTEINE NON-COMP UNIT,J7608,OUTPATIENT,1615.43,Highmark,Highmark ACA Products PROF,1098.48,Save $516.95 with Highmark Highmark ACA Products PROF plan.
hospital4,Regional Medical Center,Specialty Center,5760 Main St,Philadelphia,PA,19102,39.9507,-75.1628,(555) 841-9846,info@hospital4.example.com,https://www.hospital4.example.com,"Aetna, Highmark, United Healthcare, Humana, Amerihealth",ACETYLCYSTEINE NON-COMP UNIT,J7608,INPATIENT,1615.43,Highmark,Highmark ACA Products PROF,1098.48,Save $516.95 with Highmark Highmark ACA Products PROF plan.
hospital4,Regional Medical Center,Specialty Center,5760 Main St,Philadelphia,PA,19102,39.9507,-75.1628,(555) 841-9846,info@hospital4.example.com,https://www.hospital4.example.com,"Aetna, Highmark, United Healthcare, Humana, Amerihealth",ACETYLCYSTEINE NON-COMP UNIT,J7608,OUTPATIENT,1615.43,Highmark,Highmark Commercial PROF,1305.22,Save $310.21 with Highmark Highmark Commercial PROF plan.
hospital4,Regional Medical Center,Specialty Center,5760 Main St,Philadelphia,PA,19102,39.9507,-75.1628,(555) 841-9846,info@hospital4.example.com,https://www.hospital4.example.com,"Aetna, Highmark, United Healthcare, Humana, Amerihealth",ACETYLCYSTEINE NON-COMP UNIT,J7608,INPATIENT,1615.43,Highmark,Highmark Commercial PROF,1305.22,Save $310.21 with Highmark Highmark Commercial PROF plan.
hospital4,Regional Medical Center,Specialty Center,5760 Main St,Philadelphia,PA,19102,39.9507,-75.1628,(555) 841-9846,info@hospital4.example.com,https://www.hospital4.example.com,"Aetna, Highmark, United Healthcare, Humana, Amerihealth",ACETYLCYSTEINE NON-COMP UNIT,J7608,OUTPATIENT,1615.43,Aetna,Aetna Medicare,1290.62,Save $324.81 with Aetna Aetna Medicare plan.
hospital4,Regional Medical Center,Specialty Center,5760 Main St,Philadelphia,PA,19102,39.9507,-75.1628,(555) 841-9846,info@hospital4.example.com,https://www.hospital4.example.com,"Aetna, Highmark, United Healthcare, Humana, Amerihealth",ACETYLCYSTEINE NON-COMP UNIT,J7608,INPATIENT,1615.43,Aetna,Aetna Medicare,1290.62,Save $324.81 with Aetna Aetna Medicare plan.
hospital4,Regional Medical Center,Specialty Center,5760 Main St,Philadelphia,PA,19102,39.9507,-75.1628,(555) 841-9846,info@hospital4.example.com,https://www.hospital4.example.com,"Aetna, Highmark, United Healthcare, Humana, Amerihealth",ACETYLCYSTEINE NON-COMP UNIT,J7608,OUTPATIENT,1615.43,Humana,Humana Medicare PPO,1376.06,Save $239.37 with Humana Humana Medicare PPO plan.
hospital4,Regional Medical Center,Specialty Center,5760 Main St,Philadelphia,PA,19102,39.9507,-75.1628,(555) 841-9846,info@hospital4.example.com,https://www.hospital4.example.com,"Aetna, Highmark, United Healthcare, Humana, Amerihealth",ACETYLCYSTEINE NON-COMP UNIT,J7608,INPATIENT,1615.43,Humana,Humana Medicare PPO,1376.06,Save $239.37 with Humana Humana Medicare PPO plan.
hospital4,Regional Medical Center,Specialty Center,5760 Main St,Philadelphia,PA,19102,39.9507,-75.1628,(555) 841-9846,info@hospital4.example.com,https://www.hospital4.example.com,"Aetna, Highmark, United Healthcare, Humana, Amerihealth",ACETYLCYSTEINE NON-COMP UNIT,J7608,OUTPATIENT,1078.4,,,,"Only standard charge, no insurance pricing available."
hospital4,Regional Medical Center,Specialty Center,5760 Main St,Philadelphia,PA,19102,39.9507,-75.1628,(555) 841-9846,info@hospital4.example.com,https://www.hospital4.example.com,"Aetna, Highmark, United Healthcare, Humana, Amerihealth",ACETYLCYSTEINE NON-COMP UNIT,J7608,INPATIENT,1078.4,,,,"Only standard charge, no insurance pricing available."
hospital5,University Hospital,Specialty Center,6839 Main St,Philadelphia,PA,19146,39.9432,-75.1855,(555) 468-4831,info@hospital5.example.com,https://www.hospital5.example.com,"Amerihealth, Highmark, Humana, United Healthcare",ABDOMINAL CT SCAN,74150,INPATIENT,375.33,United Healthcare,United Healthcare CHIP,249.6,Save $125.73 with United Healthcare United Healthcare CHIP plan.
hospital5,University Hospital,Specialty Center,6839 Main St,Philadelphia,PA,19146,39.9432,-75.1855,(555) 468-4831,info@hospital5.example.com,https://www.hospital5.example.com,"Amerihealth, Highmark, Humana, United Healthcare",ABDOMINAL CT SCAN,74150,OUTPATIENT,375.33,United Healthcare,United Healthcare CHIP,249.6,Save $125.73 with United Healthcare United Healthcare CHIP plan.
hospital5,University Hospital,Specialty Center,6839 Main St,Philadelphia,PA,19146,39.9432,-75.1855,(555) 468-4831,info@hospital5.example.com,https://www.hospital5.example.com,"Amerihealth, Highmark, Humana, United Healthcare",ABDOMINAL CT SCAN,74150,INPATIENT,375.33,United Healthcare,United Healthcare Medicaid,250.96,Save $124.37 with United Healthcare United Healthcare Medicaid plan.
hospital5,University Hospital,Specialty Center,6839 Main St,Philadelphia,PA,19146,39.9432,-75.1855,(555) 468-4831,info@hospital5.example.com,https://www.hospital5.example.com,"Amerihealth, Highmark, Humana, United Healthcare",ABDOMINAL CT SCAN,74150,OUTPATIENT,375.33,United Healthcare,United Healthcare Medicaid,250.96,Save $124.37 with United Healthcare United Healthcare Medicaid plan.
hospital5,University Hospital,Specialty Center,6839 Main St,Philadelphia,PA,19146,39.9432,-75.1855,(555) 468-4831,info@hospital5.example.com,https://www.hospital5.example.com,"Amerihealth, Highmark, Humana, United Healthcare",ABDOMINAL CT SCAN,74150,INPATIENT,375.33,United Healthcare,United Healthcare Commercial,266.18,Save $109.15 with United Healthcare United Healthcare Commercial plan.
hospital5,University Hospital,Specialty Center,6839 Main St,Philadelphia,PA,19146,39.9432,-75.1855,(555) 468-4831,info@hospital5.example.com,https://www.hospital5.example.com,"Amerihealth, Highmark, Humana, United Healthcare",ABDOMINAL CT SCAN,74150,OUTPATIENT,375.33,United Healthcare,United Healthcare Commercial,266.18,Save $109.15 with United Healthcare United Healthcare Commercial plan.
hospital5,University Hospital,Specialty Center,6839 Main St,Philadelphia,PA,19146,39.9432,-75.1855,(555) 468-4831,info@hospital5.example.com,https://www.hospital5.example.com,"Amerihealth, Highmark, Humana, United Healthcare",ABDOMINAL CT SCAN,74150,INPATIENT,375.33,Amerihealth,Amerihealth Medicaid HC,301.36,Save $73.97 with Amerihealth Amerihealth Medicaid HC plan.
hospital5,University Hospital,Specialty Center,6839 Main St,Philadelphia,PA,19146,39.9432,-75.1855,(555) 468-4831,info@hospital5.example.com,https://www.hospital5.example.com,"Amerihealth, Highmark, Humana, United Healthcare",ABDOMINAL CT SCAN,74150,OUTPATIENT,375.33,Amerihealth,Amerihealth Medicaid HC,301.36,Save $73.97 with Amerihealth Amerihealth Medicaid HC plan.
hospital5,University Hospital,Specialty Center,6839 Main St,Philadelphia,PA,19146,39.9432,-75.1855,(555) 468-4831,info@hospital5.example.com,https://www.hospital5.example.com,"Amerihealth, Highmark, Humana, United Healthcare",ABDOMINAL CT SCAN,74150,INPATIENT,375.33,Amerihealth,Amerihealth Medicare,308.39,Save $66.94 with Amerihealth Amerihealth Medicare plan.
hospital5,University Hospital,Specialty Center,6839 Main St,Philadelphia,PA,19146,39.9432,-75.1855,(555) 468-4831,info@hospital5.example.com,https://www.hospital5.example.com,"Amerihealth, Highmark, Humana, United Healthcare",ABDOMINAL CT SCAN,74150,OUTPATIENT,375.33,Amerihealth,Amerihealth Medicare,308.39,Save $66.94 with Amerihealth Amerihealth Medicare plan.
hospital5,University Hospital,Specialty Center,6839 Main St,Philadelphia,PA,19146,39.9432,-75.1855,(555) 468-4831,info@hospital5.example.com,https://www.hospital5.example.com,"Amerihealth, Highmark, Humana, United Healthcare",ABDOMINAL CT SCAN,74150,INPATIENT,375.33,Amerihealth,Amerihealth Commercial,256.92,Save $118.41 with Amerihealth Amerihealth Commercial plan.
hospital5,University Hospital,Specialty Center,6839 Main St,Philadelphia,PA,19146,39.9432,-75.1855,(555) 468-4831,info@hospital5.example.com,https://www.hospital5.example.com,"Amerihealth, Highmark, Humana, United Healthcare",ABDOMINAL CT SCAN,74150,OUTPATIENT,375.33,Amerihealth,Amerihealth Commercial,256.92,Save $118.41 with Amerihealth Amerihealth Commercial plan.
hospital5,University Hospital,Specialty Center,6839 Main St,Philadelphia,PA,19146,39.9432,-75.1855,(555) 468-4831,info@hospital5.example.com,https://www.hospital5.example.com,"Amerihealth, Highmark, Humana, United Healthcare",ABDOMINAL CT SCAN,74150,INPATIENT,375.33,Humana,Humana Commercial,218.09,Save $157.24 with Humana Humana Commercial plan.
hospital5,University Hospital,Specialty Center,6839 Main St,Philadelphia,PA,19146,39.9432,-75.1855,(555) 468-4831,info@hospital5.example.com,https://www.hospital5.example.com,"Amerihealth, Highmark, Humana, United Healthcare",ABDOMINAL CT SCAN,74150,OUTPATIENT,375.33,Humana,Humana Commercial,218.09,Save $157.24 with Humana Humana Commercial plan.
hospital5,University Hospital,Specialty Center,6839 Main St,Philadelphia,PA,19146,39.9432,-75.1855,(555) 468-4831,info@hospital5.example.com,https://www.hospital5.example.com,"Amerihealth, Highmark, Humana, United Healthcare",ABDOMINAL CT SCAN,74150,INPATIENT,375.33,Humana,Humana Medicare PPO,341.02,Save $34.31 with Humana Humana Medicare PPO plan.
hospital5,University Hospital,Specialty Center,6839 Main St,Philadelphia,PA,19146,39.9432,-75.1855,(555) 468-4831,info@hospital5.example.com,https://www.hospital5.example.com,"Amerihealth, Highmark, Humana, United Healthcare",ABDOMINAL CT SCAN,74150,OUTPATIENT,375.33,Humana,Humana Medicare PPO,341.02,Save $34.31 with Humana Humana Medicare PPO plan.
hospital5,University Hospital,Specialty Center,6839 Main St,Philadelphia,PA,19146,39.9432,-75.1855,(555) 468-4831,info@hospital5.example.com,https://www.hospital5.example.com,"Amerihealth, Highmark, Humana, United Healthcare",TRILOCK SCAPHOID PLATE,C1713,INPATIENT,1255.44,United Healthcare,United Healthcare CHIP,1179.75,Save $75.69 with United Healthcare United Healthcare CHIP plan.
hospital5,University Hospital,Specialty Center,6839 Main St,Philadelphia,PA,19146,39.9432,-75.1855,(555) 468-4831,info@hospital5.example.com,https://www.hospital5.example.com,"Amerihealth, Highmark, Humana, United Healthcare",TRILOCK SCAPHOID PLATE,C1713,OUTPATIENT,1255.44,United Healthcare,United Healthcare CHIP,1179.75,Save $75.69 with United Healthcare United Healthcare CHIP plan.
hospital5,University Hospital,Specialty Center,6839 Main St,Philadelphia,PA,19146,39.9432,-75.1855,(555) 468-4831,info@hospital5.example.com,https://www.hospital5.example.com,"Amerihealth, Highmark, Humana, United Healthcare",TRILOCK SCAPHOID PLATE,C1713,INPATIENT,1255.44,United Healthcare,United Healthcare Medicaid,936.8,Save $318.64 with United Healthcare United Healthcare Medicaid plan.
hospital5,University Hospital,Specialty Center,6839 Main St,Philadelphia,PA,19146,39.9432,-75.1855,(555) 468-4831,info@hospital5.example.com,https://www.hospital5.example.com,"Amerihealth, Highmark, Humana, United Healthcare",TRILOCK SCAPHOID PLATE,C1713,OUTPATIENT,1255.44,United Healthcare,United Healthcare Medicaid,936.8,Save $318.64 with United Healthcare United Healthcare Medicaid plan.
hospital5,University Hospital,Specialty Center,6839 Main St,Philadelphia,PA,19146,39.9432,-75.1855,(555) 468-4831,info@hospital5.example.com,https://www.hospital5.example.com,"Amerihealth, Highmark, Humana, United Healthcare",TRILOCK SCAPHOID PLATE,C1713,INPATIENT,1255.44,Amerihealth,Amerihealth Medicare,1128.6,Save $126.84 with Amerihealth Amerihealth Medicare plan.
hospital5,University Hospital,Specialty Center,6839 Main St,Philadelphia,PA,19146,39.9432,-75.1855,(555) 468-4831,info@hospital5.example.com,https://www.hospital5.example.com,"Amerihealth, Highmark, Humana, United Healthcare",TRILOCK SCAPHOID PLATE,C1713,OUTPATIENT,1255.44,Amerihealth,Amerihealth Medicare,1128.6,Save $126.84 with Amerihealth Amerihealth Medicare plan.
hospital5,University Hospital,Specialty Center,6839 Main St,Philadelphia,PA,19146,39.9432,-75.1855,(555) 468-4831,info@hospital5.example.com,https://www.hospital5.example.com,"Amerihealth, Highmark, Humana, United Healthcare",TRILOCK SCAPHOID PLATE,C1713,INPATIENT,1255.44,Amerihealth,Amerihealth Medicaid HC,730.55,Save $524.89 with Amerihealth Amerihealth Medicaid HC plan.
hospital5,University Hospital,Specialty Center,6839 Main St,Philadelphia,PA,19146,39.9432,-75.1855,(555) 468-4831,info@hospital5.example.com,https://www.hospital5.example.com,"Amerihealth, Highmark, Humana, United Healthcare",TRILOCK SCAPHOID PLATE,C1713,OUTPATIENT,1255.44,Amerihealth,Amerihealth Medicaid HC,730.55,Save $524.89 with Amerihealth Amerihealth Medicaid HC plan.
hospital5,University Hospital,Specialty Center,6839 Main St,Philadelphia,PA,19146,39.9432,-75.1855,(555) 468-4831,info@hospital5.example.com,https://www.hospital5.example.com,"Amerihealth, Highmark, Humana, United Healthcare",TRILOCK SCAPHOID PLATE,C1713,INPATIENT,1255.44,Aetna,Aetna Commercial,908.83,Save $346.61 with Aetna Aetna Commercial plan.
hospital5,University Hospital,Specialty Center,6839 Main St,Philadelphia,PA,19146,39.9432,-75.1855,(555) 468-4831,info@hospital5.example.com,https://www.hospital5.example.com,"Amerihealth, Highmark, Humana, United Healthcare",TRILOCK SCAPHOID PLATE,C1713,OUTPATIENT,1255.44,Aetna,Aetna Commercial,908.83,Save $346.61 with Aetna Aetna Commercial plan.
hospital5,University Hospital,Specialty Center,6839 Main St,Philadelphia,PA,19146,39.9432,-75.1855,(555) 468-4831,info@hospital5.example.com,https://www.hospital5.example.com,"Amerihealth, Highmark, Humana, United Healthcare",TRILOCK SCAPHOID PLATE,C1713,INPATIENT,1255.44,Aetna,Aetna Medicare,914.01,Save $341.43 with Aetna Aetna Medicare plan.
hospital5,University Hospital,Specialty Center,6839 Main St,Philadelphia,PA,19146,39.9432,-75.1855,(555) 468-4831,info@hospital5.example.com,https://www.hospital5.example.com,"Amerihealth, Highmark, Humana, United Healthcare",TRILOCK SCAPHOID PLATE,C1713,OUTPATIENT,1255.44,Aetna,Aetna Medicare,914.01,Save $341.43 with Aetna Aetna Medicare plan.
hospital5,University Hospital,Specialty Center,6839 Main St,Philadelphia,PA,19146,39.9432,-75.1855,(555) 468-4831,info@hospital5.example.com,https://www.hospital5.example.com,"Amerihealth, Highmark, Humana, United Healthcare",1 CC STERILE SYRINGE&NEEDLE,A4206,INPATIENT,294.63,Amerihealth,Amerihealth Medicare,229.83,Save $64.8 with Amerihealth Amerihealth Medicare plan.
hospital5,University Hospital,Specialty Center,6839 Main St,Philadelphia,PA,19146,39.9432,-75.1855,(555) 468-4831,info@hospital5.example.com,https://www.hospital5.example.com,"Amerihealth, Highmark, Humana, United Healthcare",1 CC STERILE SYRINGE&NEEDLE,A4206,OUTPATIENT,294.63,Amerihealth,Amerihealth Medicare,229.83,Save $64.8 with Amerihealth Amerihealth Medicare plan.
hospital5,University Hospital,Specialty Center,6839 Main St,Philadelphia,PA,19146,39.9432,-75.1855,(555) 468-4831,info@hospital5.example.com,https://www.hospital5.example.com,"Amerihealth, Highmark, Humana, United Healthcare",1 CC STERILE SYRINGE&NEEDLE,A4206,INPATIENT,294.63,Amerihealth,Amerihealth Commercial,206.48,Save $88.15 with Amerihealth Amerihealth Commercial plan.
hospital5,University Hospital,Specialty Center,6839 Main St,Philadelphia,PA,19146,39.9432,-75.1855,(555) 468-4831,info@hospital5.example.com,https://www.hospital5.example.com,"Amerihealth, Highmark, Humana, United Healthcare",1 CC STERILE SYRINGE&NEEDLE,A4206,OUTPATIENT,294.63,Amerihealth,Amerihealth Commercial,206.48,Save $88.15 with Amerihealth Amerihealth Commercial plan.
hospital5,University Hospital,Specialty Center,6839 Main St,Philadelphia,PA,19146,39.9432,-75.1855,(555) 468-4831,info@hospital5.example.com,https://www.hospital5.example.com,"Amerihealth, Highmark, Humana, United Healthcare",1 CC STERILE SYRINGE&NEEDLE,A4206,INPATIENT,294.63,Highmark,Highmark Commercial PROF,189.85,Save $104.78 with Highmark Highmark Commercial PROF plan.
hospital5,University Hospital,Specialty Center,6839 Main St,Philadelphia,PA,19146,39.9432,-75.1855,(555) 468-4831,info@hospital5.example.com,https://www.hospital5.example.com,"Amerihealth, Highmark, Humana, United Healthcare",1 CC STERILE SYRINGE&NEEDLE,A4206,OUTPATIENT,294.63,Highmark,Highmark Commercial PROF,189.85,Save $104.78 with Highmark Highmark Commercial PROF plan.
hospital5,University Hospital,Specialty Center,6839 Main St,Philadelphia,PA,19146,39.9432,-75.1855,(555) 468-4831,info@hospital5.example.com,https://www.hospital5.example.com,"Amerihealth, Highmark, Humana, United Healthcare",1 CC STERILE SYRINGE&NEEDLE,A4206,INPATIENT,294.63,Highmark,Highmark Medicare,176.98,Save $117.65 with Highmark Highmark Medicare plan.
hospital5,University Hospital,Specialty Center,6839 Main St,Philadelphia,PA,19146,39.9432,-75.1855,(555) 468-4831,info@hospital5.example.com,https://www.hospital5.example.com,"Amerihealth, Highmark, Humana, United Healthcare",1 CC STERILE SYRINGE&NEEDLE,A4206,OUTPATIENT,294.63,Highmark,Highmark Medicare,176.98,Save $117.65 with Highmark Highmark Medicare plan.
hospital5,University Hospital,Specialty Center,6839 Main St,Philadelphia,PA,19146,39.9432,-75.1855,(555) 468-4831,info@hospital5.example.com,https://www.hospital5.example.com,"Amerihealth, Highmark, Humana, United Healthcare",1 CC STERILE SYRINGE&NEEDLE,A4206,INPATIENT,294.63,Highmark,Highmark ACA Products PROF,194.21,Save $100.42 with Highmark Highmark ACA Products PROF plan.
hospital5,University Hospital,Specialty Center,6839 Main St,Philadelphia,PA,19146,39.9432,-75.1855,(555) 468-4831,info@hospital5.example.com,https://www.hospital5.example.com,"Amerihealth, Highmark, Humana, United Healthcare",1 CC STERILE SYRINGE&NEEDLE,A4206,OUTPATIENT,294.63,Highmark,Highmark ACA Products PROF,194.21,Save $100.42 with Highmark Highmark ACA Products PROF plan.
hospital5,University Hospital,Specialty Center,6839 Main St,Philadelphia,PA,19146,39.9432,-75.1855,(555) 468-4831,info@hospital5.example.com,https://www.hospital5.example.com,"Amerihealth, Highmark, Humana, United Healthcare",1 CC STERILE SYRINGE&NEEDLE,A4206,INPATIENT,294.63,Humana,Humana Medicare PPO,248.09,Save $46.54 with Humana Humana Medicare PPO plan.
hospital5,University Hospital,Specialty Center,6839 Main St,Philadelphia,PA,19146,39.9432,-75.1855,(555) 468-4831,info@hospital5.example.com,https://www.hospital5.example.com,"Amerihealth, Highmark, Humana, United Healthcare",1 CC STERILE SYRINGE&NEEDLE,A4206,OUTPATIENT,294.63,Humana,Humana Medicare PPO,248.09,Save $46.54 with Humana Humana Medicare PPO plan.
hospital5,University Hospital,Specialty Center,6839 Main St,Philadelphia,PA,19146,39.9432,-75.1855,(555) 468-4831,info@hospital5.example.com,https://www.hospital5.example.com,"Amerihealth, Highmark, Humana, United Healthcare",CHG MRI BRAIN,70551,OUTPATIENT,845.82,Amerihealth,Amerihealth Commercial,502.62,Save $343.2 with Amerihealth Amerihealth Commercial plan.
hospital5,University Hospital,Specialty Center,6839 Main St,Philadelphia,PA,19146,39.9432,-75.1855,(555) 468-4831,info@hospital5.example.com,https://www.hospital5.example.com,"Amerihealth, Highmark, Humana, United Healthcare",CHG MRI BRAIN,70551,OUTPATIENT,845.82,Amerihealth,Amerihealth Medicare,771.13,Save $74.69 with Amerihealth Amerihealth Medicare plan.
hospital5,University Hospital,Specialty Center,6839 Main St,Philadelphia,PA,19146,39.9432,-75.1855,(555) 468-4831,info@hospital5.example.com,https://www.hospital5.example.com,"Amerihealth, Highmark, Humana, United Healthcare",CHG MRI BRAIN,70551,OUTPATIENT,845.82,United Healthcare,United Healthcare Medicaid,645.13,Save $200.69 with United Healthcare United Healthcare Medicaid plan.
hospital5,University Hospital,Specialty Center,6839 Main St,Philadelphia,PA,19146,39.9432,-75.1855,(555) 468-4831,info@hospital5.example.com,https://www.hospital5.example.com,"Amerihealth, Highmark, Humana, United Healthcare",CHG MRI BRAIN,70551,OUTPATIENT,845.82,United Healthcare,United Healthcare Commercial,435.7,Save $410.12 with United Healthcare United Healthcare Commercial plan.
hospital5,University Hospital,Specialty Center,6839 Main St,Philadelphia,PA,19146,39.9432,-75.1855,(555) 468-4831,info@hospital5.example.com,https://www.hospital5.example.com,"Amerihealth, Highmark, Humana, United Healthcare",CHG MRI BRAIN,70551,OUTPATIENT,845.82,United Healthcare,United Healthcare CHIP,532.63,Save $313.19 with United Healthcare United Healthcare CHIP plan.
hospital5,University Hospital,Specialty Center,6839 Main St,Philadelphia,PA,19146,39.9432,-75.1855,(555) 468-4831,info@hospital5.example.com,https://www.hospital5.example.com,"Amerihealth, Highmark, Humana, United Healthcare",ACETYLCYSTEINE NON-COMP UNIT,J7608,OUTPATIENT,1554.27,,,,"Only standard charge, no insurance pricing available."
hospital5,University Hospital,Specialty Center,6839 Main St,Philadelphia,PA,19146,39.9432,-75.1855,(555) 468-4831,info@hospital5.example.com,https://www.hospital5.example.com,"Amerihealth, Highmark, Humana, United Healthcare",ACETYLCYSTEINE NON-COMP UNIT,J7608,INPATIENT,1554.27,,,,"Only standard charge, no insurance pricing available."
hospital5,University Hospital,Specialty Center,6839 Main St,Philadelphia,PA,19146,39.9432,-75.1855,(555) 468-4831,info@hospital5.example.com,https://www.hospital5.example.com,"Amerihealth, Highmark, Humana, United Healthcare",TRILOCK GRIDPL,C1713,INPATIENT,1042.28,,,,"Only standard charge, no insurance pricing available."
hospital5,University Hospital,Specialty Center,6839 Main St,Philadelphia,PA,19146,39.9432,-75.1855,(555) 468-4831,info@hospital5.example.com,https://www.hospital5.example.com,"Amerihealth, Highmark, Humana, United Healthcare",TRILOCK GRIDPL,C1713,OUTPATIENT,1042.28,,,,"Only standard charge, no insurance pricing available."
hospital5,University Hospital,Specialty Center,6839 Main St,Philadelphia,PA,19146,39.9432,-75.1855,(555) 468-4831,info@hospital5.example.com,https://www.hospital5.example.com,"Amerihealth, Highmark, Humana, United Healthcare",CHEST X-RAY,71045,INPATIENT,1557.48,Amerihealth,Amerihealth Commercial,860.65,Save $696.83 with Amerihealth Amerihealth Commercial plan.
hospital5,University Hospital,Specialty Center,6839 Main St,Philadelphia,PA,19146,39.9432,-75.1855,(555) 468-4831,info@hospital5.example.com,https://www.hospital5.example.com,"Amerihealth, Highmark, Humana, United Healthcare",CHEST X-RAY,71045,OUTPATIENT,1557.48,Amerihealth,Amerihealth Commercial,860.65,Save $696.83 with Amerihealth Amerihealth Commercial plan.
hospital5,University Hospital,Specialty Center,6839 Main St,Philadelphia,PA,19146,39.9432,-75.1855,(555) 468-4831,info@hospital5.example.com,https://www.hospital5.example.com,"Amerihealth, Highmark, Humana, United Healthcare",CHEST X-RAY,71045,INPATIENT,1557.48,Amerihealth,Amerihealth Medicare,993.02,Save $564.46 with Amerihealth Amerihealth Medicare plan.
hospital5,University Hospital,Specialty Center,6839 Main St,Philadelphia,PA,19146,39.9432,-75.1855,(555) 468-4831,info@hospital5.example.com,https://www.hospital5.example.com,"Amerihealth, Highmark, Humana, United Healthcare",CHEST X-RAY,71045,OUTPATIENT,1557.48,Amerihealth,Amerihealth Medicare,993.02,Save $564.46 with Amerihealth Amerihealth Medicare plan.
hospital5,University Hospital,Specialty Center,6839 Main St,Philadelphia,PA,19146,39.9432,-75.1855,(555) 468-4831,info@hospital5.example.com,https://www.hospital5.example.com,"Amerihealth, Highmark, Humana, United Healthcare",CHEST X-RAY,71045,INPATIENT,1557.48,Amerihealth,Amerihealth Medicaid HC,925.01,Save $632.47 with Amerihealth Amerihealth Medicaid HC plan.
hospital5,University Hospital,Specialty Center,6839 Main St,Philadelphia,PA,19146,39.9432,-75.1855,(555) 468-4831,info@hospital5.example.com,https://www.hospital5.example.com,"Amerihealth, Highmark, Humana, United Healthcare",CHEST X-RAY,71045,OUTPATIENT,1557.48,Amerihealth,Amerihealth Medicaid HC,925.01,Save $632.47 with Amerihealth Amerihealth Medicaid HC plan.
hospital5,University Hospital,Specialty Center,6839 Main St,Philadelphia,PA,19146,39.9432,-75.1855,(555) 468-4831,info@hospital5.example.com,https://www.hospital5.example.com,"Amerihealth, Highmark, Humana, United Healthcare",CHEST X-RAY,71045,INPATIENT,1557.48,Highmark,Highmark Commercial PROF,1298.84,Save $258.64 with Highmark Highmark Commercial PROF plan.
hospital5,University Hospital,Specialty Center,6839 Main St,Philadelphia,PA,19146,39.9432,-75.1855,(555) 468-4831,info@hospital5.example.com,https://www.hospital5.example.com,"Amerihealth, Highmark, Humana, United Healthcare",CHEST X-RAY,71045,OUTPATIENT,1557.48,Highmark,Highmark Commercial PROF,1298.84,Save $258.64 with Highmark Highmark Commercial PROF plan.
hospital5,University Hospital,Specialty Center,6839 Main St,Philadelphia,PA,19146,39.9432,-75.1855,(555) 468-4831,info@hospital5.example.com,https://www.hospital5.example.com,"Amerihealth, Highmark, Humana, United Healthcare",CHEST X-RAY,71045,INPATIENT,1557.48,Highmark,Highmark ACA Products PROF,1025.05,Save $532.43 with Highmark Highmark ACA Products PROF plan.
hospital5,University Hospital,Specialty Center,6839 Main St,Philadelphia,PA,19146,39.9432,-75.1855,(555) 468-4831,info@hospital5.example.com,https://www.hospital5.example.com,"Amerihealth, Highmark, Humana, United Healthcare",CHEST X-RAY,71045,OUTPATIENT,1557.48,Highmark,Highmark ACA Products PROF,1025.05,Save $532.43 with Highmark Highmark ACA Products PROF plan.
hospital5,University Hospital,Specialty Center,6839 Main St,Philadelphia,PA,19146,39.9432,-75.1855,(555) 468-4831,info@hospital5.example.com,https://www.hospital5.example.com,"Amerihealth, Highmark, Humana, United Healthcare",CHEST X-RAY,71045,INPATIENT,1557.48,Highmark,Highmark Medicare,1033.8,Save $523.68 with Highmark Highmark Medicare plan.
hospital5,University Hospital,Specialty Center,6839 Main St,Philadelphia,PA,19146,39.9432,-75.1855,(555) 468-4831,info@hospital5.example.com,https://www.hospital5.example.com,"Amerihealth, Highmark, Humana, United Healthcare",CHEST X-RAY,71045,OUTPATIENT,1557.48,Highmark,Highmark Medicare,1033.8,Save $523.68 with Highmark Highmark Medicare plan.
hospital5,University Hospital,Specialty Center,6839 Main St,Philadelphia,PA,19146,39.9432,-75.1855,(555) 468-4831,info@hospital5.example.com,https://www.hospital5.example.com,"Amerihealth, Highmark, Humana, United Healthcare",CHEST X-RAY,71045,INPATIENT,1557.48,Humana,Humana Medicare PPO,1269.72,Save $287.76 with Humana Humana Medicare PPO plan.
hospital5,University Hospital,Specialty Center,6839 Main St,Philadelphia,PA,19146,39.9432,-75.1855,(555) 468-4831,info@hospital5.example.com,https://www.hospital5.example.com,"Amerihealth, Highmark, Humana, United Healthcare",CHEST X-RAY,71045,OUTPATIENT,1557.48,Humana,Humana Medicare PPO,1269.72,Save $287.76 with Humana Humana Medicare PPO plan.
hospital5,University Hospital,Specialty Center,6839 Main St,Philadelphia,PA,19146,39.9432,-75.1855,(555) 468-4831,info@hospital5.example.com,https://www.hospital5.example.com,"Amerihealth, Highmark, Humana, United Healthcare",CHEST X-RAY,71045,INPATIENT,1557.48,Humana,Humana Commercial,973.72,Save $583.76 with Humana Humana Commercial plan.
hospital5,University Hospital,Specialty Center,6839 Main St,Philadelphia,PA,19146,39.9432,-75.1855,(555) 468-4831,info@hospital5.example.com,https://www.hospital5.example.com,"Amerihealth, Highmark, Humana, United Healthcare",CHEST X-RAY,71045,OUTPATIENT,1557.48,Humana,Humana Commercial,973.72,Save $583.76 with Humana Humana Commercial plan.
hospital5,University Hospital,Specialty Center,6839 Main St,Philadelphia,PA,19146,39.9432,-75.1855,(555) 468-4831,info@hospital5.example.com,https://www.hospital5.example.com,"Amerihealth, Highmark, Humana, United Healthcare",2D ECHO,93306,OUTPATIENT,1897.53,Humana,Humana Commercial,1612.68,Save $284.85 with Humana Humana Commercial plan.
hospital5,University Hospital,Specialty Center,6839 Main St,Philadelphia,PA,19146,39.9432,-75.1855,(555) 468-4831,info@hospital5.example.com,https://www.hospital5.example.com,"Amerihealth, Highmark, Humana, United Healthcare",2D ECHO,93306,OUTPATIENT,1897.53,Aetna,Aetna Medicare,1372.03,Save $525.5 with Aetna Aetna Medicare plan.
hospital5,University Hospital,Specialty Center,6839 Main St,Philadelphia,PA,19146,39.9432,-75.1855,(555) 468-4831,info@hospital5.example.com,https://www.hospital5.example.com,"Amerihealth, Highmark, Humana, United Healthcare",2D ECHO,93306,OUTPATIENT,1897.53,Aetna,Aetna Commercial,1331.82,Save $565.71 with Aetna Aetna Commercial plan.
hospital5,University Hospital,Specialty Center,6839 Main St,Philadelphia,PA,19146,39.9432,-75.1855,(555) 468-4831,info@hospital5.example.com,https://www.hospital5.example.com,"Amerihealth, Highmark, Humana, United Healthcare",2D ECHO,93306,OUTPATIENT,1897.53,Aetna,Aetna Medicaid CHIP,1620.64,Save $276.89 with Aetna Aetna Medicaid CHIP plan.
hospital5,University Hospital,Specialty Center,6839 Main St,Philadelphia,PA,19146,39.9432,-75.1855,(555) 468-4831,info@hospital5.example.com,https://www.hospital5.example.com,"Amerihealth, Highmark, Humana, United Healthcare",2D ECHO,93306,OUTPATIENT,1897.53,United Healthcare,United Healthcare CHIP,1092.38,Save $805.15 with United Healthcare United Healthcare CHIP plan.
hospital5,University Hospital,Specialty Center,6839 Main St,Philadelphia,PA,19146,39.9432,-75.1855,(555) 468-4831,info@hospital5.example.com,https://www.hospital5.example.com,"Amerihealth, Highmark, Humana, United Healthcare",BASIC METABOLIC PANEL,80048,INPATIENT,1160.31,Aetna,Aetna Medicaid CHIP,664.38,Save $495.93 with Aetna Aetna Medicaid CHIP plan.
hospital5,University Hospital,Specialty Center,6839 Main St,Philadelphia,PA,19146,39.9432,-75.1855,(555) 468-4831,info@hospital5.example.com,https://www.hospital5.example.com,"Amerihealth, Highmark, Humana, United Healthcare",BASIC METABOLIC PANEL,80048,OUTPATIENT,1160.31,Aetna,Aetna Medicaid CHIP,664.38,Save $495.93 with Aetna Aetna Medicaid CHIP plan.
hospital5,University Hospital,Specialty Center,6839 Main St,Philadelphia,PA,19146,39.9432,-75.1855,(555) 468-4831,info@hospital5.example.com,https://www.hospital5.example.com,"Amerihealth, Highmark, Humana, United Healthcare",BASIC METABOLIC PANEL,80048,INPATIENT,1160.31,Aetna,Aetna Medicare,693.07,Save $467.24 with Aetna Aetna Medicare plan.
hospital5,University Hospital,Specialty Center,6839 Main St,Philadelphia,PA,19146,39.9432,-75.1855,(555) 468-4831,info@hospital5.example.com,https://www.hospital5.example.com,"Amerihealth, Highmark, Humana, United Healthcare",BASIC METABOLIC PANEL,80048,OUTPATIENT,1160.31,Aetna,Aetna Medicare,693.07,Save $467.24 with Aetna Aetna Medicare plan.
hospital5,University Hospital,Specialty Center,6839 Main St,Philadelphia,PA,19146,39.9432,-75.1855,(555) 468-4831,info@hospital5.example.com,https://www.hospital5.example.com,"Amerihealth, Highmark, Humana, United Healthcare",BASIC METABOLIC PANEL,80048,INPATIENT,1160.31,Aetna,Aetna Commercial,949.17,Save $211.14 with Aetna Aetna Commercial plan.
hospital5,University Hospital,Specialty Center,6839 Main St,Philadelphia,PA,19146,39.9432,-75.1855,(555) 468-4831,info@hospital5.example.com,https://www.hospital5.example.com,"Amerihealth, Highmark, Humana, United Healthcare",BASIC METABOLIC PANEL,80048,OUTPATIENT,1160.31,Aetna,Aetna Commercial,949.17,Save $211.14 with Aetna Aetna Commercial plan.
hospital5,University Hospital,Specialty Center,6839 Main St,Philadelphia,PA,19146,39.9432,-75.1855,(555) 468-4831,info@hospital5.example.com,https://www.hospital5.example.com,"Amerihealth, Highmark, Humana, United Healthcare",BASIC METABOLIC PANEL,80048,INPATIENT,1160.31,Humana,Humana Commercial,790.1,Save $370.21 with Humana Humana Commercial plan.
hospital5,University Hospital,Specialty Center,6839 Main St,Philadelphia,PA,19146,39.9432,-75.1855,(555) 468-4831,info@hospital5.example.com,https://www.hospital5.example.com,"Amerihealth, Highmark, Humana, United Healthcare",BASIC METABOLIC PANEL,80048,OUTPATIENT,1160.31,Humana,Humana Commercial,790.1,Save $370.21 with Humana Humana Commercial plan.
hospital5,University Hospital,Specialty Center,6839 Main St,Philadelphia,PA,19146,39.9432,-75.1855,(555) 468-4831,info@hospital5.example.com,https://www.hospital5.example.com,"Amerihealth, Highmark, Humana, United Healthcare",COMPLETE BLOOD COUNT,85025,INPATIENT,509.88,Amerihealth,Amerihealth Medicare,482.24,Save $27.64 with Amerihealth Amerihealth Medicare plan.
hospital5,University Hospital,Specialty Center,6839 Main St,Philadelphia,PA,19146,39.9432,-75.1855,(555) 468-4831,info@hospital5.example.com,https://www.hospital5.example.com,"Amerihealth, Highmark, Humana, United Healthcare",COMPLETE BLOOD COUNT,85025,OUTPATIENT,509.88,Amerihealth,Amerihealth Medicare,482.24,Save $27.64 with Amerihealth Amerihealth Medicare plan.
hospital5,University Hospital,Specialty Center,6839 Main St,Philadelphia,PA,19146,39.9432,-75.1855,(555) 468-4831,info@hospital5.example.com,https://www.hospital5.example.com,"Amerihealth, Highmark, Humana, United Healthcare",COMPLETE BLOOD COUNT,85025,INPATIENT,509.88,Amerihealth,Amerihealth Commercial,432.04,Save $77.84 with Amerihealth Amerihealth Commercial plan.
hospital5,University Hospital,Specialty Center,6839 Main St,Philadelphia,PA,19146,39.9432,-75.1855,(555) 468-4831,info@hospital5.example.com,https://www.hospital5.example.com,"Amerihealth, Highmark, Humana, United Healthcare",COMPLETE BLOOD COUNT,85025,OUTPATIENT,509.88,Amerihealth,Amerihealth Commercial,432.04,Save $77.84 with Amerihealth Amerihealth Commercial plan.
hospital5,University Hospital,Specialty Center,6839 Main St,Philadelphia,PA,19146,39.9432,-75.1855,(555) 468-4831,info@hospital5.example.com,https://www.hospital5.example.com,"Amerihealth, Highmark, Humana, United Healthcare",TRILOCK SCAPHOID PLATE,C1713,INPATIENT,272.94,Amerihealth,Amerihealth Medicaid HC,214.8,Save $58.14 with Amerihealth Amerihealth Medicaid HC plan.
hospital5,University Hospital,Specialty Center,6839 Main St,Philadelphia,PA,19146,39.9432,-75.1855,(555) 468-4831,info@hospital5.example.com,https://www.hospital5.example.com,"Amerihealth, Highmark, Humana, United Healthcare",TRILOCK SCAPHOID PLATE,C1713,OUTPATIENT,272.94,Amerihealth,Amerihealth Medicaid HC,214.8,Save $58.14 with Amerihealth Amerihealth Medicaid HC plan.
hospital5,University Hospital,Specialty Center,6839 Main St,Philadelphia,PA,19146,39.9432,-75.1855,(555) 468-4831,info@hospital5.example.com,https://www.hospital5.example.com,"Amerihealth, Highmark, Humana, United Healthcare",TRILOCK SCAPHOID PLATE,C1713,INPATIENT,272.94,Amerihealth,Amerihealth Medicare,161.97,Save $110.97 with Amerihealth Amerihealth Medicare plan.
hospital5,University Hospital,Specialty Center,6839 Main St,Philadelphia,PA,19146,39.9432,-75.1855,(555) 468-4831,info@hospital5.example.com,https://www.hospital5.example.com,"Amerihealth, Highmark, Humana, United Healthcare",TRILOCK SCAPHOID PLATE,C1713,OUTPATIENT,272.94,Amerihealth,Amerihealth Medicare,161.97,Save $110.97 with Amerihealth Amerihealth Medicare plan.
hospital5,University Hospital,Specialty Center,6839 Main St,Philadelphia,PA,19146,39.9432,-75.1855,(555) 468-4831,info@hospital5.example.com,https://www.hospital5.example.com,"Amerihealth, Highmark, Humana, United Healthcare",TRILOCK SCAPHOID PLATE,C1713,INPATIENT,272.94,Amerihealth,Amerihealth Commercial,230.52,Save $42.42 with Amerihealth Amerihealth Commercial plan.
hospital5,University Hospital,Specialty Center,6839 Main St,Philadelphia,PA,19146,39.9432,-75.1855,(555) 468-4831,info@hospital5.example.com,https://www.hospital5.example.com,"Amerihealth, Highmark, Humana, United Healthcare",TRILOCK SCAPHOID PLATE,C1713,OUTPATIENT,272.94,Amerihealth,Amerihealth Commercial,230.52,Save $42.42 with Amerihealth Amerihealth Commercial plan.
hospital5,University Hospital,Specialty Center,6839 Main St,Philadelphia,PA,19146,39.9432,-75.1855,(555) 468-4831,info@hospital5.example.com,https://www.hospital5.example.com,"Amerihealth, Highmark, Humana, United Healthcare",TRILOCK SCAPHOID PLATE,C1713,INPATIENT,272.94,United Healthcare,United Healthcare Commercial,221.22,Save $51.72 with United Healthcare United Healthcare Commercial plan.
hospital5,University Hospital,Specialty Center,6839 Main St,Philadelphia,PA,19146,39.9432,-75.1855,(555) 468-4831,info@hospital5.example.com,https://www.hospital5.example.com,"Amerihealth, Highmark, Humana, United Healthcare",TRILOCK SCAPHOID PLATE,C1713,OUTPATIENT,272.94,United Healthcare,United Healthcare Commercial,221.22,Save $51.72 with United Healthcare United Healthcare Commercial plan.
hospital5,University Hospital,Specialty Center,6839 Main St,Philadelphia,PA,19146,39.9432,-75.1855,(555) 468-4831,info@hospital5.example.com,https://www.hospital5.example.com,"Amerihealth, Highmark, Humana, United Healthcare",1 CC STERILE SYRINGE&NEEDLE,A4206,INPATIENT,1241.29,Humana,Humana Medicare HMO,745.09,Save $496.2 with Humana Humana Medicare HMO plan.
hospital5,University Hospital,Specialty Center,6839 Main St,Philadelphia,PA,19146,39.9432,-75.1855,(555) 468-4831,info@hospital5.example.com,https://www.hospital5.example.com,"Amerihealth, Highmark, Humana, United Healthcare",1 CC STERILE SYRINGE&NEEDLE,A4206,OUTPATIENT,1241.29,Humana,Humana Medicare HMO,745.09,Save $496.2 with Humana Humana Medicare HMO plan.
hospital5,University Hospital,Specialty Center,6839 Main St,Philadelphia,PA,19146,39.9432,-75.1855,(555) 468-4831,info@hospital5.example.com,https://www.hospital5.example.com,"Amerihealth, Highmark, Humana, United Healthcare",1 CC STERILE SYRINGE&NEEDLE,A4206,INPATIENT,1241.29,Humana,Humana Commercial,989.84,Save $251.45 with Humana Humana Commercial plan.
hospital5,University Hospital,Specialty Center,6839 Main St,Philadelphia,PA,19146,39.9432,-75.1855,(555) 468-4831,info@hospital5.example.com,https://www.hospital5.example.com,"Amerihealth, Highmark, Humana, United Healthcare",1 CC STERILE SYRINGE&NEEDLE,A4206,OUTPATIENT,1241.29,Humana,Humana Commercial,989.84,Save $251.45 with Humana Humana Commercial plan.
hospital5,University Hospital,Specialty Center,6839 Main St,Philadelphia,PA,19146,39.9432,-75.1855,(555) 468-4831,info@hospital5.example.com,https://www.hospital5.example.com,"Amerihealth, Highmark, Humana, United Healthcare",1 CC STERILE SYRINGE&NEEDLE,A4206,INPATIENT,1241.29,Highmark,Highmark ACA Products PROF,757.86,Save $483.43 with Highmark Highmark ACA Products PROF plan.
hospital5,University Hospital,Specialty Center,6839 Main St,Philadelphia,PA,19146,39.9432,-75.1855,(555) 468-4831,info@hospital5.example.com,https://www.hospital5.example.com,"Amerihealth, Highmark, Humana, United Healthcare",1 CC STERILE SYRINGE&NEEDLE,A4206,OUTPATIENT,1241.29,Highmark,Highmark ACA Products PROF,757.86,Save $483.43 with Highmark Highmark ACA Products PROF plan.
hospital5,University Hospital,Specialty Center,6839 Main St,Philadelphia,PA,19146,39.9432,-75.1855,(555) 468-4831,info@hospital5.example.com,https://www.hospital5.example.com,"Amerihealth, Highmark, Humana, United Healthcare",1 CC STERILE SYRINGE&NEEDLE,A4206,INPATIENT,1241.29,Amerihealth,Amerihealth Medicare,1103.0,Save $138.29 with Amerihealth Amerihealth Medicare plan.
hospital5,University Hospital,Specialty Center,6839 Main St,Philadelphia,PA,19146,39.9432,-75.1855,(555) 468-4831,info@hospital5.example.com,https://www.hospital5.example.com,"Amerihealth, Highmark, Humana, United Healthcare",1 CC STERILE SYRINGE&NEEDLE,A4206,OUTPATIENT,1241.29,Amerihealth,Amerihealth Medicare,1103.0,Save $138.29 with Amerihealth Amerihealth Medicare plan.
hospital5,University Hospital,Specialty Center,6839 Main St,Philadelphia,PA,19146,39.9432,-75.1855,(555) 468-4831,info@hospital5.example.com,https://www.hospital5.example.com,"Amerihealth, Highmark, Humana, United Healthcare",1 CC STERILE SYRINGE&NEEDLE,A4206,INPATIENT,1241.29,Amerihealth,Amerihealth Commercial,1076.51,Save $164.78 with Amerihealth Amerihealth Commercial plan.
hospital5,University Hospital,Specialty Center,6839 Main St,Philadelphia,PA,19146,39.9432,-75.1855,(555) 468-4831,info@hospital5.example.com,https://www.hospital5.example.com,"Amerihealth, Highmark, Humana, United Healthcare",1 CC STERILE SYRINGE&NEEDLE,A4206,OUTPATIENT,1241.29,Amerihealth,Amerihealth Commercial,1076.51,Save $164.78 with Amerihealth Amerihealth Commercial plan.
hospital5,University Hospital,Specialty Center,6839 Main St,Philadelphia,PA,19146,39.9432,-75.1855,(555) 468-4831,info@hospital5.example.com,https://www.hospital5.example.com,"Amerihealth, Highmark, Humana, United Healthcare",1 CC STERILE SYRINGE&NEEDLE,A4206,INPATIENT,1241.29,Amerihealth,Amerihealth Medicaid HC,745.57,Save $495.72 with Amerihealth Amerihealth Medicaid HC plan.
hospital5,University Hospital,Specialty Center,6839 Main St,Philadelphia,PA,19146,39.9432,-75.1855,(555) 468-4831,info@hospital5.example.com,https://www.hospital5.example.com,"Amerihealth, Highmark, Humana, United Healthcare",1 CC STERILE SYRINGE&NEEDLE,A4206,OUTPATIENT,1241.29,Amerihealth,Amerihealth Medicaid HC,745.57,Save $495.72 with Amerihealth Amerihealth Medicaid HC plan.
hospital5,University Hospital,Specialty Center,6839 Main St,Philadelphia,PA,19146,39.9432,-75.1855,(555) 468-4831,info@hospital5.example.com,https://www.hospital5.example.com,"Amerihealth, Highmark, Humana, United Healthcare",1 CC STERILE SYRINGE&NEEDLE,A4206,INPATIENT,387.95,Humana,Humana Medicare PPO,204.94,Save $183.01 with Humana Humana Medicare PPO plan.
hospital5,University Hospital,Specialty Center,6839 Main St,Philadelphia,PA,19146,39.9432,-75.1855,(555) 468-4831,info@hospital5.example.com,https://www.hospital5.example.com,"Amerihealth, Highmark, Humana, United Healthcare",1 CC STERILE SYRINGE&NEEDLE,A4206,OUTPATIENT,387.95,Humana,Humana Medicare PPO,204.94,Save $183.01 with Humana Humana Medicare PPO plan.
hospital5,University Hospital,Specialty Center,6839 Main St,Philadelphia,PA,19146,39.9432,-75.1855,(555) 468-4831,info@hospital5.example.com,https://www.hospital5.example.com,"Amerihealth, Highmark, Humana, United Healthcare",1 CC STERILE SYRINGE&NEEDLE,A4206,INPATIENT,387.95,Humana,Humana Commercial,318.33,Save $69.62 with Humana Humana Commercial plan.
hospital5,University Hospital,Specialty Center,6839 Main St,Philadelphia,PA,19146,39.9432,-75.1855,(555) 468-4831,info@hospital5.example.com,https://www.hospital5.example.com,"Amerihealth, Highmark, Humana, United Healthcare",1 CC STERILE SYRINGE&NEEDLE,A4206,OUTPATIENT,387.95,Humana,Humana Commercial,318.33,Save $69.62 with Humana Humana Commercial plan.
hospital5,University Hospital,Specialty Center,6839 Main St,Philadelphia,PA,19146,39.9432,-75.1855,(555) 468-4831,info@hospital5.example.com,https://www.hospital5.example.com,"Amerihealth, Highmark, Humana, United Healthcare",1 CC STERILE SYRINGE&NEEDLE,A4206,INPATIENT,387.95,Humana,Humana Medicare HMO,238.79,Save $149.16 with Humana Humana Medicare HMO plan.
hospital5,University Hospital,Specialty Center,6839 Main St,Philadelphia,PA,19146,39.9432,-75.1855,(555) 468-4831,info@hospital5.example.com,https://www.hospital5.example.com,"Amerihealth, Highmark, Humana, United Healthcare",1 CC STERILE SYRINGE&NEEDLE,A4206,OUTPATIENT,387.95,Humana,Humana Medicare HMO,238.79,Save $149.16 with Humana Humana Medicare HMO plan.
hospital5,University Hospital,Specialty Center,6839 Main St,Philadelphia,PA,19146,39.9432,-75.1855,(555) 468-4831,info@hospital5.example.com,https://www.hospital5.example.com,"Amerihealth, Highmark, Humana, United Healthcare",1 CC STERILE SYRINGE&NEEDLE,A4206,INPATIENT,387.95,United Healthcare,United Healthcare Commercial,327.63,Save $60.32 with United Healthcare United Healthcare Commercial plan.
hospital5,University Hospital,Specialty Center,6839 Main St,Philadelphia,PA,19146,39.9432,-75.1855,(555) 468-4831,info@hospital5.example.com,https://www.hospital5.example.com,"Amerihealth, Highmark, Humana, United Healthcare",1 CC STERILE SYRINGE&NEEDLE,A4206,OUTPATIENT,387.95,United Healthcare,United Healthcare Commercial,327.63,Save $60.32 with United Healthcare United Healthcare Commercial plan.
hospital5,University Hospital,Specialty Center,6839 Main St,Philadelphia,PA,19146,39.9432,-75.1855,(555) 468-4831,info@hospital5.example.com,https://www.hospital5.example.com,"Amerihealth, Highmark, Humana, United Healthcare",1 CC STERILE SYRINGE&NEEDLE,A4206,INPATIENT,387.95,United Healthcare,United Healthcare CHIP,231.35,Save $156.6 with United Healthcare United Healthcare CHIP plan.
hospital5,University Hospital,Specialty Center,6839 Main St,Philadelphia,PA,19146,39.9432,-75.1855,(555) 468-4831,info@hospital5.example.com,https://www.hospital5.example.com,"Amerihealth, Highmark, Humana, United Healthcare",1 CC STERILE SYRINGE&NEEDLE,A4206,OUTPATIENT,387.95,United Healthcare,United Healthcare CHIP,231.35,Save $156.6 with United Healthcare United Healthcare CHIP plan.
hospital5,University Hospital,Specialty Center,6839 Main St,Philadelphia,PA,19146,39.9432,-75.1855,(555) 468-4831,info@hospital5.example.com,https://www.hospital5.example.com,"Amerihealth, Highmark, Humana, United Healthcare",1 CC STERILE SYRINGE&NEEDLE,A4206,INPATIENT,387.95,United Healthcare,United Healthcare Medicaid,220.42,Save $167.53 with United Healthcare United Healthcare Medicaid plan.
hospital5,University Hospital,Specialty Center,6839 Main St,Philadelphia,PA,19146,39.9432,-75.1855,(555) 468-4831,info@hospital5.example.com,https://www.hospital5.example.com,"Amerihealth, Highmark, Humana, United Healthcare",1 CC STERILE SYRINGE&NEEDLE,A4206,OUTPATIENT,387.95,United Healthcare,United Healthcare Medicaid,220.42,Save $167.53 with United Healthcare United Healthcare Medicaid plan.
hospital5,University Hospital,Specialty Center,6839 Main St,Philadelphia,PA,19146,39.9432,-75.1855,(555) 468-4831,info@hospital5.example.com,https://www.hospital5.example.com,"Amerihealth, Highmark, Humana, United Healthcare",1 CC STERILE SYRINGE&NEEDLE,A4206,INPATIENT,387.95,Highmark,Highmark ACA Products PROF,265.34,Save $122.61 with Highmark Highmark ACA Products PROF plan.
hospital5,University Hospital,Specialty Center,6839 Main St,Philadelphia,PA,19146,39.9432,-75.1855,(555) 468-4831,info@hospital5.example.com,https://www.hospital5.example.com,"Amerihealth, Highmark, Humana, United Healthcare",1 CC STERILE SYRINGE&NEEDLE,A4206,OUTPATIENT,387.95,Highmark,Highmark ACA Products PROF,265.34,Save $122.61 with Highmark Highmark ACA Products PROF plan.
hospital5,University Hospital,Specialty Center,6839 Main St,Philadelphia,PA,19146,39.9432,-75.1855,(555) 468-4831,info@hospital5.example.com,https://www.hospital5.example.com,"Amerihealth, Highmark, Humana, United Healthcare",1 CC STERILE SYRINGE&NEEDLE,A4206,INPATIENT,387.95,Highmark,Highmark Commercial PROF,338.93,Save $49.02 with Highmark Highmark Commercial PROF plan.
hospital5,University Hospital,Specialty Center,6839 Main St,Philadelphia,PA,19146,39.9432,-75.1855,(555) 468-4831,info@hospital5.example.com,https://www.hospital5.example.com,"Amerihealth, Highmark, Humana, United Healthcare",1 CC STERILE SYRINGE&NEEDLE,A4206,OUTPATIENT,387.95,Highmark,Highmark Commercial PROF,338.93,Save $49.02 with Highmark Highmark Commercial PROF plan.
hospital5,University Hospital,Specialty Center,6839 Main St,Philadelphia,PA,19146,39.9432,-75.1855,(555) 468-4831,info@hospital5.example.com,https://www.hospital5.example.com,"Amerihealth, Highmark, Humana, United Healthcare",1 CC STERILE SYRINGE&NEEDLE,A4206,INPATIENT,387.95,Highmark,Highmark Medicare,244.43,Save $143.52 with Highmark Highmark Medicare plan.
hospital5,University Hospital,Specialty Center,6839 Main St,Philadelphia,PA,19146,39.9432,-75.1855,(555) 468-4831,info@hospital5.example.com,https://www.hospital5.example.com,"Amerihealth, Highmark, Humana, United Healthcare",1 CC STERILE SYRINGE&NEEDLE,A4206,OUTPATIENT,387.95,Highmark,Highmark Medicare,244.43,Save $143.52 with Highmark Highmark Medicare plan.
hospital5,University Hospital,Specialty Center,6839 Main St,Philadelphia,PA,19146,39.9432,-75.1855,(555) 468-4831,info@hospital5.example.com,https://www.hospital5.example.com,"Amerihealth, Highmark, Humana, United Healthcare",2D ECHO,93306,OUTPATIENT,377.25,,,,"Only standard charge, no insurance pricing available."
hospital5,University Hospital,Specialty Center,6839 Main St,Philadelphia,PA,19146,39.9432,-75.1855,(555) 468-4831,info@hospital5.example.com,https://www.hospital5.example.com,"Amerihealth, Highmark, Humana, United Healthcare",BASIC METABOLIC PANEL,80048,INPATIENT,422.67,Amerihealth,Amerihealth Medicaid HC,278.52,Save $144.15 with Amerihealth Amerihealth Medicaid HC plan.
hospital5,University Hospital,Specialty Center,6839 Main St,Philadelphia,PA,19146,39.9432,-75.1855,(555) 468-4831,info@hospital5.example.com,https://www.hospital5.example.com,"Amerihealth, Highmark, Humana, United Healthcare",BASIC METABOLIC PANEL,80048,OUTPATIENT,422.67,Amerihealth,Amerihealth Medicaid HC,278.52,Save $144.15 with Amerihealth Amerihealth Medicaid HC plan.
hospital5,University Hospital,Specialty Center,6839 Main St,Philadelphia,PA,19146,39.9432,-75.1855,(555) 468-4831,info@hospital5.example.com,https://www.hospital5.example.com,"Amerihealth, Highmark, Humana, United Healthcare",BASIC METABOLIC PANEL,80048,INPATIENT,422.67,Amerihealth,Amerihealth Commercial,364.32,Save $58.35 with Amerihealth Amerihealth Commercial plan.
hospital5,University Hospital,Specialty Center,6839 Main St,Philadelphia,PA,19146,39.9432,-75.1855,(555) 468-4831,info@hospital5.example.com,https://www.hospital5.example.com,"Amerihealth, Highmark, Humana, United Healthcare",BASIC METABOLIC PANEL,80048,OUTPATIENT,422.67,Amerihealth,Amerihealth Commercial,364.32,Save $58.35 with Amerihealth Amerihealth Commercial plan.
hospital5,University Hospital,Specialty Center,6839 Main St,Philadelphia,PA,19146,39.9432,-75.1855,(555) 468-4831,info@hospital5.example.com,https://www.hospital5.example.com,"Amerihealth, Highmark, Humana, United Healthcare",BASIC METABOLIC PANEL,80048,INPATIENT,422.67,Amerihealth,Amerihealth Medicare,236.02,Save $186.65 with Amerihealth Amerihealth Medicare plan.
hospital5,University Hospital,Specialty Center,6839 Main St,Philadelphia,PA,19146,39.9432,-75.1855,(555) 468-4831,info@hospital5.example.com,https://www.hospital5.example.com,"Amerihealth, Highmark, Humana, United Healthcare",BASIC METABOLIC PANEL,80048,OUTPATIENT,422.67,Amerihealth,Amerihealth Medicare,236.02,Save $186.65 with Amerihealth Amerihealth Medicare plan.
hospital5,University Hospital,Specialty Center,6839 Main St,Philadelphia,PA,19146,39.9432,-75.1855,(555) 468-4831,info@hospital5.example.com,https://www.hospital5.example.com,"Amerihealth, Highmark, Humana, United Healthcare",BASIC METABOLIC PANEL,80048,INPATIENT,422.67,Aetna,Aetna Medicaid CHIP,376.7,Save $45.97 with Aetna Aetna Medicaid CHIP plan.
hospital5,University Hospital,Specialty Center,6839 Main St,Philadelphia,PA,19146,39.9432,-75.1855,(555) 468-4831,info@hospital5.example.com,https://www.hospital5.example.com,"Amerihealth, Highmark, Humana, United Healthcare",BASIC METABOLIC PANEL,80048,OUTPATIENT,422.67,Aetna,Aetna Medicaid CHIP,376.7,Save $45.97 with Aetna Aetna Medicaid CHIP plan.
hospital5,University Hospital,Specialty Center,6839 Main St,Philadelphia,PA,19146,39.9432,-75.1855,(555) 468-4831,info@hospital5.example.com,https://www.hospital5.example.com,"Amerihealth, Highmark, Humana, United Healthcare",BASIC METABOLIC PANEL,80048,INPATIENT,422.67,Aetna,Aetna Medicare,215.88,Save $206.79 with Aetna Aetna Medicare plan.
hospital5,University Hospital,Specialty Center,6839 Main St,Philadelphia,PA,19146,39.9432,-75.1855,(555) 468-4831,info@hospital5.example.com,https://www.hospital5.example.com,"Amerihealth, Highmark, Humana, United Healthcare",BASIC METABOLIC PANEL,80048,OUTPATIENT,422.67,Aetna,Aetna Medicare,215.88,Save $206.79 with Aetna Aetna Medicare plan.
hospital5,University Hospital,Specialty Center,6839 Main St,Philadelphia,PA,19146,39.9432,-75.1855,(555) 468-4831,info@hospital5.example.com,https://www.hospital5.example.com,"Amerihealth, Highmark, Humana, United Healthcare",BASIC METABOLIC PANEL,80048,INPATIENT,422.67,Aetna,Aetna Commercial,244.99,Save $177.68 with Aetna Aetna Commercial plan.
hospital5,University Hospital,Specialty Center,6839 Main St,Philadelphia,PA,19146,39.9432,-75.1855,(555) 468-4831,info@hospital5.example.com,https://www.hospital5.example.com,"Amerihealth, Highmark, Humana, United Healthcare",BASIC METABOLIC PANEL,80048,OUTPATIENT,422.67,Aetna,Aetna Commercial,244.99,Save $177.68 with Aetna Aetna Commercial plan.
hospital5,University Hospital,Specialty Center,6839 Main St,Philadelphia,PA,19146,39.9432,-75.1855,(555) 468-4831,info@hospital5.example.com,https://www.hospital5.example.com,"Amerihealth, Highmark, Humana, United Healthcare",BASIC METABOLIC PANEL,80048,INPATIENT,422.67,United Healthcare,United Healthcare Medicaid,264.55,Save $158.12 with United Healthcare United Healthcare Medicaid plan.
hospital5,University Hospital,Specialty Center,6839 Main St,Philadelphia,PA,19146,39.9432,-75.1855,(555) 468-4831,info@hospital5.example.com,https://www.hospital5.example.com,"Amerihealth, Highmark, Humana, United Healthcare",BASIC METABOLIC PANEL,80048,OUTPATIENT,422.67,United Healthcare,United Healthcare Medicaid,264.55,Save $158.12 with United Healthcare United Healthcare Medicaid plan.
